# Blender v3.6.23 OBJ File: 'untitled.blend'
# www.blender.org
mtllib mount.blend1.mtl
o Plane
v -16.548750 -0.206906 9.209969
v 8.962208 -0.206906 9.209969
v 8.962208 -0.206908 -16.300989
v -16.548750 -0.206908 -16.300989
vt 0.004644 0.010970
vt 0.004644 0.010970
vt 0.004644 0.010970
vt 0.004644 0.010970
vn 0.0000 1.0000 -0.0000
usemtl Material.001
s off
f 1/1/1 2/2/1 3/3/1 4/4/1
o Landscape
v -3.230412 0.000213 4.191674
v -3.121010 0.007181 4.191988
v -3.120961 0.004194 4.049765
v -3.230409 0.000042 4.049577
v -3.120906 0.001234 3.907522
v -3.230408 0.000000 3.907485
v -3.120899 0.001005 3.765417
v -3.230408 0.000000 3.765394
v -3.120902 0.000299 3.623310
v -3.230408 0.000000 3.623304
v -3.120903 0.000000 3.481214
v -3.230408 0.000000 3.481214
v -3.120903 0.000000 3.339123
v -3.230408 0.000000 3.339123
v -3.120903 0.000000 3.197033
v -3.230408 0.000000 3.197033
v -3.120903 0.000000 3.054942
v -3.230408 0.000000 3.054942
v -3.120903 0.000000 2.912852
v -3.230408 0.000000 2.912852
v -3.120903 0.000000 2.770762
v -3.230408 0.000000 2.770762
v -3.120903 0.000000 2.628671
v -3.230408 0.000000 2.628671
v -3.120903 0.000014 2.486581
v -3.230408 0.000000 2.486581
v -3.120903 0.000438 2.344491
v -3.230408 0.000000 2.344491
v -3.120903 0.001038 2.202400
v -3.230408 0.000000 2.202400
v -3.120903 0.001526 2.060310
v -3.230408 0.000000 2.060310
v -3.120903 0.001996 1.918220
v -3.230408 0.000000 1.918220
v -3.120903 0.002511 1.776129
v -3.230408 0.000000 1.776129
v -3.120903 0.003191 1.634039
v -3.230408 0.000000 1.634039
v -3.120903 0.004153 1.491949
v -3.230408 0.000000 1.491949
v -3.120903 0.005372 1.349858
v -3.230408 0.000000 1.349858
v -3.120903 0.006213 1.207768
v -3.230408 0.000000 1.207768
v -3.120903 0.006885 1.065678
v -3.230408 0.000000 1.065678
v -3.120903 0.008022 0.923587
v -3.230408 0.000000 0.923587
v -3.120903 0.009576 0.781497
v -3.230408 0.000000 0.781497
v -3.120903 0.010371 0.639407
v -3.230408 0.000000 0.639407
v -3.120903 0.010428 0.497316
v -3.230408 0.000000 0.497316
v -3.120903 0.010865 0.355226
v -3.230408 0.000000 0.355226
v -3.120903 0.011415 0.213136
v -3.230408 0.000000 0.213136
v -3.120903 0.010611 0.071045
v -3.230408 0.000000 0.071045
v -3.120903 0.009599 -0.071045
v -3.230408 -0.000000 -0.071045
v -3.120903 0.009437 -0.213136
v -3.230408 -0.000000 -0.213136
v -3.120903 0.009713 -0.355226
v -3.230408 -0.000000 -0.355226
v -3.120903 0.010868 -0.497316
v -3.230408 -0.000000 -0.497316
v -3.120903 0.011365 -0.639407
v -3.230408 -0.000000 -0.639407
v -3.120903 0.011305 -0.781497
v -3.230408 -0.000000 -0.781497
v -3.120903 0.011958 -0.923587
v -3.230408 -0.000000 -0.923587
v -3.120903 0.013381 -1.065678
v -3.230408 -0.000000 -1.065678
v -3.120903 0.013534 -1.207768
v -3.230408 -0.000000 -1.207768
v -3.120903 0.013034 -1.349858
v -3.230408 -0.000000 -1.349858
v -3.120903 0.012931 -1.491949
v -3.230408 -0.000000 -1.491949
v -3.120903 0.012845 -1.634039
v -3.230408 -0.000000 -1.634039
v -3.120903 0.011239 -1.776129
v -3.230408 -0.000000 -1.776129
v -3.120903 0.008358 -1.918220
v -3.230408 -0.000000 -1.918220
v -3.120903 0.005459 -2.060310
v -3.230408 -0.000000 -2.060310
v -3.120903 0.002856 -2.202400
v -3.230408 -0.000000 -2.202400
v -3.120903 0.000984 -2.344491
v -3.230408 -0.000000 -2.344491
v -3.120903 0.000028 -2.486581
v -3.230408 -0.000000 -2.486581
v -3.120903 -0.000000 -2.628671
v -3.230408 -0.000000 -2.628671
v -3.120903 -0.000000 -2.770762
v -3.230408 -0.000000 -2.770762
v -3.120903 -0.000000 -2.912852
v -3.230408 -0.000000 -2.912852
v -3.120903 -0.000000 -3.054942
v -3.230408 -0.000000 -3.054942
v -3.120903 -0.000000 -3.197033
v -3.230408 -0.000000 -3.197033
v -3.120903 -0.000000 -3.339123
v -3.230408 -0.000000 -3.339123
v -3.120903 -0.000000 -3.481214
v -3.230408 -0.000000 -3.481214
v -3.120903 -0.000000 -3.623304
v -3.230408 -0.000000 -3.623304
v -3.120903 -0.000000 -3.765394
v -3.230408 -0.000000 -3.765394
v -3.120903 -0.000000 -3.907485
v -3.230408 -0.000000 -3.907485
v -3.120903 -0.000000 -4.049575
v -3.230408 -0.000000 -4.049575
v -3.120903 -0.000000 -4.191665
v -3.230408 -0.000000 -4.191665
v -3.011720 0.028680 4.193074
v -3.011623 0.027348 4.050867
v -3.011408 0.016047 3.908038
v -3.011357 0.012749 3.765696
v -3.011377 0.007232 3.623481
v -3.011394 0.001207 3.481244
v -3.011397 0.000000 3.339123
v -3.011397 0.000000 3.197033
v -3.011397 0.000000 3.054942
v -3.011397 0.000088 2.912852
v -3.011397 0.001960 2.770762
v -3.011397 0.004938 2.628671
v -3.011397 0.007701 2.486581
v -3.011397 0.009723 2.344491
v -3.011397 0.010184 2.202400
v -3.011397 0.009756 2.060310
v -3.011397 0.009573 1.918220
v -3.011397 0.010341 1.776129
v -3.011397 0.012621 1.634039
v -3.011397 0.016390 1.491949
v -3.011397 0.020460 1.349858
v -3.011397 0.022437 1.207768
v -3.011397 0.023755 1.065678
v -3.011397 0.026480 0.923587
v -3.011397 0.031222 0.781497
v -3.011397 0.035412 0.639407
v -3.011397 0.037050 0.497316
v -3.011397 0.039427 0.355226
v -3.011397 0.041823 0.213136
v -3.011397 0.039658 0.071045
v -3.011397 0.037189 -0.071045
v -3.011397 0.037948 -0.213136
v -3.011397 0.041082 -0.355226
v -3.011397 0.045809 -0.497316
v -3.011397 0.046056 -0.639407
v -3.011397 0.046766 -0.781497
v -3.011397 0.051624 -0.923587
v -3.011397 0.056066 -1.065678
v -3.011397 0.056092 -1.207768
v -3.011397 0.055491 -1.349858
v -3.011397 0.057047 -1.491949
v -3.011397 0.059405 -1.634039
v -3.011397 0.057294 -1.776129
v -3.011397 0.049933 -1.918220
v -3.011397 0.041265 -2.060310
v -3.011397 0.032450 -2.202400
v -3.011397 0.024517 -2.344491
v -3.011397 0.017669 -2.486581
v -3.011397 0.010530 -2.628671
v -3.011397 0.003878 -2.770762
v -3.011397 0.000178 -2.912852
v -3.011397 -0.000000 -3.054942
v -3.011397 -0.000000 -3.197033
v -3.011397 -0.000000 -3.339123
v -3.011397 -0.000000 -3.481214
v -3.011397 -0.000000 -3.623304
v -3.011397 -0.000000 -3.765394
v -3.011397 -0.000000 -3.907485
v -3.011397 -0.000000 -4.049575
v -3.011397 -0.000000 -4.191665
v -2.902062 0.044254 4.194084
v -2.901843 0.055932 4.052427
v -2.901611 0.047685 3.909458
v -2.901640 0.036895 3.766474
v -2.901725 0.031511 3.624207
v -2.901829 0.010583 3.481546
v -2.901881 0.000522 3.339135
v -2.901891 0.000042 3.197030
v -2.901892 0.002841 3.054942
v -2.901892 0.008709 2.912852
v -2.901892 0.016146 2.770762
v -2.901892 0.021714 2.628671
v -2.901892 0.026438 2.486581
v -2.901892 0.027048 2.344491
v -2.901892 0.025296 2.202400
v -2.901892 0.023274 2.060310
v -2.901892 0.020926 1.918220
v -2.901892 0.021647 1.776129
v -2.901892 0.026286 1.634039
v -2.901892 0.034435 1.491949
v -2.901892 0.040209 1.349858
v -2.901892 0.042870 1.207768
v -2.901892 0.045926 1.065678
v -2.901892 0.050443 0.923587
v -2.901892 0.057495 0.781497
v -2.901892 0.067903 0.639407
v -2.901892 0.075578 0.497316
v -2.901892 0.084254 0.355226
v -2.901892 0.089579 0.213136
v -2.901892 0.091397 0.071045
v -2.901892 0.088760 -0.071045
v -2.901892 0.092927 -0.213136
v -2.901892 0.097065 -0.355226
v -2.901892 0.104182 -0.497316
v -2.901892 0.104249 -0.639407
v -2.901892 0.107250 -0.781497
v -2.901892 0.116981 -0.923587
v -2.901892 0.127424 -1.065678
v -2.901892 0.129590 -1.207768
v -2.901892 0.130599 -1.349858
v -2.901892 0.137170 -1.491949
v -2.901892 0.142850 -1.634039
v -2.901892 0.140744 -1.776129
v -2.901892 0.129452 -1.918220
v -2.901892 0.109742 -2.060310
v -2.901892 0.091502 -2.202400
v -2.901892 0.077652 -2.344491
v -2.901892 0.065209 -2.486581
v -2.901892 0.050764 -2.628671
v -2.901892 0.034153 -2.770762
v -2.901892 0.017813 -2.912852
v -2.901892 0.005805 -3.054942
v -2.901892 0.000130 -3.197033
v -2.901892 -0.000000 -3.339123
v -2.901892 -0.000000 -3.481214
v -2.901892 -0.000000 -3.623304
v -2.901892 -0.000000 -3.765394
v -2.901892 -0.000000 -3.907485
v -2.901892 -0.000000 -4.049575
v -2.901892 -0.000000 -4.191665
v -2.792088 0.045079 4.194558
v -2.791458 0.061593 4.053222
v -2.790934 0.065677 3.910929
v -2.790915 0.054802 3.767704
v -2.790712 0.053983 3.625573
v -2.791301 0.032909 3.482675
v -2.791983 0.003485 3.339113
v -2.792199 0.003482 3.196709
v -2.792297 0.014491 3.054797
v -2.792366 0.027643 2.912822
v -2.792386 0.040477 2.770761
v -2.792387 0.046689 2.628671
v -2.792387 0.049919 2.486581
v -2.792387 0.047728 2.344491
v -2.792387 0.042590 2.202400
v -2.792387 0.039375 2.060310
v -2.792387 0.037255 1.918220
v -2.792387 0.039131 1.776129
v -2.792387 0.046795 1.634039
v -2.792387 0.061000 1.491949
v -2.792387 0.071569 1.349858
v -2.792387 0.073133 1.207768
v -2.792387 0.075396 1.065678
v -2.792387 0.080516 0.923587
v -2.792387 0.092877 0.781497
v -2.792387 0.112747 0.639407
v -2.792387 0.131556 0.497316
v -2.792387 0.151012 0.355226
v -2.792387 0.166846 0.213136
v -2.792387 0.175646 0.071045
v -2.792387 0.181920 -0.071045
v -2.792387 0.199537 -0.213136
v -2.792387 0.203965 -0.355226
v -2.792387 0.212697 -0.497316
v -2.792387 0.199808 -0.639407
v -2.792387 0.195957 -0.781497
v -2.792387 0.208531 -0.923587
v -2.792387 0.223999 -1.065678
v -2.792387 0.231378 -1.207768
v -2.792387 0.235646 -1.349858
v -2.792387 0.247711 -1.491949
v -2.792387 0.267522 -1.634039
v -2.792387 0.265634 -1.776129
v -2.792387 0.241351 -1.918220
v -2.792387 0.209116 -2.060310
v -2.792387 0.176543 -2.202400
v -2.792387 0.152281 -2.344491
v -2.792387 0.133913 -2.486581
v -2.792387 0.114938 -2.628671
v -2.792387 0.088685 -2.770762
v -2.792387 0.058456 -2.912852
v -2.792387 0.032589 -3.054942
v -2.792387 0.012535 -3.197033
v -2.792387 0.001594 -3.339123
v -2.792387 -0.000000 -3.481214
v -2.792387 -0.000000 -3.623304
v -2.792387 -0.000000 -3.765394
v -2.792387 -0.000000 -3.907485
v -2.792387 -0.000000 -4.049575
v -2.792387 -0.000000 -4.191665
v -2.681945 0.025964 4.193998
v -2.680864 0.048738 4.053267
v -2.679380 0.075771 3.912042
v -2.676716 0.087814 3.770625
v -2.668177 -0.006142 3.630604
v -2.669208 -0.019749 3.489000
v -2.672134 -0.030502 3.346121
v -2.674759 -0.018535 3.198921
v -2.681809 0.022790 3.053691
v -2.682513 0.047287 2.912306
v -2.682782 0.065945 2.770621
v -2.682876 0.072303 2.628664
v -2.682881 0.073984 2.486581
v -2.682881 0.071115 2.344491
v -2.682881 0.066632 2.202400
v -2.682881 0.064948 2.060310
v -2.682881 0.064612 1.918220
v -2.682881 0.068630 1.776129
v -2.682881 0.078782 1.634039
v -2.682881 0.093415 1.491949
v -2.682881 0.110504 1.349858
v -2.682881 0.111296 1.207768
v -2.682881 0.111501 1.065678
v -2.682881 0.121382 0.923587
v -2.682881 0.146158 0.781497
v -2.682882 0.181517 0.639405
v -2.682901 0.214840 0.497229
v -2.682934 0.242607 0.354999
v -2.682966 0.273700 0.212773
v -2.682984 0.303342 0.070603
v -2.682983 0.327242 -0.071483
v -2.682966 0.359732 -0.213500
v -2.682935 0.363976 -0.355448
v -2.682919 0.375143 -0.497416
v -2.682898 0.347799 -0.639427
v -2.682888 0.322609 -0.781505
v -2.682884 0.331404 -0.923590
v -2.682881 0.354322 -1.065678
v -2.682881 0.374451 -1.207768
v -2.682881 0.373421 -1.349858
v -2.682881 0.379699 -1.491949
v -2.682881 0.392494 -1.634039
v -2.682881 0.380533 -1.776129
v -2.682881 0.361803 -1.918220
v -2.682881 0.328984 -2.060310
v -2.682881 0.283745 -2.202400
v -2.682881 0.240369 -2.344491
v -2.682881 0.207721 -2.486581
v -2.682881 0.184439 -2.628671
v -2.682881 0.150203 -2.770762
v -2.682881 0.108863 -2.912852
v -2.682881 0.070617 -3.054942
v -2.682881 0.038020 -3.197033
v -2.682881 0.014300 -3.339123
v -2.682881 0.002045 -3.481214
v -2.682881 -0.000000 -3.623304
v -2.682881 -0.000000 -3.765394
v -2.682881 -0.000000 -3.907485
v -2.682881 -0.000000 -4.049575
v -2.682881 -0.000000 -4.191665
v -2.572217 -0.003137 4.192593
v -2.570295 0.026541 4.052691
v -2.566789 0.058396 3.911754
v -2.561042 0.110030 3.772597
v -2.553437 0.030487 3.632203
v -2.554825 -0.001806 3.490088
v -2.556911 -0.022032 3.346892
v -2.555429 -0.029994 3.199498
v -2.557451 -0.011445 3.050739
v -2.561625 0.033158 2.905935
v -2.572682 0.094911 2.769828
v -2.573243 0.106858 2.628483
v -2.573372 0.107853 2.486576
v -2.573378 0.103331 2.344489
v -2.573389 0.098868 2.202384
v -2.573407 0.101559 2.060272
v -2.573425 0.107574 1.918160
v -2.573437 0.111602 1.776054
v -2.573444 0.123012 1.633955
v -2.573446 0.143661 1.491863
v -2.573435 0.158055 1.349785
v -2.573415 0.162244 1.207720
v -2.573392 0.157298 1.065658
v -2.573382 0.174062 0.923569
v -2.573435 0.221740 0.781245
v -2.573543 0.280941 0.638686
v -2.573680 0.325709 0.495998
v -2.573804 0.361009 0.353360
v -2.573904 0.415677 0.210832
v -2.573995 0.460047 0.068509
v -2.574095 0.474694 -0.073600
v -2.574245 0.506422 -0.215633
v -2.574348 0.523450 -0.357501
v -2.574369 0.527654 -0.499258
v -2.574231 0.501361 -0.640838
v -2.574027 0.471884 -0.782401
v -2.573906 0.479125 -0.924212
v -2.573822 0.507637 -1.066199
v -2.573709 0.536149 -1.208157
v -2.573543 0.527531 -1.350053
v -2.573416 0.516125 -1.491996
v -2.573376 0.509632 -1.634039
v -2.573376 0.495543 -1.776129
v -2.573376 0.488250 -1.918220
v -2.573376 0.455491 -2.060310
v -2.573376 0.395544 -2.202400
v -2.573376 0.337418 -2.344491
v -2.573376 0.288481 -2.486581
v -2.573376 0.253153 -2.628671
v -2.573376 0.213456 -2.770762
v -2.573376 0.161921 -2.912852
v -2.573376 0.109997 -3.054942
v -2.573376 0.065403 -3.197033
v -2.573376 0.032653 -3.339123
v -2.573376 0.011881 -3.481214
v -2.573376 0.001191 -3.623304
v -2.573376 -0.000000 -3.765394
v -2.573376 -0.000000 -3.907485
v -2.573376 -0.000000 -4.049575
v -2.573376 -0.000000 -4.191665
v -2.462997 -0.020246 4.191453
v -2.460100 -0.023927 4.050170
v -2.459445 -0.047177 3.900530
v -2.454444 -0.004043 3.755565
v -2.439499 0.076435 3.629107
v -2.447551 0.053002 3.483362
v -2.449900 0.040801 3.341764
v -2.444072 0.003546 3.193506
v -2.443185 0.022196 3.047496
v -2.439326 0.042237 2.899877
v -2.442620 0.081038 2.758451
v -2.460040 0.149866 2.626150
v -2.463858 0.158417 2.486310
v -2.464017 0.151117 2.344310
v -2.464082 0.150200 2.202140
v -2.464148 0.159996 2.059970
v -2.464206 0.175705 1.917808
v -2.464238 0.181011 1.775678
v -2.464257 0.195556 1.633565
v -2.464268 0.227584 1.491461
v -2.464239 0.239361 1.349406
v -2.464181 0.238712 1.207388
v -2.464139 0.217003 1.065219
v -2.464211 0.232528 0.922610
v -2.464428 0.297726 0.779411
v -2.464709 0.382561 0.635928
v -2.464941 0.428203 0.492647
v -2.465178 0.467302 0.349557
v -2.465629 0.533993 0.206445
v -2.466239 0.594124 0.063501
v -2.466689 0.600255 -0.078908
v -2.467138 0.634027 -0.221030
v -2.467286 0.630390 -0.362582
v -2.467211 0.617594 -0.503745
v -2.467008 0.613423 -0.644757
v -2.466719 0.617383 -0.785820
v -2.466484 0.658984 -0.927115
v -2.466111 0.693654 -1.068430
v -2.465721 0.737634 -1.209984
v -2.465107 0.717626 -1.351325
v -2.464547 0.685117 -1.492741
v -2.464160 0.645410 -1.634377
v -2.463927 0.613450 -1.776195
v -2.463871 0.592935 -1.918220
v -2.463871 0.554975 -2.060310
v -2.463871 0.491228 -2.202400
v -2.463871 0.429690 -2.344491
v -2.463871 0.368926 -2.486581
v -2.463871 0.315559 -2.628671
v -2.463871 0.271203 -2.770762
v -2.463871 0.212571 -2.912852
v -2.463871 0.151367 -3.054942
v -2.463871 0.094975 -3.197033
v -2.463871 0.053075 -3.339123
v -2.463871 0.025075 -3.481214
v -2.463871 0.007244 -3.623304
v -2.463871 0.000069 -3.765394
v -2.463871 -0.000000 -3.907485
v -2.463871 -0.000000 -4.049575
v -2.463871 -0.000000 -4.191665
v -2.353848 -0.019647 4.191097
v -2.350479 -0.081789 4.046443
v -2.344558 -0.105552 3.893043
v -2.341861 -0.074839 3.739737
v -2.334655 -0.038703 3.603590
v -2.332134 -0.022441 3.467419
v -2.329792 -0.033689 3.329532
v -2.332237 0.026699 3.186463
v -2.344249 0.128064 3.053181
v -2.327449 0.111163 2.899404
v -2.322353 0.124194 2.753365
v -2.322768 0.151306 2.612799
v -2.338318 0.197583 2.476970
v -2.354902 0.227703 2.343687
v -2.355101 0.229279 2.201497
v -2.355263 0.251063 2.059207
v -2.355403 0.278209 1.916945
v -2.355464 0.285276 1.774780
v -2.355498 0.305355 1.632648
v -2.355514 0.346181 1.490538
v -2.355422 0.344810 1.348530
v -2.355385 0.327929 1.206103
v -2.355438 0.289610 1.063131
v -2.355672 0.295943 0.919535
v -2.356048 0.348984 0.775426
v -2.356458 0.433327 0.631178
v -2.356901 0.493646 0.487189
v -2.357601 0.525999 0.343280
v -2.358582 0.581731 0.199415
v -2.359670 0.645595 0.055926
v -2.360498 0.668312 -0.086802
v -2.361184 0.705893 -0.228918
v -2.361418 0.704533 -0.370230
v -2.361409 0.711974 -0.510998
v -2.361237 0.740922 -0.651431
v -2.360863 0.779198 -0.791678
v -2.360410 0.847144 -0.932072
v -2.359667 0.880451 -1.072565
v -2.358861 0.934614 -1.213266
v -2.357773 0.895017 -1.353975
v -2.356571 0.810273 -1.494593
v -2.355581 0.751359 -1.635478
v -2.354891 0.698748 -1.776743
v -2.354515 0.665467 -1.918395
v -2.354365 0.628891 -2.060310
v -2.354365 0.573191 -2.202400
v -2.354365 0.499672 -2.344491
v -2.354365 0.425327 -2.486581
v -2.354365 0.362242 -2.628671
v -2.354365 0.309545 -2.770762
v -2.354365 0.245608 -2.912852
v -2.354365 0.183392 -3.054942
v -2.354365 0.122433 -3.197033
v -2.354365 0.073702 -3.339123
v -2.354365 0.039765 -3.481214
v -2.354365 0.015426 -3.623304
v -2.354365 0.002451 -3.765394
v -2.354365 -0.000000 -3.907485
v -2.354365 -0.000000 -4.049575
v -2.354365 -0.000000 -4.191665
v -2.244714 -0.009459 4.191225
v -2.238149 -0.065064 4.041873
v -2.228253 -0.087634 3.889026
v -2.222915 -0.053962 3.733749
v -2.226571 -0.069128 3.588997
v -2.228030 -0.064101 3.449530
v -2.229114 -0.012221 3.314021
v -2.214271 0.066826 3.180359
v -2.206503 0.117711 3.028139
v -2.220057 0.211845 2.901311
v -2.214364 0.213145 2.752048
v -2.200335 0.217925 2.604174
v -2.204858 0.235465 2.459728
v -2.220767 0.278550 2.323192
v -2.246766 0.353192 2.199993
v -2.247136 0.387429 2.057523
v -2.247445 0.428940 1.915057
v -2.247536 0.431938 1.772856
v -2.247577 0.450302 1.630716
v -2.247616 0.493782 1.488516
v -2.247571 0.479730 1.345786
v -2.247566 0.435258 1.202385
v -2.247616 0.377341 1.058592
v -2.247883 0.366415 0.914227
v -2.248306 0.404164 0.769437
v -2.248991 0.484311 0.624337
v -2.250095 0.540581 0.479170
v -2.251372 0.574022 0.334306
v -2.252793 0.622342 0.189822
v -2.254230 0.686269 0.045992
v -2.255217 0.700016 -0.096808
v -2.256036 0.729643 -0.238819
v -2.256562 0.773119 -0.379955
v -2.256676 0.814796 -0.520254
v -2.256389 0.854892 -0.659899
v -2.255762 0.899575 -0.799125
v -2.254915 0.978110 -0.938204
v -2.253715 0.989159 -1.077611
v -2.252391 0.997918 -1.217348
v -2.250880 0.960245 -1.357223
v -2.249222 0.871339 -1.497231
v -2.247676 0.800320 -1.637424
v -2.246393 0.744107 -1.777950
v -2.245538 0.717813 -1.919014
v -2.245060 0.688203 -2.060543
v -2.244860 0.634532 -2.202400
v -2.244860 0.548136 -2.344491
v -2.244860 0.469243 -2.486581
v -2.244860 0.395143 -2.628671
v -2.244860 0.328134 -2.770762
v -2.244860 0.267701 -2.912852
v -2.244860 0.212120 -3.054942
v -2.244860 0.153584 -3.197033
v -2.244860 0.100343 -3.339123
v -2.244860 0.058808 -3.481214
v -2.244860 0.027146 -3.623304
v -2.244860 0.007451 -3.765394
v -2.244860 0.000069 -3.907485
v -2.244860 -0.000000 -4.049575
v -2.244860 -0.000000 -4.191665
v -2.131140 -0.004517 4.190550
v -2.129137 -0.026457 4.037656
v -2.125556 -0.043059 3.880824
v -2.116975 -0.030186 3.723529
v -2.120801 -0.046739 3.576346
v -2.123846 -0.058053 3.432263
v -2.132100 -0.035935 3.282948
v -2.139318 0.063345 3.145652
v -2.124094 0.187335 3.018219
v -2.093490 0.218392 2.882340
v -2.104983 0.263809 2.735903
v -2.074300 0.312972 2.594244
v -2.080349 0.305609 2.442400
v -2.093548 0.337817 2.296603
v -2.117053 0.428564 2.166656
v -2.140234 0.587597 2.053972
v -2.140735 0.628876 1.911665
v -2.140863 0.635063 1.769422
v -2.140840 0.641428 1.627320
v -2.140990 0.673574 1.484264
v -2.141157 0.678834 1.340311
v -2.141047 0.579395 1.196033
v -2.141020 0.502448 1.051411
v -2.141139 0.463967 0.906509
v -2.141700 0.480865 0.761000
v -2.143082 0.550641 0.614639
v -2.144788 0.612016 0.468447
v -2.146518 0.648417 0.322858
v -2.148307 0.693303 0.177933
v -2.149812 0.719906 0.034016
v -2.150903 0.727201 -0.108801
v -2.151611 0.730623 -0.250536
v -2.152097 0.759286 -0.391295
v -2.152317 0.827737 -0.531024
v -2.151941 0.883833 -0.669819
v -2.151083 0.938589 -0.807980
v -2.149829 0.997078 -0.945831
v -2.148254 1.033517 -1.083880
v -2.146440 1.009842 -1.222478
v -2.144501 0.977312 -1.361434
v -2.142366 0.899332 -1.500525
v -2.140309 0.825606 -1.640043
v -2.138547 0.788160 -1.779970
v -2.137166 0.784561 -1.920375
v -2.136137 0.765592 -2.061226
v -2.135547 0.700356 -2.202624
v -2.135355 0.597846 -2.344491
v -2.135355 0.495653 -2.486581
v -2.135355 0.419763 -2.628671
v -2.135355 0.356905 -2.770762
v -2.135355 0.308072 -2.912852
v -2.135355 0.258815 -3.054942
v -2.135355 0.200971 -3.197033
v -2.135355 0.140631 -3.339123
v -2.135355 0.086889 -3.481214
v -2.135355 0.045596 -3.623304
v -2.135355 0.016522 -3.765394
v -2.135355 0.001666 -3.907485
v -2.135355 -0.000000 -4.049575
v -2.135355 -0.000000 -4.191665
v -2.025702 0.026444 4.187562
v -2.029600 0.031953 4.033369
v -2.033386 0.001947 3.870156
v -2.023386 0.007369 3.717486
v -2.017797 0.035440 3.569559
v -2.017093 0.015523 3.422124
v -2.028071 -0.043262 3.253635
v -2.035181 0.008663 3.099803
v -2.031989 0.118451 2.959359
v -2.026329 0.213589 2.836755
v -2.009284 0.275147 2.704414
v -1.997438 0.362415 2.569240
v -1.977842 0.407833 2.434729
v -1.990735 0.405685 2.272974
v -2.009722 0.460638 2.127705
v -2.031604 0.605075 2.008423
v -2.034879 0.816105 1.906692
v -2.035181 0.836733 1.764770
v -2.035255 0.846344 1.622064
v -2.035397 0.842987 1.478179
v -2.035605 0.847633 1.333421
v -2.035541 0.733018 1.187974
v -2.035449 0.632992 1.042397
v -2.035793 0.570005 0.896398
v -2.036915 0.566944 0.749635
v -2.038931 0.635421 0.602205
v -2.041024 0.690397 0.455376
v -2.042890 0.710371 0.309428
v -2.044708 0.738189 0.164382
v -2.046119 0.728146 0.020384
v -2.047115 0.706897 -0.122377
v -2.047569 0.680752 -0.263728
v -2.047864 0.692667 -0.403992
v -2.048093 0.754698 -0.543312
v -2.047724 0.819690 -0.681439
v -2.046739 0.883014 -0.818637
v -2.045240 0.949168 -0.955269
v -2.043298 0.999623 -1.091860
v -2.041066 1.018032 -1.228901
v -2.038641 0.987871 -1.366628
v -2.036046 0.922147 -1.504769
v -2.033578 0.881647 -1.643461
v -2.031398 0.870190 -1.782859
v -2.029467 0.875899 -1.922578
v -2.027797 0.856434 -2.062629
v -2.026562 0.776591 -2.203234
v -2.025957 0.667182 -2.344617
v -2.025849 0.561183 -2.486581
v -2.025849 0.486037 -2.628671
v -2.025849 0.431550 -2.770762
v -2.025849 0.393067 -2.912852
v -2.025849 0.336527 -3.054942
v -2.025849 0.266914 -3.197033
v -2.025849 0.190866 -3.339123
v -2.025849 0.123930 -3.481214
v -2.025849 0.072426 -3.623304
v -2.025849 0.030690 -3.765394
v -2.025849 0.005722 -3.907485
v -2.025849 -0.000000 -4.049575
v -2.025849 -0.000000 -4.191665
v -1.925053 0.073105 4.183185
v -1.930432 0.117289 4.034750
v -1.931234 0.094578 3.882366
v -1.931542 0.057368 3.715597
v -1.924918 0.066826 3.564263
v -1.919050 -0.024078 3.407468
v -1.917287 -0.066731 3.235017
v -1.918259 -0.024562 3.072126
v -1.925231 0.059381 2.925223
v -1.935435 0.169203 2.793962
v -1.930592 0.255921 2.662054
v -1.931036 0.353568 2.526874
v -1.925721 0.446199 2.391905
v -1.910688 0.469665 2.253105
v -1.927024 0.475093 2.097281
v -1.943951 0.578807 1.970210
v -1.944727 0.740919 1.856140
v -1.930225 0.923248 1.755504
v -1.930143 0.963810 1.615756
v -1.930386 0.946622 1.470936
v -1.930637 0.969600 1.325568
v -1.930833 0.895115 1.179041
v -1.931241 0.752819 1.031523
v -1.932290 0.700922 0.883841
v -1.934073 0.708928 0.735798
v -1.936392 0.760518 0.587907
v -1.938565 0.782636 0.440717
v -1.940347 0.757726 0.294329
v -1.942093 0.764795 0.149153
v -1.943307 0.736749 0.005183
v -1.944050 0.695414 -0.137364
v -1.944341 0.660012 -0.278364
v -1.944344 0.654610 -0.418010
v -1.944303 0.696864 -0.556662
v -1.943852 0.757842 -0.694148
v -1.942802 0.830502 -0.830484
v -1.941097 0.903910 -0.965978
v -1.938741 0.934701 -1.101328
v -1.936012 0.943886 -1.236856
v -1.933122 0.952299 -1.372885
v -1.930192 0.948612 -1.509855
v -1.927377 0.957438 -1.647686
v -1.924772 0.981034 -1.786402
v -1.922245 0.973471 -1.925378
v -1.919877 0.909389 -2.064561
v -1.918011 0.841095 -2.204378
v -1.916850 0.741388 -2.345082
v -1.916375 0.652263 -2.486618
v -1.916344 0.587593 -2.628671
v -1.916344 0.542379 -2.770762
v -1.916344 0.503768 -2.912852
v -1.916344 0.443584 -3.054942
v -1.916344 0.345805 -3.197033
v -1.916344 0.244331 -3.339123
v -1.916344 0.163924 -3.481214
v -1.916344 0.105816 -3.623304
v -1.916344 0.050521 -3.765394
v -1.916344 0.013238 -3.907485
v -1.916344 0.000020 -4.049575
v -1.916344 -0.000000 -4.191665
v -1.817554 0.101386 4.185066
v -1.821972 0.137445 4.038205
v -1.822715 0.139993 3.893565
v -1.823031 0.103976 3.743684
v -1.827033 0.097975 3.576511
v -1.816362 -0.001666 3.404000
v -1.791277 -0.039183 3.240084
v -1.777919 0.006104 3.076996
v -1.801289 0.063062 2.922993
v -1.814715 0.123217 2.779401
v -1.822570 0.202095 2.642887
v -1.845131 0.311241 2.505023
v -1.864536 0.390857 2.366478
v -1.847251 0.477742 2.240670
v -1.853232 0.486311 2.091643
v -1.866146 0.532355 1.949219
v -1.867117 0.648425 1.824505
v -1.838977 0.832546 1.718484
v -1.825536 0.977583 1.608063
v -1.825938 0.951402 1.462106
v -1.826277 0.961096 1.315738
v -1.826981 0.956913 1.168409
v -1.828323 0.887248 1.019389
v -1.830026 0.825327 0.870056
v -1.832110 0.806098 0.721012
v -1.834458 0.818830 0.572559
v -1.836819 0.844392 0.425048
v -1.838672 0.795709 0.277958
v -1.840113 0.752086 0.132427
v -1.841153 0.719318 -0.011428
v -1.841846 0.700305 -0.153654
v -1.841990 0.671852 -0.294269
v -1.841846 0.665617 -0.433415
v -1.841427 0.691207 -0.571221
v -1.840542 0.731626 -0.707747
v -1.839189 0.787571 -0.843176
v -1.837156 0.841519 -0.977682
v -1.834366 0.857272 -1.111785
v -1.831248 0.879979 -1.245818
v -1.827971 0.917153 -1.380258
v -1.824649 0.962386 -1.515647
v -1.821413 1.010834 -1.652396
v -1.818233 1.031298 -1.790064
v -1.815117 0.985922 -1.928302
v -1.812124 0.895493 -2.066708
v -1.809721 0.841164 -2.205853
v -1.807986 0.775984 -2.345841
v -1.807144 0.744851 -2.486937
v -1.806839 0.690220 -2.628671
v -1.806839 0.640975 -2.770762
v -1.806839 0.598681 -2.912852
v -1.806839 0.517038 -3.054942
v -1.806839 0.408955 -3.197033
v -1.806839 0.298772 -3.339123
v -1.806839 0.211394 -3.481214
v -1.806839 0.144279 -3.623304
v -1.806839 0.073624 -3.765394
v -1.806839 0.023216 -3.907485
v -1.806839 0.000954 -4.049575
v -1.806839 -0.000000 -4.191665
v -1.706217 0.099137 4.189532
v -1.709089 0.124054 4.044852
v -1.708577 0.122711 3.902163
v -1.707898 0.112053 3.760848
v -1.709422 0.128798 3.609845
v -1.703109 0.097411 3.441159
v -1.682563 0.033233 3.269309
v -1.672614 0.073919 3.110504
v -1.680183 0.142310 2.954611
v -1.694116 0.148302 2.797072
v -1.705757 0.172309 2.644742
v -1.724581 0.235591 2.501396
v -1.761021 0.322046 2.361504
v -1.776054 0.372015 2.224281
v -1.772475 0.463827 2.107734
v -1.787344 0.469213 1.954587
v -1.796434 0.538114 1.813261
v -1.787013 0.665036 1.691323
v -1.757999 0.812542 1.583543
v -1.749469 0.849314 1.442523
v -1.722737 0.911092 1.304003
v -1.724101 0.920088 1.155209
v -1.726061 0.975845 1.006387
v -1.728412 0.924841 0.855738
v -1.730736 0.837873 0.704929
v -1.733314 0.851589 0.555939
v -1.735785 0.893375 0.408493
v -1.737594 0.809098 0.260468
v -1.738705 0.727126 0.114581
v -1.739891 0.724611 -0.029095
v -1.740945 0.769948 -0.170776
v -1.740848 0.744374 -0.311038
v -1.740340 0.730386 -0.449598
v -1.739478 0.737556 -0.586590
v -1.737990 0.750275 -0.722103
v -1.736041 0.778918 -0.856437
v -1.733579 0.814818 -0.989886
v -1.730329 0.819584 -1.122779
v -1.726732 0.834558 -1.255457
v -1.722959 0.865183 -1.388422
v -1.719190 0.922037 -1.522219
v -1.715547 1.015477 -1.657467
v -1.711819 1.033185 -1.794041
v -1.708132 0.971324 -1.931411
v -1.704626 0.888634 -2.069176
v -1.701627 0.821711 -2.207580
v -1.699346 0.764993 -2.346887
v -1.698022 0.747295 -2.487387
v -1.697432 0.724298 -2.628787
v -1.697333 0.703114 -2.770762
v -1.697333 0.667063 -2.912852
v -1.697333 0.569348 -3.054942
v -1.697333 0.442958 -3.197033
v -1.697333 0.335606 -3.339123
v -1.697333 0.259875 -3.481214
v -1.697333 0.180690 -3.623304
v -1.697333 0.101903 -3.765394
v -1.697333 0.036265 -3.907485
v -1.697333 0.003370 -4.049575
v -1.697333 -0.000000 -4.191665
v -1.593161 0.070086 4.192255
v -1.594589 0.086923 4.049458
v -1.593102 0.086947 3.907162
v -1.592071 0.093897 3.764288
v -1.594062 0.156613 3.620812
v -1.592857 0.195574 3.472826
v -1.586524 0.176221 3.313136
v -1.580356 0.169130 3.146680
v -1.579904 0.189230 2.984919
v -1.583916 0.223199 2.834889
v -1.589648 0.220871 2.672092
v -1.601869 0.223093 2.519113
v -1.621626 0.255533 2.377348
v -1.648589 0.298427 2.239009
v -1.684355 0.325847 2.105978
v -1.682437 0.367356 1.982270
v -1.706560 0.424088 1.823512
v -1.712958 0.505795 1.680152
v -1.697850 0.614412 1.554601
v -1.693458 0.676901 1.417233
v -1.640785 0.793415 1.284816
v -1.621958 0.854745 1.140393
v -1.624591 0.933623 0.990384
v -1.627347 0.914677 0.839180
v -1.629907 0.817458 0.687324
v -1.632634 0.816522 0.537551
v -1.635330 0.895283 0.390409
v -1.637354 0.869974 0.243000
v -1.638692 0.804287 0.096662
v -1.639649 0.786583 -0.046988
v -1.640392 0.847298 -0.187527
v -1.640207 0.854783 -0.326952
v -1.639344 0.839665 -0.465024
v -1.638014 0.835943 -0.601352
v -1.636070 0.824531 -0.736326
v -1.633477 0.820445 -0.869838
v -1.630453 0.836232 -1.002245
v -1.626787 0.836259 -1.134073
v -1.622653 0.837488 -1.265537
v -1.618306 0.854465 -1.397125
v -1.613920 0.891368 -1.529412
v -1.609765 0.985341 -1.663020
v -1.605617 1.052145 -1.798427
v -1.601440 0.999059 -1.934892
v -1.597387 0.901868 -2.071966
v -1.593752 0.813045 -2.209581
v -1.590896 0.748325 -2.348171
v -1.589051 0.726355 -2.488022
v -1.588145 0.721069 -2.629041
v -1.587830 0.736464 -2.770765
v -1.587828 0.733306 -2.912852
v -1.587828 0.638902 -3.054942
v -1.587828 0.500124 -3.197033
v -1.587828 0.385267 -3.339123
v -1.587828 0.301617 -3.481214
v -1.587828 0.215176 -3.623304
v -1.587828 0.127359 -3.765394
v -1.587828 0.051014 -3.907485
v -1.587828 0.007113 -4.049575
v -1.587828 -0.000000 -4.191665
v -1.480448 0.034321 4.192806
v -1.480944 0.045350 4.050626
v -1.479964 0.057405 3.907585
v -1.479938 0.095748 3.764046
v -1.481656 0.167113 3.620107
v -1.483429 0.228455 3.475437
v -1.485296 0.261955 3.329745
v -1.486459 0.288002 3.179315
v -1.486061 0.305497 3.020452
v -1.485374 0.303471 2.855592
v -1.488160 0.319810 2.700977
v -1.492249 0.327388 2.552219
v -1.498534 0.294894 2.404796
v -1.506432 0.273470 2.271288
v -1.531063 0.271393 2.136306
v -1.578237 0.275259 1.990094
v -1.586133 0.315904 1.848226
v -1.605882 0.369696 1.687771
v -1.607112 0.440323 1.542202
v -1.594458 0.526965 1.405316
v -1.583110 0.565255 1.257668
v -1.524172 0.704320 1.123160
v -1.523298 0.787641 0.972418
v -1.526520 0.796211 0.820334
v -1.529244 0.744343 0.668598
v -1.532243 0.754096 0.518231
v -1.535290 0.838835 0.370443
v -1.537379 0.911038 0.225285
v -1.538703 0.950336 0.081638
v -1.539618 0.890181 -0.063286
v -1.539792 0.885969 -0.204418
v -1.539197 0.946650 -0.341554
v -1.537914 0.974687 -0.477786
v -1.536124 0.980774 -0.613196
v -1.533914 0.970966 -0.747789
v -1.531098 0.934572 -0.881653
v -1.527565 0.915236 -1.013767
v -1.523445 0.889358 -1.145059
v -1.518771 0.865853 -1.275661
v -1.513820 0.862261 -1.406058
v -1.508882 0.892514 -1.536964
v -1.504133 0.973582 -1.669037
v -1.499494 1.080348 -1.802992
v -1.494934 1.069660 -1.938671
v -1.490369 0.940123 -2.075036
v -1.486027 0.810148 -2.211771
v -1.482558 0.727362 -2.349600
v -1.480199 0.693397 -2.488811
v -1.478908 0.689070 -2.629356
v -1.478383 0.702625 -2.770833
v -1.478322 0.737594 -2.912852
v -1.478322 0.684483 -3.054942
v -1.478322 0.560771 -3.197033
v -1.478322 0.435085 -3.339123
v -1.478322 0.327321 -3.481214
v -1.478322 0.235851 -3.623304
v -1.478322 0.144194 -3.765394
v -1.478322 0.064810 -3.907485
v -1.478322 0.011194 -4.049575
v -1.478322 -0.000000 -4.191665
v -1.369181 0.007345 4.192050
v -1.369398 0.014939 4.049712
v -1.369724 0.044655 3.906623
v -1.370838 0.101933 3.762903
v -1.372978 0.176663 3.618178
v -1.375701 0.234358 3.472712
v -1.378766 0.274081 3.326838
v -1.382414 0.331771 3.180462
v -1.386069 0.380573 3.033552
v -1.388463 0.417691 2.881317
v -1.389998 0.427312 2.724893
v -1.393215 0.435610 2.570582
v -1.398773 0.436909 2.422839
v -1.397316 0.374970 2.286345
v -1.399061 0.309775 2.160894
v -1.414754 0.252768 2.024498
v -1.432740 0.204318 1.874618
v -1.464170 0.268759 1.706235
v -1.486456 0.306991 1.544021
v -1.480592 0.349869 1.394572
v -1.475185 0.396686 1.239175
v -1.457187 0.501184 1.093104
v -1.421433 0.652301 0.955696
v -1.425276 0.668997 0.802214
v -1.428921 0.688679 0.649755
v -1.432704 0.755198 0.498996
v -1.435703 0.828173 0.351038
v -1.437651 0.919866 0.206778
v -1.438163 1.028322 0.066853
v -1.439125 0.977062 -0.078117
v -1.439215 0.918413 -0.220936
v -1.438241 0.949208 -0.358162
v -1.436480 0.981536 -0.493312
v -1.433965 1.024152 -0.626325
v -1.430655 1.091506 -0.756923
v -1.427739 1.065377 -0.890550
v -1.424167 1.026348 -1.023175
v -1.419879 0.965045 -1.154957
v -1.414899 0.926428 -1.285178
v -1.409549 0.924790 -1.414640
v -1.404108 0.963460 -1.544303
v -1.398663 1.031993 -1.674987
v -1.393336 1.107874 -1.807571
v -1.388309 1.088005 -1.942406
v -1.383259 0.948039 -2.077996
v -1.378268 0.791887 -2.213923
v -1.374268 0.703289 -2.351090
v -1.371460 0.668728 -2.489743
v -1.369752 0.664385 -2.629768
v -1.368994 0.668516 -2.770969
v -1.368817 0.689448 -2.912852
v -1.368817 0.676191 -3.054942
v -1.368817 0.585882 -3.197033
v -1.368817 0.457501 -3.339123
v -1.368817 0.343258 -3.481214
v -1.368817 0.247650 -3.623304
v -1.368817 0.153540 -3.765394
v -1.368817 0.069644 -3.907485
v -1.368817 0.013731 -4.049575
v -1.368817 -0.000000 -4.191665
v -1.259400 -0.000116 4.191585
v -1.259821 0.007964 4.048975
v -1.260780 0.042795 3.905672
v -1.262573 0.099903 3.761355
v -1.265302 0.168176 3.615889
v -1.268640 0.226193 3.469677
v -1.272401 0.277282 3.322949
v -1.276588 0.335845 3.175702
v -1.280821 0.384985 3.028436
v -1.285271 0.449008 2.880893
v -1.289118 0.479871 2.733923
v -1.292805 0.519097 2.585332
v -1.296600 0.552442 2.433014
v -1.302439 0.544441 2.283958
v -1.308940 0.469762 2.154419
v -1.297641 0.328136 2.034207
v -1.296810 0.238674 1.897575
v -1.315324 0.249323 1.728040
v -1.346269 0.253129 1.556129
v -1.358537 0.239905 1.398460
v -1.358451 0.264499 1.242245
v -1.367053 0.327280 1.078638
v -1.321808 0.515406 0.939645
v -1.324115 0.588785 0.784846
v -1.329002 0.654811 0.630854
v -1.333341 0.750118 0.479676
v -1.336198 0.794504 0.331151
v -1.338165 0.885684 0.186870
v -1.339100 0.914287 0.043557
v -1.339408 0.859266 -0.100580
v -1.338783 0.844832 -0.240771
v -1.337417 0.908511 -0.376109
v -1.335116 0.970129 -0.509178
v -1.331770 1.047894 -0.639457
v -1.327600 1.126670 -0.768094
v -1.324157 1.109215 -0.900676
v -1.320331 1.076304 -1.032720
v -1.315930 0.986138 -1.164991
v -1.310622 0.957679 -1.294300
v -1.304932 0.998962 -1.422270
v -1.298907 1.085089 -1.550199
v -1.292869 1.125938 -1.680111
v -1.287068 1.136160 -1.812088
v -1.281554 1.048359 -1.946150
v -1.275893 0.909038 -2.080690
v -1.270599 0.789564 -2.216188
v -1.266192 0.711144 -2.352847
v -1.262942 0.679994 -2.490949
v -1.260749 0.663871 -2.630369
v -1.259647 0.640789 -2.771153
v -1.259312 0.626478 -2.912852
v -1.259312 0.609823 -3.054942
v -1.259312 0.561274 -3.197033
v -1.259312 0.463395 -3.339123
v -1.259312 0.352944 -3.481214
v -1.259312 0.258087 -3.623304
v -1.259312 0.160304 -3.765394
v -1.259312 0.073837 -3.907485
v -1.259312 0.015439 -4.049575
v -1.259312 -0.000000 -4.191665
v -1.150077 -0.001276 4.191333
v -1.150797 0.006756 4.048353
v -1.152214 0.040529 3.904499
v -1.154571 0.091044 3.759483
v -1.157817 0.149804 3.613377
v -1.161688 0.204772 3.466506
v -1.166018 0.257753 3.319075
v -1.170510 0.301335 3.171449
v -1.175122 0.344407 3.023682
v -1.179949 0.401833 2.875660
v -1.184358 0.444462 2.728156
v -1.188766 0.503489 2.580799
v -1.193283 0.595928 2.433188
v -1.197603 0.684011 2.285694
v -1.202208 0.668153 2.142308
v -1.210577 0.475531 2.016680
v -1.186077 0.321772 1.905797
v -1.189379 0.251435 1.756763
v -1.210046 0.313818 1.565146
v -1.235621 0.194769 1.410662
v -1.250712 0.164739 1.253332
v -1.265913 0.203400 1.086948
v -1.258381 0.296216 0.919604
v -1.220383 0.455336 0.770867
v -1.226762 0.520823 0.614221
v -1.231818 0.595083 0.460696
v -1.235596 0.665139 0.310647
v -1.238042 0.725432 0.164126
v -1.239167 0.766932 0.020626
v -1.238995 0.762965 -0.121055
v -1.237937 0.763053 -0.260046
v -1.236402 0.838550 -0.394632
v -1.233772 0.914042 -0.526511
v -1.230127 0.986334 -0.656217
v -1.225510 1.068034 -0.783665
v -1.220569 1.123351 -0.911323
v -1.215957 1.127506 -1.040976
v -1.211506 1.047135 -1.173045
v -1.205917 1.025763 -1.301768
v -1.199639 1.096345 -1.428138
v -1.192917 1.183926 -1.554866
v -1.186586 1.200702 -1.684539
v -1.180524 1.187546 -1.816137
v -1.174773 1.077945 -1.949775
v -1.168766 0.933090 -2.083734
v -1.163069 0.814438 -2.218629
v -1.158340 0.752094 -2.354885
v -1.154548 0.705888 -2.492311
v -1.151807 0.661408 -2.631053
v -1.150317 0.613961 -2.771359
v -1.149818 0.577577 -2.912866
v -1.149806 0.547456 -3.054942
v -1.149806 0.508278 -3.197033
v -1.149806 0.427627 -3.339123
v -1.149806 0.337297 -3.481214
v -1.149806 0.248560 -3.623304
v -1.149806 0.155841 -3.765394
v -1.149806 0.070914 -3.907485
v -1.149806 0.015821 -4.049575
v -1.149806 -0.000000 -4.191665
v -1.040899 -0.002810 4.190929
v -1.041990 0.005178 4.047480
v -1.043942 0.040258 3.902959
v -1.046862 0.086777 3.757248
v -1.050613 0.137967 3.610517
v -1.054995 0.188928 3.463014
v -1.059771 0.235822 3.315031
v -1.064497 0.264375 3.167114
v -1.069270 0.291308 3.019145
v -1.074486 0.344401 2.870641
v -1.079726 0.409279 2.722117
v -1.084851 0.488883 2.573745
v -1.089512 0.575457 2.425960
v -1.093903 0.691390 2.278466
v -1.097877 0.765532 2.131082
v -1.091181 0.640804 2.011877
v -1.074960 0.427829 1.914580
v -1.082824 0.285558 1.755095
v -1.094413 0.206758 1.599976
v -1.115566 0.169104 1.426260
v -1.139776 0.087386 1.269862
v -1.156561 0.093197 1.096579
v -1.168142 0.117140 0.922118
v -1.112530 0.267806 0.765423
v -1.118116 0.322044 0.606372
v -1.126647 0.408065 0.447952
v -1.131473 0.468234 0.295189
v -1.134402 0.514923 0.146577
v -1.137102 0.603774 0.001119
v -1.137598 0.661557 -0.140017
v -1.136788 0.718893 -0.277762
v -1.135021 0.848370 -0.410234
v -1.131655 0.928700 -0.540734
v -1.127469 0.989641 -0.669811
v -1.122061 1.083673 -0.795235
v -1.115367 1.203573 -0.917613
v -1.110008 1.227692 -1.045409
v -1.105797 1.157812 -1.177662
v -1.100328 1.118312 -1.306996
v -1.093472 1.189043 -1.432359
v -1.086553 1.238753 -1.559340
v -1.079676 1.280776 -1.687859
v -1.073134 1.306393 -1.818564
v -1.067752 1.129933 -1.953011
v -1.061490 0.957625 -2.086617
v -1.055651 0.871401 -2.221210
v -1.050603 0.817902 -2.357065
v -1.046190 0.737153 -2.493720
v -1.042879 0.656583 -2.631755
v -1.040985 0.584954 -2.771562
v -1.040342 0.537695 -2.912900
v -1.040301 0.500674 -3.054942
v -1.040301 0.451475 -3.197033
v -1.040301 0.377477 -3.339123
v -1.040301 0.299589 -3.481214
v -1.040301 0.221406 -3.623304
v -1.040301 0.137424 -3.765394
v -1.040301 0.063876 -3.907485
v -1.040301 0.015562 -4.049575
v -1.040301 -0.000000 -4.191665
v -0.931897 -0.005154 4.190302
v -0.933389 0.003176 4.046348
v -0.935922 0.041128 3.901109
v -0.939427 0.087704 3.754672
v -0.943771 0.139065 3.607207
v -0.948684 0.187217 3.459049
v -0.953865 0.226358 3.310564
v -0.958678 0.235068 3.162538
v -0.963602 0.248857 3.014380
v -0.969229 0.299688 2.865368
v -0.975413 0.387829 2.715684
v -0.981295 0.485681 2.566385
v -0.985605 0.528717 2.419028
v -0.990554 0.606255 2.270695
v -0.995372 0.677467 2.122076
v -0.989495 0.593372 2.010058
v -0.978262 0.518466 1.870401
v -0.992062 0.342632 1.702227
v -0.990495 0.181452 1.592709
v -1.000444 0.086392 1.454563
v -1.020137 0.001690 1.299983
v -1.038054 -0.007041 1.114197
v -1.049967 0.016201 0.923970
v -1.011572 0.116089 0.763843
v -1.008323 0.188084 0.603657
v -1.016181 0.245416 0.445367
v -1.022274 0.277169 0.290951
v -1.026547 0.318408 0.138823
v -1.031552 0.424919 -0.012053
v -1.034609 0.552192 -0.156860
v -1.034985 0.681097 -0.295154
v -1.032890 0.866664 -0.425550
v -1.028205 0.998198 -0.551997
v -1.023710 1.021807 -0.681934
v -1.017791 1.100778 -0.806758
v -1.010236 1.225809 -0.927007
v -1.003243 1.301426 -1.050055
v -0.999469 1.217248 -1.183141
v -0.994588 1.125977 -1.314242
v -0.987928 1.139136 -1.440422
v -0.980774 1.183385 -1.566311
v -0.972792 1.301701 -1.691716
v -0.965901 1.329924 -1.821699
v -0.960394 1.172041 -1.955812
v -0.953917 0.963415 -2.089156
v -0.947755 0.879795 -2.223203
v -0.942447 0.834559 -2.358732
v -0.937706 0.754932 -2.494977
v -0.933919 0.649504 -2.632421
v -0.931680 0.567301 -2.771799
v -0.930881 0.514853 -2.912952
v -0.930796 0.462434 -3.054942
v -0.930796 0.400597 -3.197033
v -0.930796 0.333134 -3.339123
v -0.930796 0.262771 -3.481214
v -0.930796 0.192584 -3.623304
v -0.930796 0.121309 -3.765394
v -0.930796 0.059074 -3.907485
v -0.930796 0.015377 -4.049575
v -0.930796 -0.000000 -4.191665
v -0.823041 -0.008185 4.189486
v -0.824978 -0.000221 4.044978
v -0.828067 0.039277 3.899050
v -0.832160 0.087636 3.751886
v -0.837075 0.138956 3.603715
v -0.842457 0.182414 3.454975
v -0.848025 0.215108 3.306012
v -0.853104 0.216215 3.157656
v -0.858406 0.228686 3.009031
v -0.864422 0.276804 2.859537
v -0.870868 0.354754 2.709530
v -0.876832 0.433056 2.560126
v -0.881576 0.460011 2.412360
v -0.887766 0.510953 2.262574
v -0.896089 0.608955 2.108236
v -0.902600 0.631758 1.954332
v -0.904220 0.492118 1.803462
v -0.903061 0.342589 1.656214
v -0.896852 0.201581 1.546014
v -0.889203 0.065787 1.447218
v -0.893398 -0.023082 1.305612
v -0.905347 -0.071834 1.131542
v -0.913412 -0.037007 0.935896
v -0.897757 0.052856 0.758228
v -0.902613 0.104150 0.601208
v -0.908928 0.165562 0.445147
v -0.914788 0.197967 0.292567
v -0.919556 0.223903 0.137855
v -0.925277 0.310177 -0.019953
v -0.929752 0.442922 -0.170535
v -0.931805 0.614342 -0.312309
v -0.930033 0.830533 -0.443413
v -0.924453 0.999814 -0.567165
v -0.919525 1.012346 -0.696762
v -0.913823 1.042517 -0.823368
v -0.907148 1.103445 -0.946592
v -0.900206 1.159210 -1.069258
v -0.894961 1.090228 -1.198245
v -0.888978 1.015591 -1.325614
v -0.881954 1.033325 -1.449683
v -0.874568 1.091833 -1.573810
v -0.866948 1.161263 -1.699160
v -0.859747 1.163759 -1.827816
v -0.852924 1.090761 -1.958979
v -0.845938 0.939095 -2.091232
v -0.839541 0.871031 -2.224812
v -0.834074 0.841465 -2.360133
v -0.829091 0.767248 -2.496076
v -0.825023 0.665983 -2.633168
v -0.822451 0.579947 -2.772131
v -0.821444 0.519301 -2.913032
v -0.821290 0.454716 -3.054942
v -0.821290 0.380928 -3.197033
v -0.821290 0.307860 -3.339123
v -0.821290 0.239297 -3.481214
v -0.821290 0.174355 -3.623304
v -0.821290 0.111607 -3.765394
v -0.821290 0.056132 -3.907485
v -0.821290 0.015219 -4.049575
v -0.821290 -0.000000 -4.191665
v -0.714321 -0.011820 4.188499
v -0.716710 -0.004893 4.043430
v -0.720322 0.034973 3.896854
v -0.725018 0.087434 3.748943
v -0.730562 0.142873 3.599996
v -0.736595 0.191928 3.450452
v -0.742539 0.218234 3.301023
v -0.747880 0.211926 3.152343
v -0.753610 0.224861 3.003189
v -0.760096 0.274044 2.853117
v -0.766828 0.345616 2.702756
v -0.773225 0.413806 2.552899
v -0.778894 0.417146 2.404387
v -0.785720 0.430775 2.253843
v -0.794805 0.485017 2.098388
v -0.802717 0.506766 1.942143
v -0.804681 0.402122 1.791159
v -0.803848 0.289151 1.642720
v -0.804025 0.221036 1.493046
v -0.787593 0.095859 1.403407
v -0.776542 -0.021654 1.292313
v -0.778311 -0.104622 1.140643
v -0.793008 -0.094671 0.939599
v -0.794356 -0.014795 0.751881
v -0.798932 0.043283 0.596504
v -0.804684 0.101306 0.444075
v -0.810869 0.154384 0.291362
v -0.817040 0.211588 0.134079
v -0.822053 0.285575 -0.028259
v -0.825890 0.403742 -0.184645
v -0.827711 0.562999 -0.328924
v -0.825835 0.712363 -0.463397
v -0.821187 0.864808 -0.590401
v -0.814612 0.990899 -0.712981
v -0.808158 1.035948 -0.837479
v -0.801961 1.028568 -0.963286
v -0.795577 0.994123 -1.088631
v -0.788921 0.928630 -1.213354
v -0.781912 0.897249 -1.336200
v -0.774685 0.921322 -1.458278
v -0.767353 0.968793 -1.581048
v -0.759824 1.017356 -1.705457
v -0.752287 1.036952 -1.832205
v -0.744928 1.017228 -1.961508
v -0.737848 0.953429 -2.093082
v -0.731381 0.908086 -2.226488
v -0.725793 0.896135 -2.361649
v -0.720712 0.844029 -2.497465
v -0.716421 0.754173 -2.634277
v -0.713406 0.651180 -2.772686
v -0.712061 0.569656 -2.913174
v -0.711785 0.487954 -3.054942
v -0.711785 0.397203 -3.197033
v -0.711785 0.307505 -3.339123
v -0.711785 0.231741 -3.481214
v -0.711785 0.166497 -3.623304
v -0.711785 0.107525 -3.765394
v -0.711785 0.055743 -3.907485
v -0.711785 0.015822 -4.049575
v -0.711785 -0.000000 -4.191665
v -0.605725 -0.016003 4.187357
v -0.608539 -0.010422 4.041761
v -0.612650 0.029872 3.894566
v -0.617994 0.089576 3.745853
v -0.624144 0.148146 3.596156
v -0.630606 0.192457 3.446082
v -0.637072 0.220849 3.296009
v -0.643027 0.222649 3.146571
v -0.649090 0.232028 2.997005
v -0.655937 0.278567 2.846488
v -0.663288 0.357165 2.695378
v -0.671469 0.425755 2.543818
v -0.678616 0.417618 2.393962
v -0.686190 0.406131 2.242484
v -0.695419 0.422849 2.086726
v -0.704106 0.432985 1.929404
v -0.707056 0.353248 1.777106
v -0.707577 0.270982 1.626613
v -0.708969 0.225220 1.474102
v -0.710058 0.181769 1.322038
v -0.681700 0.022178 1.240226
v -0.663050 -0.097780 1.131669
v -0.676755 -0.142718 0.951686
v -0.691772 -0.071374 0.745281
v -0.695166 -0.019936 0.589588
v -0.700342 0.036989 0.439419
v -0.708148 0.112719 0.283514
v -0.715549 0.202606 0.121263
v -0.720825 0.302200 -0.044145
v -0.723597 0.427305 -0.202917
v -0.723254 0.544033 -0.345942
v -0.720291 0.636405 -0.480937
v -0.715960 0.797148 -0.609458
v -0.708494 0.992546 -0.728299
v -0.699236 1.148487 -0.843295
v -0.694055 1.083338 -0.973041
v -0.688429 0.943374 -1.102325
v -0.681035 0.847560 -1.224991
v -0.673493 0.815496 -1.345229
v -0.666071 0.825665 -1.465516
v -0.658683 0.853027 -1.586926
v -0.651200 0.878949 -1.709993
v -0.643844 0.948771 -1.835272
v -0.636549 1.002454 -1.963311
v -0.629559 1.005735 -2.094569
v -0.623060 0.976104 -2.227954
v -0.617360 0.980048 -2.362979
v -0.612095 0.919659 -2.498564
v -0.607776 0.866894 -2.635335
v -0.604479 0.767331 -2.773390
v -0.602727 0.658281 -2.913376
v -0.602279 0.553647 -3.054942
v -0.602279 0.436449 -3.197033
v -0.602279 0.324682 -3.339123
v -0.602279 0.237343 -3.481214
v -0.602279 0.167846 -3.623304
v -0.602279 0.110076 -3.765394
v -0.602279 0.059166 -3.907485
v -0.602279 0.017402 -4.049575
v -0.602279 -0.000000 -4.191665
v -0.497217 -0.020557 4.186107
v -0.500424 -0.016482 4.040023
v -0.504942 0.019995 3.892322
v -0.510752 0.078189 3.743032
v -0.517547 0.143910 3.592537
v -0.524773 0.200530 3.441520
v -0.531744 0.230424 3.290823
v -0.538280 0.238369 3.140668
v -0.544975 0.255827 2.990324
v -0.552247 0.303071 2.839286
v -0.560803 0.383752 2.686960
v -0.571223 0.446205 2.533377
v -0.580776 0.450966 2.381133
v -0.590355 0.442947 2.227280
v -0.600023 0.435153 2.070837
v -0.609081 0.428559 1.912906
v -0.613144 0.359684 1.759030
v -0.615711 0.303046 1.605650
v -0.618921 0.273314 1.450323
v -0.617517 0.203019 1.300302
v -0.610902 0.100137 1.157974
v -0.564820 -0.073331 1.106314
v -0.564403 -0.152157 0.960118
v -0.583064 -0.157678 0.763971
v -0.590842 -0.082005 0.579823
v -0.594591 -0.028622 0.430371
v -0.604667 0.072040 0.271445
v -0.613249 0.184216 0.104371
v -0.618860 0.315097 -0.065220
v -0.621028 0.470905 -0.223632
v -0.618459 0.554184 -0.363833
v -0.614396 0.621047 -0.498088
v -0.609583 0.830213 -0.625104
v -0.599798 1.078471 -0.737186
v -0.589230 1.231212 -0.849282
v -0.584115 1.177500 -0.978958
v -0.580178 0.962709 -1.113860
v -0.572586 0.840683 -1.235790
v -0.564335 0.762733 -1.353907
v -0.556366 0.736743 -1.471878
v -0.548635 0.738366 -1.591191
v -0.541193 0.757831 -1.712772
v -0.534134 0.817256 -1.837195
v -0.527223 0.897044 -1.964608
v -0.520166 0.900857 -2.094956
v -0.513850 0.928259 -2.228343
v -0.508211 0.960138 -2.363424
v -0.503036 0.946002 -2.499118
v -0.498752 0.935130 -2.635930
v -0.495346 0.845741 -2.773845
v -0.493355 0.727831 -2.913532
v -0.492776 0.607359 -3.054944
v -0.492774 0.470202 -3.197033
v -0.492774 0.352094 -3.339123
v -0.492774 0.255547 -3.481214
v -0.492774 0.179285 -3.623304
v -0.492774 0.115721 -3.765394
v -0.492774 0.060908 -3.907485
v -0.492774 0.017751 -4.049575
v -0.492774 -0.000000 -4.191665
v -0.388756 -0.025313 4.184798
v -0.392331 -0.022446 4.038257
v -0.397201 0.009274 3.890120
v -0.403377 0.062850 3.740375
v -0.410617 0.127524 3.589328
v -0.418801 0.204967 3.437128
v -0.426670 0.253054 3.285324
v -0.434058 0.277192 3.134120
v -0.441452 0.305036 2.982919
v -0.449447 0.361037 2.831036
v -0.460910 0.453293 2.675976
v -0.473270 0.502503 2.520743
v -0.483882 0.483914 2.367539
v -0.494234 0.455331 2.212689
v -0.504691 0.435891 2.055225
v -0.514838 0.429311 1.895923
v -0.521624 0.394359 1.738640
v -0.523798 0.323563 1.585444
v -0.524843 0.263697 1.432655
v -0.523828 0.202574 1.281823
v -0.517191 0.112464 1.138404
v -0.473183 -0.062831 1.080279
v -0.452435 -0.174081 0.966303
v -0.466157 -0.225710 0.778781
v -0.486753 -0.191682 0.573790
v -0.487574 -0.081579 0.418756
v -0.498123 0.020030 0.257321
v -0.509567 0.161531 0.084916
v -0.515075 0.310747 -0.085661
v -0.515477 0.452245 -0.240215
v -0.512355 0.546629 -0.380886
v -0.508329 0.653665 -0.515511
v -0.501811 0.908179 -0.637657
v -0.490566 1.131857 -0.746985
v -0.480046 1.255378 -0.859960
v -0.474840 1.202335 -0.989420
v -0.471527 0.959381 -1.126351
v -0.463597 0.812519 -1.247030
v -0.454819 0.726343 -1.362701
v -0.446036 0.658712 -1.477488
v -0.437818 0.638673 -1.594280
v -0.430460 0.663614 -1.714487
v -0.423320 0.700119 -1.837639
v -0.416183 0.721833 -1.963863
v -0.409242 0.725841 -2.093560
v -0.403452 0.781973 -2.227292
v -0.398400 0.869877 -2.363052
v -0.393517 0.910909 -2.499106
v -0.389183 0.888700 -2.635854
v -0.385829 0.822284 -2.773832
v -0.383849 0.717126 -2.913529
v -0.383270 0.580094 -3.054943
v -0.383269 0.460355 -3.197033
v -0.383269 0.362614 -3.339123
v -0.383269 0.277645 -3.481214
v -0.383269 0.197968 -3.623304
v -0.383269 0.122296 -3.765394
v -0.383269 0.061818 -3.907485
v -0.383269 0.017328 -4.049575
v -0.383269 -0.000000 -4.191665
v -0.280307 -0.030116 4.183472
v -0.284216 -0.028591 4.036516
v -0.289455 0.001671 3.887920
v -0.296041 0.054241 3.737667
v -0.303584 0.112792 3.586243
v -0.311843 0.175043 3.433947
v -0.320687 0.244846 3.280940
v -0.329532 0.309605 3.127946
v -0.337818 0.357191 2.975649
v -0.348024 0.435037 2.821531
v -0.361530 0.511003 2.664770
v -0.374259 0.513772 2.509453
v -0.385277 0.467827 2.355906
v -0.395173 0.408177 2.201497
v -0.407272 0.398758 2.042234
v -0.418210 0.390036 1.882036
v -0.426721 0.374220 1.722738
v -0.430102 0.318520 1.568006
v -0.429623 0.243969 1.417030
v -0.426323 0.169002 1.269096
v -0.419576 0.089626 1.125474
v -0.376756 -0.052143 1.057704
v -0.341773 -0.171134 0.954753
v -0.327687 -0.239010 0.795108
v -0.331783 -0.260341 0.601831
v -0.362694 -0.136516 0.391594
v -0.388836 -0.017831 0.241931
v -0.405561 0.152155 0.065176
v -0.412287 0.339322 -0.107749
v -0.410989 0.490479 -0.259698
v -0.406281 0.577075 -0.398697
v -0.401407 0.722559 -0.531605
v -0.392487 0.984406 -0.647627
v -0.381974 1.131928 -0.760959
v -0.376167 1.080637 -0.890430
v -0.369425 1.031450 -1.015702
v -0.362722 0.844049 -1.141856
v -0.353282 0.700295 -1.256938
v -0.344394 0.660822 -1.370361
v -0.335535 0.608684 -1.483142
v -0.327428 0.599388 -1.598524
v -0.319855 0.610994 -1.716771
v -0.312184 0.610617 -1.837482
v -0.304913 0.618098 -1.962461
v -0.298261 0.630569 -2.091963
v -0.293101 0.711023 -2.226251
v -0.288685 0.852484 -2.362799
v -0.284013 0.930584 -2.499113
v -0.279585 0.881478 -2.635745
v -0.276260 0.816089 -2.773757
v -0.274331 0.725592 -2.913516
v -0.273763 0.574566 -3.054942
v -0.273763 0.449391 -3.197033
v -0.273763 0.360626 -3.339123
v -0.273763 0.279266 -3.481214
v -0.273763 0.200558 -3.623304
v -0.273763 0.122011 -3.765394
v -0.273763 0.061786 -3.907485
v -0.273763 0.016542 -4.049575
v -0.273763 -0.000000 -4.191665
v -0.171839 -0.034822 4.182171
v -0.176041 -0.035125 4.034851
v -0.181627 -0.005545 3.885824
v -0.188562 0.044979 3.735138
v -0.196232 0.092639 3.583553
v -0.204391 0.136700 3.431376
v -0.213680 0.207807 3.277817
v -0.223859 0.306275 3.123180
v -0.233598 0.392109 2.969140
v -0.245558 0.454329 2.813502
v -0.259609 0.488349 2.656457
v -0.273148 0.473566 2.500450
v -0.283336 0.395321 2.347831
v -0.294958 0.355026 2.191725
v -0.309389 0.363828 2.030023
v -0.323663 0.389040 1.866139
v -0.332720 0.372650 1.706211
v -0.338126 0.338105 1.548996
v -0.337287 0.258421 1.398296
v -0.330694 0.159802 1.254436
v -0.321420 0.071320 1.114097
v -0.300153 -0.021619 0.996678
v -0.239436 -0.155888 0.922220
v -0.203448 -0.229191 0.785207
v -0.193160 -0.252162 0.590390
v -0.221466 -0.165144 0.349163
v -0.286423 0.004663 0.222565
v -0.303151 0.170689 0.045580
v -0.309341 0.377823 -0.128562
v -0.305755 0.543300 -0.278588
v -0.298998 0.589362 -0.414975
v -0.292982 0.684516 -0.547482
v -0.285090 0.898703 -0.668281
v -0.276709 0.965321 -0.789422
v -0.269659 0.895923 -0.916033
v -0.261509 0.821396 -1.037487
v -0.251504 0.652918 -1.152265
v -0.241840 0.599496 -1.263814
v -0.233128 0.587655 -1.376236
v -0.224802 0.572931 -1.488811
v -0.216931 0.574690 -1.603225
v -0.208977 0.564081 -1.718966
v -0.201630 0.576619 -1.838762
v -0.194706 0.601436 -1.962883
v -0.188272 0.629529 -2.091843
v -0.183283 0.723633 -2.225986
v -0.178997 0.880753 -2.362579
v -0.174257 0.941406 -2.498808
v -0.169878 0.885916 -2.635500
v -0.166619 0.817410 -2.773594
v -0.164766 0.723173 -2.913446
v -0.164258 0.577960 -3.054942
v -0.164258 0.444869 -3.197033
v -0.164258 0.351293 -3.339123
v -0.164258 0.266862 -3.481214
v -0.164258 0.186919 -3.623304
v -0.164258 0.114702 -3.765394
v -0.164258 0.056431 -3.907485
v -0.164258 0.014852 -4.049575
v -0.164258 -0.000000 -4.191665
v -0.063322 -0.039300 4.180931
v -0.067777 -0.041660 4.033295
v -0.073626 -0.014909 3.883941
v -0.080813 0.031667 3.732940
v -0.088547 0.068945 3.581274
v -0.096506 0.095105 3.429340
v -0.105826 0.155008 3.275737
v -0.116421 0.251542 3.120581
v -0.127829 0.366377 2.964628
v -0.140451 0.402186 2.808487
v -0.153358 0.382431 2.652754
v -0.167863 0.372095 2.495768
v -0.180662 0.333675 2.340574
v -0.195128 0.322021 2.181692
v -0.211763 0.343834 2.017773
v -0.230713 0.419567 1.848830
v -0.243575 0.453901 1.684608
v -0.249333 0.409259 1.526781
v -0.247360 0.304452 1.377155
v -0.240073 0.197955 1.233843
v -0.227838 0.092620 1.097059
v -0.214642 0.010378 0.961427
v -0.144145 -0.133689 0.901127
v -0.094198 -0.191168 0.761748
v -0.079020 -0.196907 0.573415
v -0.099401 -0.134513 0.332764
v -0.188021 0.047828 0.202360
v -0.203566 0.230060 0.019290
v -0.205562 0.425633 -0.148852
v -0.198696 0.558187 -0.294326
v -0.190407 0.570733 -0.429173
v -0.183115 0.596628 -0.560934
v -0.176284 0.666916 -0.689289
v -0.168113 0.668938 -0.812716
v -0.159324 0.663427 -0.932382
v -0.149778 0.625344 -1.047936
v -0.139239 0.547553 -1.158082
v -0.130457 0.549550 -1.270690
v -0.122438 0.574206 -1.384015
v -0.114465 0.578375 -1.496315
v -0.106354 0.563492 -1.608427
v -0.098136 0.535590 -1.721719
v -0.091379 0.571407 -1.841402
v -0.085245 0.640049 -1.965587
v -0.079027 0.687368 -2.093355
v -0.073489 0.752421 -2.225989
v -0.068700 0.851337 -2.361618
v -0.063911 0.863516 -2.497777
v -0.059582 0.781096 -2.634531
v -0.056559 0.706177 -2.772920
v -0.055061 0.618727 -2.913212
v -0.054753 0.514443 -3.054942
v -0.054753 0.391323 -3.197033
v -0.054753 0.304508 -3.339123
v -0.054753 0.229962 -3.481214
v -0.054753 0.159198 -3.623304
v -0.054753 0.097111 -3.765394
v -0.054753 0.043993 -3.907485
v -0.054753 0.011038 -4.049575
v -0.054753 -0.000000 -4.191665
v 0.045272 -0.043431 4.179785
v 0.040609 -0.048243 4.031890
v 0.034605 -0.027121 3.882342
v 0.027261 0.014116 3.731145
v 0.019446 0.044426 3.579376
v 0.011272 0.069189 3.427173
v 0.001959 0.118990 3.273573
v -0.008882 0.210338 3.118109
v -0.020909 0.317062 2.961512
v -0.035161 0.363124 2.803707
v -0.048545 0.334399 2.647558
v -0.062908 0.308068 2.490768
v -0.077902 0.290725 2.333444
v -0.094450 0.293007 2.172693
v -0.113263 0.326357 2.006703
v -0.133788 0.406414 1.836284
v -0.149621 0.482771 1.668987
v -0.158354 0.481749 1.507844
v -0.160158 0.404312 1.353445
v -0.152383 0.273601 1.210226
v -0.137946 0.147733 1.075752
v -0.121124 0.046042 0.944618
v -0.074382 -0.052485 0.845517
v -0.003733 -0.131826 0.736093
v 0.023396 -0.155917 0.567086
v -0.002504 -0.109787 0.319231
v -0.080814 0.067910 0.181011
v -0.100987 0.271445 -0.002099
v -0.098480 0.417316 -0.162041
v -0.089552 0.495232 -0.305075
v -0.080560 0.527578 -0.440622
v -0.071764 0.509292 -0.570003
v -0.063821 0.517503 -0.696937
v -0.054949 0.506810 -0.818404
v -0.046128 0.517253 -0.937479
v -0.037400 0.539368 -1.054286
v -0.028647 0.556885 -1.168495
v -0.020453 0.590024 -1.282097
v -0.012397 0.618779 -1.394469
v -0.004113 0.604653 -1.504639
v 0.004572 0.550973 -1.613204
v 0.012765 0.517212 -1.724757
v 0.019219 0.558405 -1.843822
v 0.024762 0.655082 -1.968175
v 0.030348 0.751015 -2.095728
v 0.036474 0.767359 -2.226067
v 0.041971 0.781226 -2.360180
v 0.047086 0.723103 -2.495943
v 0.051060 0.646190 -2.633141
v 0.053544 0.598446 -2.772197
v 0.054608 0.534938 -2.913021
v 0.054753 0.442825 -3.054942
v 0.054753 0.334722 -3.197033
v 0.054753 0.264156 -3.339123
v 0.054753 0.195694 -3.481214
v 0.054753 0.127356 -3.623304
v 0.054753 0.071247 -3.765394
v 0.054753 0.030070 -3.907485
v 0.054753 0.007375 -4.049575
v 0.054753 -0.000000 -4.191665
v 0.153964 -0.047112 4.178762
v 0.149117 -0.053574 4.030638
v 0.142955 -0.035953 3.880893
v 0.135446 0.001915 3.729489
v 0.127373 0.032693 3.577398
v 0.118896 0.059153 3.424819
v 0.109473 0.103758 3.271081
v 0.098209 0.197668 3.115091
v 0.084967 0.310186 2.957232
v 0.068972 0.363166 2.797723
v 0.054412 0.333435 2.640463
v 0.039841 0.293926 2.483546
v 0.023427 0.280987 2.324905
v 0.004967 0.292502 2.162482
v -0.016312 0.341450 1.994171
v -0.037049 0.416138 1.823852
v -0.053371 0.498889 1.656345
v -0.063672 0.536128 1.493776
v -0.067832 0.488227 1.336689
v -0.062408 0.357373 1.189860
v -0.046455 0.206221 1.056351
v -0.030221 0.108400 0.923157
v -0.013259 0.052900 0.787122
v 0.073376 -0.063714 0.724452
v 0.114205 -0.113255 0.579783
v 0.101635 -0.096802 0.372754
v 0.049171 0.017181 0.163440
v 0.015631 0.178787 0.005037
v 0.015704 0.290450 -0.156777
v 0.022842 0.376010 -0.305773
v 0.030791 0.462950 -0.447790
v 0.039730 0.470231 -0.578269
v 0.048188 0.471957 -0.704397
v 0.057882 0.441244 -0.823237
v 0.067046 0.443279 -0.941055
v 0.074534 0.510747 -1.061552
v 0.081780 0.604151 -1.179875
v 0.089434 0.684958 -1.294313
v 0.097158 0.764403 -1.406767
v 0.105625 0.708997 -1.515731
v 0.114897 0.585160 -1.620518
v 0.123431 0.520871 -1.728932
v 0.129892 0.550868 -1.846447
v 0.135636 0.618858 -1.969053
v 0.140799 0.726619 -2.096571
v 0.146657 0.757775 -2.226065
v 0.152511 0.733005 -2.358895
v 0.157670 0.668907 -2.494582
v 0.161356 0.593411 -2.632174
v 0.163464 0.543203 -2.771698
v 0.164226 0.456756 -2.912890
v 0.164258 0.350934 -3.054942
v 0.164258 0.273185 -3.197033
v 0.164258 0.218415 -3.339123
v 0.164258 0.158918 -3.481214
v 0.164258 0.097578 -3.623304
v 0.164258 0.048306 -3.765394
v 0.164258 0.019005 -3.907485
v 0.164258 0.004787 -4.049575
v 0.164258 -0.000000 -4.191665
v 0.262776 -0.050252 4.177889
v 0.257752 -0.056817 4.029544
v 0.251417 -0.040376 3.879584
v 0.243714 -0.003488 3.727936
v 0.235210 0.034186 3.575312
v 0.226309 0.066220 3.422206
v 0.216465 0.115428 3.267947
v 0.204772 0.214222 3.111427
v 0.189041 0.357642 2.950991
v 0.170072 0.437929 2.788607
v 0.154544 0.391411 2.630533
v 0.139943 0.328365 2.473703
v 0.122420 0.312221 2.314090
v 0.102062 0.332381 2.150007
v 0.079647 0.387872 1.980848
v 0.060090 0.447300 1.812196
v 0.044963 0.512656 1.646387
v 0.034194 0.581638 1.483822
v 0.030827 0.507915 1.327433
v 0.037604 0.360556 1.181773
v 0.050413 0.242733 1.043067
v 0.060060 0.193242 0.898208
v 0.072373 0.147152 0.754927
v 0.158682 0.004300 0.716487
v 0.202699 -0.069809 0.588204
v 0.211661 -0.097189 0.405208
v 0.194661 -0.094487 0.162261
v 0.137073 0.079548 0.016577
v 0.133108 0.188407 -0.144969
v 0.136553 0.294675 -0.302769
v 0.143451 0.398865 -0.450683
v 0.151150 0.468542 -0.587120
v 0.159331 0.491234 -0.714733
v 0.169868 0.430454 -0.830633
v 0.179746 0.411643 -0.945716
v 0.186655 0.496990 -1.068180
v 0.192736 0.663425 -1.189641
v 0.200272 0.809145 -1.302948
v 0.208442 0.931427 -1.412631
v 0.216147 0.852628 -1.524226
v 0.225382 0.631133 -1.627843
v 0.234400 0.519090 -1.732360
v 0.241513 0.500582 -1.846124
v 0.247249 0.544688 -1.967744
v 0.251897 0.653120 -2.095887
v 0.257431 0.690608 -2.225079
v 0.263217 0.666516 -2.357389
v 0.268186 0.614092 -2.493220
v 0.271552 0.563994 -2.631331
v 0.273335 0.480002 -2.771262
v 0.273763 0.378568 -2.912852
v 0.273763 0.280089 -3.054942
v 0.273763 0.213561 -3.197033
v 0.273763 0.165029 -3.339123
v 0.273763 0.113743 -3.481214
v 0.273763 0.066017 -3.623304
v 0.273763 0.029610 -3.765394
v 0.273763 0.011372 -3.907485
v 0.273763 0.002957 -4.049575
v 0.273763 -0.000000 -4.191665
v 0.371725 -0.052777 4.177186
v 0.366544 -0.058520 4.028645
v 0.360025 -0.041215 3.878453
v 0.352161 -0.005195 3.726606
v 0.343248 0.039589 3.573474
v 0.333762 0.082998 3.419643
v 0.323248 0.145170 3.264558
v 0.310835 0.260156 3.107160
v 0.293468 0.410058 2.945236
v 0.273398 0.488116 2.781933
v 0.254745 0.472432 2.620814
v 0.239536 0.388518 2.463469
v 0.220416 0.375047 2.302425
v 0.198130 0.409921 2.136736
v 0.176408 0.459086 1.968729
v 0.157625 0.521074 1.801423
v 0.143708 0.580488 1.637482
v 0.133340 0.656167 1.476061
v 0.131212 0.566422 1.319927
v 0.138202 0.388671 1.173623
v 0.150376 0.276776 1.032836
v 0.156801 0.258458 0.880456
v 0.167104 0.228746 0.731422
v 0.225540 0.088308 0.662223
v 0.286557 -0.004770 0.597316
v 0.312401 -0.068966 0.448321
v 0.305109 -0.071372 0.222574
v 0.251379 0.057081 0.020517
v 0.245776 0.168037 -0.146517
v 0.248982 0.272063 -0.305190
v 0.256272 0.366512 -0.453248
v 0.263760 0.449798 -0.592237
v 0.272324 0.462389 -0.719087
v 0.282648 0.413661 -0.835247
v 0.291951 0.412530 -0.951993
v 0.299042 0.491332 -1.073672
v 0.305125 0.650118 -1.194931
v 0.312377 0.802604 -1.308352
v 0.320324 0.935572 -1.417583
v 0.327786 0.941386 -1.528504
v 0.336048 0.689461 -1.634713
v 0.345286 0.529168 -1.736124
v 0.352802 0.473070 -1.846575
v 0.358727 0.486412 -1.966444
v 0.363325 0.566015 -2.094044
v 0.368632 0.595015 -2.223101
v 0.374080 0.584192 -2.355606
v 0.378702 0.548117 -2.491808
v 0.381788 0.506508 -2.630415
v 0.383081 0.427917 -2.770982
v 0.383269 0.326953 -2.912852
v 0.383269 0.236389 -3.054942
v 0.383269 0.176543 -3.197033
v 0.383269 0.131854 -3.339123
v 0.383269 0.084666 -3.481214
v 0.383269 0.045880 -3.623304
v 0.383269 0.019736 -3.765394
v 0.383269 0.007355 -3.907485
v 0.383269 0.001850 -4.049575
v 0.383269 -0.000000 -4.191665
v 0.480822 -0.054629 4.176668
v 0.475531 -0.059925 4.027988
v 0.468830 -0.040060 3.877570
v 0.460789 -0.002783 3.725502
v 0.451567 0.046988 3.571985
v 0.441484 0.103384 3.417418
v 0.430429 0.176554 3.261662
v 0.417714 0.295180 3.103927
v 0.399848 0.434797 2.941671
v 0.379684 0.498907 2.778374
v 0.360981 0.471165 2.617246
v 0.342797 0.422832 2.456982
v 0.321658 0.425761 2.294105
v 0.299658 0.452744 2.129203
v 0.278535 0.494390 1.962422
v 0.258689 0.555855 1.794918
v 0.230225 0.631307 1.619201
v 0.230109 0.752222 1.467656
v 0.232556 0.666242 1.313628
v 0.237305 0.516534 1.160947
v 0.247532 0.378346 1.015696
v 0.256918 0.332726 0.865299
v 0.264872 0.337627 0.708031
v 0.282495 0.257595 0.569578
v 0.368144 0.055738 0.587366
v 0.391559 -0.024909 0.484504
v 0.393483 -0.034412 0.263283
v 0.368243 0.054432 0.028698
v 0.360730 0.137135 -0.142165
v 0.363106 0.243700 -0.303419
v 0.369552 0.348947 -0.454678
v 0.376866 0.439706 -0.595516
v 0.384305 0.501598 -0.726676
v 0.393816 0.472572 -0.845629
v 0.402767 0.480693 -0.963298
v 0.410266 0.556528 -1.082756
v 0.416835 0.728474 -1.200834
v 0.424581 0.905401 -1.310775
v 0.432458 0.964269 -1.420536
v 0.439673 0.975247 -1.531463
v 0.446859 0.767639 -1.640779
v 0.455307 0.597693 -1.743345
v 0.462844 0.512630 -1.851435
v 0.469238 0.481871 -1.967926
v 0.474102 0.527012 -2.093669
v 0.479391 0.539406 -2.221840
v 0.484589 0.531753 -2.354288
v 0.488868 0.510806 -2.490771
v 0.491802 0.450709 -2.629725
v 0.492744 0.364397 -2.770797
v 0.492774 0.275497 -2.912852
v 0.492774 0.207200 -3.054942
v 0.492774 0.159315 -3.197033
v 0.492774 0.114247 -3.339123
v 0.492774 0.071288 -3.481214
v 0.492774 0.038047 -3.623304
v 0.492774 0.016696 -3.765394
v 0.492774 0.006260 -3.907485
v 0.492774 0.001513 -4.049575
v 0.492774 -0.000000 -4.191665
v 0.590078 -0.055764 4.176348
v 0.584728 -0.061177 4.027595
v 0.577905 -0.039250 3.877022
v 0.569710 0.000313 3.724762
v 0.560238 0.054787 3.570933
v 0.549748 0.120101 3.415862
v 0.538293 0.202120 3.259613
v 0.525109 0.331222 3.101345
v 0.508658 0.423438 2.940758
v 0.490308 0.444585 2.779310
v 0.470954 0.432331 2.617459
v 0.451101 0.410311 2.455517
v 0.429090 0.420833 2.291826
v 0.407645 0.436580 2.128076
v 0.386728 0.467014 1.962382
v 0.357224 0.497062 1.789050
v 0.312376 0.571629 1.599497
v 0.328619 0.764862 1.460985
v 0.341709 0.761242 1.315541
v 0.345130 0.583305 1.159266
v 0.353439 0.439376 1.010111
v 0.361897 0.413266 0.855309
v 0.369817 0.453758 0.693329
v 0.384570 0.372638 0.548118
v 0.411375 0.136033 0.605157
v 0.445644 0.011434 0.577187
v 0.481885 -0.022708 0.332523
v 0.483280 0.034651 0.053155
v 0.475846 0.112821 -0.135085
v 0.477912 0.223259 -0.299934
v 0.483883 0.327642 -0.452340
v 0.490163 0.447199 -0.597805
v 0.496397 0.579080 -0.732916
v 0.504795 0.594541 -0.855417
v 0.513423 0.610996 -0.973687
v 0.521285 0.696453 -1.090296
v 0.529074 0.867403 -1.201787
v 0.537544 1.019871 -1.308425
v 0.544720 0.993352 -1.421880
v 0.551521 0.959371 -1.533993
v 0.557973 0.853371 -1.644867
v 0.564904 0.731436 -1.752447
v 0.571608 0.649657 -1.861840
v 0.578384 0.561151 -1.974287
v 0.583692 0.568152 -2.096723
v 0.589215 0.552213 -2.222597
v 0.594444 0.530093 -2.353962
v 0.598657 0.503482 -2.490134
v 0.601436 0.432892 -2.629446
v 0.602279 0.341278 -2.770762
v 0.602279 0.252867 -2.912852
v 0.602279 0.192619 -3.054942
v 0.602279 0.153647 -3.197033
v 0.602279 0.113739 -3.339123
v 0.602279 0.073554 -3.481214
v 0.602279 0.041130 -3.623304
v 0.602279 0.019299 -3.765394
v 0.602279 0.007560 -3.907485
v 0.602279 0.001868 -4.049575
v 0.602279 -0.000000 -4.191665
v 0.699500 -0.056157 4.176235
v 0.694133 -0.061708 4.027459
v 0.687239 -0.037942 3.876796
v 0.678896 0.005499 3.724349
v 0.669316 0.061772 3.570386
v 0.658726 0.128492 3.415188
v 0.647388 0.205396 3.259081
v 0.634665 0.319355 3.101353
v 0.619467 0.389016 2.942033
v 0.601538 0.409932 2.780915
v 0.583257 0.386999 2.620069
v 0.562624 0.381390 2.457278
v 0.539294 0.409367 2.292258
v 0.517187 0.429822 2.128517
v 0.491909 0.433804 1.962961
v 0.460483 0.421773 1.791692
v 0.417946 0.472590 1.603315
v 0.411106 0.575039 1.442976
v 0.443498 0.652927 1.312801
v 0.457989 0.533062 1.166521
v 0.465694 0.453120 1.014444
v 0.472742 0.476533 0.853979
v 0.482489 0.504526 0.693950
v 0.495680 0.430430 0.547165
v 0.506234 0.208720 0.559314
v 0.500747 0.032876 0.657390
v 0.558964 -0.014435 0.370360
v 0.581252 0.026538 0.077858
v 0.587612 0.129832 -0.136728
v 0.590584 0.247920 -0.302665
v 0.597314 0.349196 -0.453520
v 0.603334 0.486056 -0.600005
v 0.609377 0.658721 -0.734013
v 0.617273 0.725728 -0.856470
v 0.625730 0.720679 -0.975347
v 0.633785 0.826141 -1.089370
v 0.642373 0.993305 -1.196538
v 0.650380 1.067776 -1.306325
v 0.656858 0.981699 -1.423014
v 0.663409 0.936948 -1.535186
v 0.669384 0.919531 -1.646587
v 0.675151 0.883489 -1.758317
v 0.680724 0.844026 -1.871428
v 0.686818 0.733969 -1.984253
v 0.692507 0.690248 -2.102787
v 0.698219 0.639261 -2.225693
v 0.703556 0.594222 -2.354957
v 0.707885 0.553516 -2.490186
v 0.710684 0.471168 -2.629549
v 0.711722 0.358297 -2.770807
v 0.711785 0.257167 -2.912852
v 0.711785 0.192548 -3.054942
v 0.711785 0.159059 -3.197033
v 0.711785 0.123751 -3.339123
v 0.711785 0.086580 -3.481214
v 0.711785 0.051671 -3.623304
v 0.711785 0.026389 -3.765394
v 0.711785 0.011188 -3.907485
v 0.711785 0.002822 -4.049575
v 0.711785 -0.000000 -4.191665
v 0.809087 -0.055799 4.176330
v 0.803744 -0.061420 4.027581
v 0.796860 -0.037159 3.876929
v 0.788538 0.006265 3.724505
v 0.778841 0.066827 3.570395
v 0.768141 0.137226 3.415059
v 0.757025 0.207584 3.259224
v 0.745218 0.294983 3.102577
v 0.731822 0.341828 2.945050
v 0.715431 0.352818 2.785356
v 0.697115 0.346401 2.624324
v 0.676733 0.346665 2.461674
v 0.654641 0.362276 2.297742
v 0.624033 0.388299 2.128358
v 0.590695 0.428833 1.959799
v 0.565423 0.404717 1.795190
v 0.553747 0.404602 1.632986
v 0.563596 0.420181 1.486273
v 0.576072 0.429070 1.341302
v 0.580900 0.387579 1.189991
v 0.587367 0.365862 1.036288
v 0.590955 0.426971 0.869799
v 0.599593 0.464363 0.707559
v 0.600528 0.378859 0.593875
v 0.620663 0.217115 0.490759
v 0.594980 -0.004019 0.684902
v 0.646429 -0.024813 0.373136
v 0.683001 0.028022 0.081376
v 0.700379 0.147841 -0.134655
v 0.704108 0.274386 -0.301320
v 0.710158 0.415667 -0.457045
v 0.716342 0.574423 -0.601195
v 0.723037 0.753060 -0.729518
v 0.730903 0.808235 -0.851348
v 0.738984 0.772026 -0.972274
v 0.746947 0.828945 -1.087243
v 0.754813 0.928872 -1.198281
v 0.762218 0.976309 -1.309892
v 0.768971 0.944917 -1.423128
v 0.775325 0.898160 -1.534872
v 0.781000 0.880198 -1.646215
v 0.786154 0.929535 -1.759538
v 0.791102 0.991115 -1.874978
v 0.796217 0.950190 -1.991157
v 0.801566 0.873938 -2.108857
v 0.807047 0.789627 -2.229983
v 0.812327 0.711942 -2.356946
v 0.816867 0.630677 -2.490721
v 0.819772 0.520265 -2.629790
v 0.821056 0.387150 -2.770930
v 0.821290 0.276596 -2.912852
v 0.821290 0.203102 -3.054942
v 0.821290 0.167351 -3.197033
v 0.821290 0.139443 -3.339123
v 0.821290 0.104673 -3.481214
v 0.821290 0.067397 -3.623304
v 0.821290 0.036868 -3.765394
v 0.821290 0.015942 -3.907485
v 0.821290 0.003983 -4.049575
v 0.821290 -0.000000 -4.191665
v 0.918839 -0.054697 4.176630
v 0.913574 -0.060934 4.027974
v 0.906774 -0.037112 3.877424
v 0.898454 0.008978 3.725002
v 0.888674 0.074589 3.570786
v 0.877977 0.146952 3.415452
v 0.866804 0.221288 3.259543
v 0.855822 0.286145 3.103891
v 0.844405 0.307428 2.948394
v 0.830261 0.301478 2.790883
v 0.813815 0.288987 2.631583
v 0.794193 0.295966 2.469512
v 0.768919 0.323050 2.300228
v 0.731569 0.329035 2.125621
v 0.695801 0.369267 1.959414
v 0.685761 0.370717 1.806947
v 0.700290 0.326555 1.665952
v 0.707671 0.295262 1.521169
v 0.706477 0.293461 1.370547
v 0.708585 0.294254 1.218190
v 0.711654 0.311007 1.060667
v 0.713928 0.366677 0.894015
v 0.722373 0.380731 0.734213
v 0.720896 0.272673 0.632423
v 0.730908 0.130061 0.584903
v 0.708757 -0.036658 0.645852
v 0.743608 -0.036881 0.347063
v 0.793765 0.035922 0.062228
v 0.814509 0.160898 -0.126731
v 0.817771 0.319788 -0.298929
v 0.824065 0.479960 -0.454973
v 0.830550 0.606253 -0.595309
v 0.837161 0.739764 -0.724128
v 0.844712 0.774570 -0.847347
v 0.852496 0.782018 -0.967202
v 0.860133 0.877221 -1.081419
v 0.867754 0.964082 -1.193190
v 0.874594 0.930635 -1.308457
v 0.881170 0.887754 -1.421380
v 0.887180 0.874355 -1.532893
v 0.892341 0.895338 -1.645283
v 0.897115 0.952228 -1.759446
v 0.901924 1.062538 -1.875075
v 0.906840 1.084016 -1.991961
v 0.911626 0.969382 -2.110388
v 0.916573 0.905429 -2.232108
v 0.921456 0.814232 -2.358423
v 0.925790 0.717041 -2.491463
v 0.928748 0.575461 -2.630138
v 0.930265 0.448629 -2.771141
v 0.930796 0.331568 -2.912852
v 0.930796 0.243751 -3.054942
v 0.930796 0.188184 -3.197033
v 0.930796 0.154696 -3.339123
v 0.930796 0.124441 -3.481214
v 0.930796 0.086905 -3.623304
v 0.930796 0.048607 -3.765394
v 0.930796 0.020965 -3.907485
v 0.930796 0.005057 -4.049575
v 0.930796 -0.000000 -4.191665
v 1.028750 -0.052877 4.177130
v 1.023594 -0.059343 4.028608
v 1.016924 -0.035950 3.878217
v 1.008728 0.010377 3.725945
v 0.999273 0.069792 3.572129
v 0.988712 0.142359 3.416959
v 0.977549 0.220418 3.261061
v 0.967455 0.261042 3.106493
v 0.957813 0.265859 2.952786
v 0.945400 0.259774 2.796866
v 0.930184 0.253720 2.638627
v 0.912136 0.254203 2.476760
v 0.885190 0.282120 2.300056
v 0.850722 0.282871 2.127130
v 0.822441 0.304989 1.968890
v 0.824103 0.312692 1.827907
v 0.835337 0.277140 1.688777
v 0.832379 0.257219 1.540203
v 0.829482 0.271933 1.389157
v 0.830054 0.291121 1.235730
v 0.834676 0.298410 1.081514
v 0.839405 0.323353 0.921389
v 0.850170 0.303099 0.769334
v 0.867429 0.220092 0.636394
v 0.849031 0.087214 0.608186
v 0.828560 -0.051803 0.518141
v 0.851646 -0.047417 0.303892
v 0.904399 0.058682 0.051065
v 0.927791 0.198790 -0.121034
v 0.933069 0.351553 -0.289687
v 0.938628 0.540857 -0.447740
v 0.944611 0.679332 -0.586437
v 0.951323 0.796646 -0.713621
v 0.958557 0.796692 -0.838709
v 0.965961 0.816794 -0.959033
v 0.973295 0.874447 -1.075145
v 0.980403 0.886247 -1.190518
v 0.987192 0.844101 -1.304808
v 0.993594 0.808281 -1.416714
v 0.999130 0.812228 -1.528632
v 1.003606 0.878916 -1.642888
v 1.008009 0.940110 -1.757890
v 1.012525 1.016987 -1.873817
v 1.017140 0.962588 -1.990225
v 1.021940 0.876095 -2.108067
v 1.026503 0.884456 -2.231288
v 1.030856 0.867175 -2.358896
v 1.034755 0.786887 -2.492123
v 1.037667 0.629033 -2.630559
v 1.039405 0.516495 -2.771402
v 1.040254 0.404650 -2.912886
v 1.040301 0.301551 -3.054942
v 1.040301 0.219801 -3.197033
v 1.040301 0.171629 -3.339123
v 1.040301 0.139455 -3.481214
v 1.040301 0.100754 -3.623304
v 1.040301 0.056570 -3.765394
v 1.040301 0.024399 -3.907485
v 1.040301 0.005677 -4.049575
v 1.040301 -0.000000 -4.191665
v 1.138809 -0.050382 4.177816
v 1.133798 -0.056851 4.029472
v 1.127299 -0.033686 3.879291
v 1.119367 0.009661 3.727342
v 1.110303 0.062627 3.574007
v 1.099942 0.135387 3.419081
v 1.089110 0.208920 3.263588
v 1.079568 0.237636 3.109696
v 1.070787 0.240332 2.956831
v 1.059153 0.252708 2.801454
v 1.044059 0.263210 2.642732
v 1.025760 0.258268 2.476092
v 1.001994 0.271637 2.300326
v 0.976642 0.279325 2.136631
v 0.956735 0.312370 1.986226
v 0.959001 0.304662 1.848494
v 0.957738 0.274004 1.703397
v 0.952675 0.275490 1.553898
v 0.949097 0.300958 1.402831
v 0.949865 0.322702 1.249984
v 0.958763 0.293486 1.103447
v 0.966595 0.289019 0.950912
v 0.977050 0.270432 0.800174
v 0.994852 0.192615 0.664653
v 0.967592 0.078955 0.591993
v 0.938784 -0.072773 0.494424
v 0.960411 -0.077872 0.268341
v 1.022582 0.089468 0.051232
v 1.044199 0.207929 -0.103608
v 1.050234 0.345073 -0.270350
v 1.053978 0.558130 -0.433829
v 1.059029 0.763200 -0.572616
v 1.066034 0.909566 -0.696179
v 1.072453 0.852946 -0.826079
v 1.079466 0.830234 -0.949007
v 1.086676 0.792277 -1.068008
v 1.093674 0.770967 -1.183450
v 1.100321 0.737634 -1.296346
v 1.106521 0.697704 -1.407202
v 1.111500 0.702597 -1.519875
v 1.115301 0.763621 -1.636147
v 1.119074 0.840006 -1.753165
v 1.123207 0.871086 -1.869491
v 1.127885 0.786127 -1.984328
v 1.132506 0.733246 -2.102955
v 1.136541 0.776526 -2.228448
v 1.140309 0.843483 -2.358384
v 1.143857 0.768987 -2.492306
v 1.146731 0.635166 -2.630886
v 1.148607 0.545481 -2.771620
v 1.149647 0.460677 -2.912966
v 1.149806 0.360508 -3.054942
v 1.149806 0.254631 -3.197033
v 1.149806 0.188764 -3.339123
v 1.149806 0.145191 -3.481214
v 1.149806 0.103840 -3.623304
v 1.149806 0.059859 -3.765394
v 1.149806 0.025545 -3.907485
v 1.149806 0.005677 -4.049575
v 1.149806 -0.000000 -4.191665
v 1.249005 -0.047270 4.178674
v 1.244185 -0.054059 4.030564
v 1.237884 -0.030293 3.880625
v 1.230177 0.013152 3.728954
v 1.221387 0.064897 3.575953
v 1.211299 0.136949 3.421363
v 1.200453 0.218889 3.265850
v 1.190732 0.259758 3.111738
v 1.181950 0.272219 2.958816
v 1.170779 0.299304 2.803754
v 1.155394 0.316633 2.642829
v 1.138132 0.294508 2.474659
v 1.118332 0.309015 2.306057
v 1.100485 0.334176 2.152447
v 1.087773 0.358160 2.006852
v 1.081097 0.353187 1.860520
v 1.074963 0.334546 1.712218
v 1.070763 0.334640 1.564641
v 1.070774 0.330845 1.418321
v 1.074929 0.319583 1.271395
v 1.087022 0.260599 1.131836
v 1.097620 0.233369 0.986904
v 1.107474 0.219163 0.837875
v 1.119632 0.156041 0.701998
v 1.034774 0.000616 0.708020
v 1.043062 -0.089551 0.496970
v 1.086137 -0.054240 0.231262
v 1.143865 0.125619 0.061658
v 1.161515 0.214651 -0.082213
v 1.167503 0.343730 -0.248562
v 1.170085 0.530855 -0.413599
v 1.173800 0.811886 -0.555928
v 1.180524 0.942518 -0.680763
v 1.186359 0.868199 -0.812709
v 1.193099 0.793634 -0.937628
v 1.200498 0.710315 -1.055798
v 1.207571 0.662038 -1.169873
v 1.213812 0.635285 -1.282631
v 1.219411 0.607858 -1.394273
v 1.223619 0.621110 -1.509112
v 1.226960 0.669238 -1.626824
v 1.230371 0.721948 -1.744776
v 1.234172 0.738597 -1.861876
v 1.238717 0.658241 -1.976873
v 1.243026 0.611588 -2.096985
v 1.246442 0.678628 -2.225271
v 1.249602 0.791962 -2.357613
v 1.252806 0.794981 -2.492739
v 1.255714 0.699377 -2.631291
v 1.257798 0.591861 -2.771844
v 1.259023 0.505040 -2.913059
v 1.259312 0.406988 -3.054942
v 1.259312 0.294287 -3.197033
v 1.259312 0.213274 -3.339123
v 1.259312 0.156095 -3.481214
v 1.259312 0.106096 -3.623304
v 1.259312 0.061059 -3.765394
v 1.259312 0.025546 -3.907485
v 1.259312 0.005228 -4.049575
v 1.259312 -0.000000 -4.191665
v 1.359318 -0.043619 4.179680
v 1.354733 -0.051055 4.031860
v 1.348652 -0.025676 3.882192
v 1.341189 0.018978 3.730819
v 1.332597 0.073671 3.578063
v 1.322398 0.159527 3.423333
v 1.311882 0.240657 3.268226
v 1.302233 0.287773 3.114202
v 1.293083 0.323700 2.960820
v 1.282783 0.364813 2.806577
v 1.268701 0.371681 2.646673
v 1.255155 0.323533 2.484985
v 1.242362 0.300922 2.328236
v 1.228287 0.330063 2.176948
v 1.213764 0.373128 2.025067
v 1.200401 0.412444 1.870254
v 1.192637 0.421237 1.720893
v 1.191042 0.395937 1.576888
v 1.195358 0.345297 1.436497
v 1.202865 0.298852 1.295986
v 1.217973 0.210405 1.163350
v 1.231049 0.160027 1.025944
v 1.241298 0.139511 0.881749
v 1.200824 0.040864 0.801780
v 1.125775 -0.075446 0.723864
v 1.155145 -0.099384 0.485337
v 1.223152 -0.003727 0.200856
v 1.263959 0.167861 0.072525
v 1.276991 0.282413 -0.071358
v 1.283345 0.385354 -0.231796
v 1.286159 0.511827 -0.390689
v 1.288773 0.733756 -0.539364
v 1.294471 0.898505 -0.668001
v 1.300245 0.840865 -0.798607
v 1.306781 0.763338 -0.923246
v 1.313671 0.698837 -1.041993
v 1.320260 0.650433 -1.157191
v 1.325796 0.633520 -1.272154
v 1.330499 0.628243 -1.387208
v 1.334552 0.616852 -1.501929
v 1.337699 0.657973 -1.620272
v 1.340999 0.690145 -1.738248
v 1.344620 0.691040 -1.855758
v 1.348754 0.627255 -1.972583
v 1.352709 0.580829 -2.094067
v 1.355879 0.629126 -2.223226
v 1.358820 0.735281 -2.356770
v 1.361872 0.820138 -2.492985
v 1.364779 0.778556 -2.631639
v 1.366958 0.681971 -2.772091
v 1.368369 0.576404 -2.913172
v 1.368817 0.462010 -3.054942
v 1.368817 0.347460 -3.197033
v 1.368817 0.253702 -3.339123
v 1.368817 0.176773 -3.481214
v 1.368817 0.113351 -3.623304
v 1.368817 0.062981 -3.765394
v 1.368817 0.025574 -3.907485
v 1.368817 0.004716 -4.049575
v 1.368817 -0.000000 -4.191665
v 1.469728 -0.039521 4.180809
v 1.465426 -0.048345 4.033338
v 1.459648 -0.022915 3.884042
v 1.452468 0.023612 3.733018
v 1.444213 0.078353 3.580676
v 1.434586 0.157099 3.426650
v 1.424433 0.237924 3.271990
v 1.414879 0.293137 3.118092
v 1.410105 0.346489 2.972016
v 1.400211 0.399689 2.816921
v 1.385043 0.399850 2.655522
v 1.374831 0.342574 2.500730
v 1.366398 0.288668 2.350756
v 1.353948 0.305344 2.197712
v 1.336780 0.384756 2.038681
v 1.322984 0.449537 1.883240
v 1.315858 0.460324 1.734529
v 1.316085 0.412502 1.592973
v 1.322770 0.333706 1.456762
v 1.331991 0.268933 1.320788
v 1.346270 0.183080 1.189188
v 1.361047 0.110610 1.057267
v 1.367407 0.072220 0.925983
v 1.285912 -0.077151 0.895524
v 1.258180 -0.138675 0.693428
v 1.275361 -0.120000 0.448502
v 1.344442 0.030320 0.203783
v 1.381707 0.212508 0.084295
v 1.392990 0.369661 -0.059380
v 1.398481 0.444191 -0.215392
v 1.401816 0.511866 -0.367321
v 1.404497 0.654031 -0.516508
v 1.408824 0.780710 -0.652666
v 1.414242 0.810117 -0.781858
v 1.420025 0.789035 -0.907302
v 1.425775 0.774218 -1.029358
v 1.431090 0.774427 -1.149356
v 1.436242 0.732469 -1.266318
v 1.440949 0.686585 -1.381236
v 1.444497 0.693791 -1.498386
v 1.447628 0.729408 -1.616854
v 1.450818 0.759291 -1.735343
v 1.454170 0.778811 -1.854427
v 1.457862 0.721982 -1.972967
v 1.461607 0.639995 -2.094207
v 1.464934 0.639232 -2.222493
v 1.468099 0.707474 -2.356066
v 1.471269 0.763538 -2.492678
v 1.474162 0.754153 -2.631709
v 1.476271 0.730341 -2.772229
v 1.477764 0.622972 -2.913251
v 1.478322 0.512326 -3.054942
v 1.478322 0.403209 -3.197033
v 1.478322 0.301957 -3.339123
v 1.478322 0.206635 -3.481214
v 1.478322 0.127677 -3.623304
v 1.478322 0.068597 -3.765394
v 1.478322 0.025754 -3.907485
v 1.478322 0.003954 -4.049575
v 1.478322 -0.000000 -4.191665
v 1.580212 -0.035084 4.182031
v 1.576231 -0.045722 4.034956
v 1.570888 -0.024794 3.886199
v 1.564274 0.014380 3.735873
v 1.556550 0.064980 3.584185
v 1.547538 0.137392 3.430915
v 1.537897 0.214601 3.276883
v 1.529405 0.274311 3.124944
v 1.532445 0.350883 2.993013
v 1.527098 0.415429 2.841399
v 1.508609 0.389599 2.670520
v 1.496225 0.328317 2.515246
v 1.487594 0.281864 2.364950
v 1.476663 0.294103 2.211523
v 1.461547 0.373700 2.054129
v 1.448841 0.443845 1.899564
v 1.441932 0.464023 1.750972
v 1.442095 0.419602 1.609433
v 1.447441 0.353003 1.472676
v 1.454579 0.304663 1.335605
v 1.467641 0.216657 1.203680
v 1.484129 0.111471 1.076095
v 1.485625 0.038808 0.974946
v 1.447131 -0.100883 0.917482
v 1.401647 -0.160779 0.685587
v 1.398385 -0.129840 0.426267
v 1.462220 0.062349 0.223402
v 1.496272 0.253991 0.106255
v 1.508743 0.471061 -0.045808
v 1.512740 0.528303 -0.199902
v 1.516232 0.568824 -0.348177
v 1.519115 0.692025 -0.495293
v 1.523413 0.757847 -0.631827
v 1.528220 0.791347 -0.762920
v 1.533059 0.838264 -0.890456
v 1.537942 0.869409 -1.014960
v 1.542605 0.922424 -1.136960
v 1.547002 0.874098 -1.257384
v 1.551086 0.822403 -1.375454
v 1.554469 0.812216 -1.493518
v 1.557562 0.844894 -1.612509
v 1.560663 0.860847 -1.731471
v 1.563852 0.874916 -1.851401
v 1.567096 0.823212 -1.971873
v 1.570488 0.720697 -2.094114
v 1.574034 0.679062 -2.221918
v 1.577574 0.687165 -2.355193
v 1.580904 0.703906 -2.492250
v 1.583778 0.683165 -2.631590
v 1.585863 0.653992 -2.772167
v 1.587263 0.610004 -2.913256
v 1.587825 0.544922 -3.054944
v 1.587828 0.433784 -3.197033
v 1.587828 0.331911 -3.339123
v 1.587828 0.228633 -3.481214
v 1.587828 0.140302 -3.623304
v 1.587828 0.071359 -3.765394
v 1.587828 0.024950 -3.907485
v 1.587828 0.003058 -4.049575
v 1.587828 -0.000000 -4.191665
v 1.690739 -0.030430 4.183311
v 1.687107 -0.042937 4.036668
v 1.682269 -0.028820 3.888535
v 1.676276 0.001846 3.738976
v 1.669301 0.041484 3.588212
v 1.661303 0.095232 3.436191
v 1.652366 0.164664 3.283023
v 1.643289 0.248467 3.130119
v 1.644816 0.355455 2.996512
v 1.643111 0.416810 2.848520
v 1.632810 0.408186 2.681324
v 1.622520 0.358874 2.526298
v 1.607159 0.307284 2.374548
v 1.595895 0.327280 2.221775
v 1.583411 0.401836 2.066856
v 1.572905 0.464947 1.914324
v 1.567466 0.474922 1.767090
v 1.568841 0.412522 1.626753
v 1.573070 0.356737 1.489233
v 1.577860 0.331533 1.350664
v 1.587289 0.270728 1.214976
v 1.601349 0.167946 1.084914
v 1.607603 0.067741 0.993171
v 1.564773 -0.103543 0.943143
v 1.533584 -0.144001 0.698782
v 1.529583 -0.074575 0.436282
v 1.576808 0.079048 0.272692
v 1.614160 0.247199 0.148911
v 1.626124 0.422748 -0.012631
v 1.628071 0.547974 -0.176088
v 1.631280 0.585474 -0.324404
v 1.633897 0.699194 -0.472128
v 1.637682 0.763759 -0.610341
v 1.642409 0.733175 -0.741452
v 1.646783 0.751152 -0.870583
v 1.650791 0.820082 -0.997793
v 1.654775 0.902768 -1.121888
v 1.658595 0.906632 -1.243801
v 1.662009 0.892774 -1.364387
v 1.664966 0.927537 -1.484859
v 1.667839 0.929175 -1.604766
v 1.670650 0.918232 -1.724862
v 1.673506 0.885588 -1.845575
v 1.676444 0.843523 -1.967905
v 1.679701 0.791253 -2.092627
v 1.683393 0.721018 -2.220822
v 1.687263 0.669541 -2.354192
v 1.690829 0.624739 -2.491632
v 1.693592 0.595263 -2.631346
v 1.695593 0.563465 -2.772006
v 1.696874 0.536452 -2.913180
v 1.697333 0.474717 -3.054942
v 1.697333 0.390129 -3.197033
v 1.697333 0.324263 -3.339123
v 1.697333 0.240110 -3.481214
v 1.697333 0.146197 -3.623304
v 1.697333 0.072167 -3.765394
v 1.697333 0.024000 -3.907485
v 1.697333 0.002050 -4.049575
v 1.697333 -0.000000 -4.191665
v 1.801281 -0.025698 4.184612
v 1.798013 -0.039340 4.038419
v 1.793709 -0.033098 3.890945
v 1.788387 -0.012702 3.742216
v 1.782179 0.015958 3.592400
v 1.775030 0.058042 3.441426
v 1.766780 0.122202 3.289102
v 1.757460 0.212758 3.135471
v 1.750504 0.312205 2.986631
v 1.746866 0.361612 2.838036
v 1.747534 0.390783 2.685438
v 1.748924 0.378492 2.537775
v 1.734073 0.351612 2.387508
v 1.714156 0.372832 2.231199
v 1.704757 0.430537 2.079262
v 1.697124 0.470153 1.929472
v 1.692508 0.482195 1.782950
v 1.692462 0.446394 1.641172
v 1.696052 0.391540 1.503118
v 1.700618 0.360557 1.365119
v 1.708246 0.308294 1.228233
v 1.718122 0.236140 1.092925
v 1.726087 0.143145 0.967701
v 1.679679 -0.062687 0.912208
v 1.653495 -0.131322 0.707529
v 1.652894 -0.076733 0.498260
v 1.695241 0.072444 0.323898
v 1.734882 0.196310 0.192377
v 1.743454 0.330656 0.026424
v 1.745508 0.448463 -0.138563
v 1.747515 0.516992 -0.292374
v 1.749800 0.595376 -0.441397
v 1.752759 0.659898 -0.583320
v 1.757228 0.627749 -0.714330
v 1.761316 0.621462 -0.843689
v 1.764296 0.690354 -0.974948
v 1.766973 0.814365 -1.104378
v 1.770079 0.878504 -1.228779
v 1.772908 0.901746 -1.351408
v 1.775461 0.930141 -1.473494
v 1.777881 0.892272 -1.594599
v 1.780366 0.899749 -1.716618
v 1.783017 0.873403 -1.839012
v 1.786008 0.839254 -1.962854
v 1.789332 0.817772 -2.089488
v 1.793079 0.752226 -2.219143
v 1.797076 0.673177 -2.353317
v 1.800771 0.584386 -2.491154
v 1.803428 0.541840 -2.631110
v 1.805314 0.515091 -2.771852
v 1.806509 0.471276 -2.913088
v 1.806839 0.399823 -3.054942
v 1.806839 0.337648 -3.197033
v 1.806839 0.295249 -3.339123
v 1.806839 0.234762 -3.481214
v 1.806839 0.147780 -3.623304
v 1.806839 0.070867 -3.765394
v 1.806839 0.021758 -3.907485
v 1.806839 0.000870 -4.049575
v 1.806839 -0.000000 -4.191665
v 1.911802 -0.021038 4.185891
v 1.908903 -0.034273 4.040154
v 1.905118 -0.035033 3.893322
v 1.900414 -0.022675 3.745357
v 1.894938 -0.004031 3.596445
v 1.888679 0.024625 3.446571
v 1.881436 0.073365 3.295487
v 1.873128 0.147794 3.143099
v 1.864466 0.230362 2.990289
v 1.856425 0.296874 2.838260
v 1.853267 0.315887 2.689341
v 1.863685 0.328570 2.548172
v 1.864344 0.361961 2.405046
v 1.839094 0.369183 2.245917
v 1.826551 0.422309 2.092474
v 1.820653 0.459302 1.944248
v 1.815530 0.508546 1.797030
v 1.812808 0.542976 1.652438
v 1.815040 0.500529 1.512995
v 1.821159 0.418457 1.377078
v 1.829415 0.330666 1.242275
v 1.837724 0.258348 1.106307
v 1.845473 0.154952 0.972059
v 1.782014 -0.053313 0.900086
v 1.765381 -0.130257 0.723683
v 1.772595 -0.094369 0.535901
v 1.813466 0.038671 0.364888
v 1.853190 0.130712 0.226960
v 1.860428 0.239693 0.063626
v 1.862237 0.357011 -0.101914
v 1.863480 0.438612 -0.258769
v 1.866387 0.460625 -0.403350
v 1.869016 0.501247 -0.546243
v 1.872553 0.497651 -0.680511
v 1.875715 0.506413 -0.813040
v 1.877710 0.577637 -0.948392
v 1.879243 0.702097 -1.083021
v 1.881366 0.793036 -1.211573
v 1.883491 0.854944 -1.337191
v 1.885569 0.867406 -1.460947
v 1.887678 0.827375 -1.583383
v 1.890083 0.822415 -1.706719
v 1.892918 0.767214 -1.829731
v 1.896053 0.754499 -1.955681
v 1.899455 0.759176 -2.084665
v 1.903249 0.726580 -2.216645
v 1.907178 0.659838 -2.352297
v 1.910686 0.578015 -2.490756
v 1.913234 0.525322 -2.630895
v 1.915037 0.489517 -2.771697
v 1.916116 0.440641 -2.913015
v 1.916344 0.369346 -3.054942
v 1.916344 0.310310 -3.197033
v 1.916344 0.259310 -3.339123
v 1.916344 0.199202 -3.481214
v 1.916344 0.129441 -3.623304
v 1.916344 0.059748 -3.765394
v 1.916344 0.016198 -3.907485
v 1.916344 0.000027 -4.049575
v 1.916344 -0.000000 -4.191665
v 2.022265 -0.016613 4.187101
v 2.019748 -0.028188 4.041836
v 2.016468 -0.035018 3.895629
v 2.012347 -0.029230 3.748386
v 2.007546 -0.018780 3.600307
v 2.002103 -0.001592 3.451442
v 1.995884 0.030696 3.301622
v 1.988699 0.086707 3.150618
v 1.981005 0.154386 2.998995
v 1.973459 0.218843 2.847572
v 1.967522 0.238028 2.698142
v 1.965470 0.242972 2.551653
v 1.980245 0.307628 2.415741
v 1.976384 0.353136 2.268844
v 1.950377 0.372059 2.107370
v 1.943220 0.416457 1.958529
v 1.937938 0.508055 1.810833
v 1.934965 0.574459 1.665819
v 1.936652 0.540533 1.525841
v 1.942471 0.438081 1.390143
v 1.950612 0.318922 1.256622
v 1.958554 0.218210 1.122502
v 1.962152 0.119441 0.988274
v 1.887125 -0.094103 0.934491
v 1.884343 -0.135779 0.747607
v 1.898042 -0.107874 0.569372
v 1.936447 0.002529 0.401055
v 1.970130 0.081649 0.254548
v 1.977164 0.181088 0.094215
v 1.978620 0.277953 -0.067622
v 1.979388 0.350121 -0.223598
v 1.981905 0.366958 -0.368157
v 1.984702 0.372771 -0.508116
v 1.987260 0.384619 -0.645922
v 1.989073 0.425553 -0.784358
v 1.990146 0.506404 -0.923587
v 1.991129 0.604242 -1.060098
v 1.992444 0.686616 -1.191936
v 1.993890 0.772252 -1.321332
v 1.995720 0.799786 -1.447292
v 1.997803 0.791164 -1.571904
v 2.000303 0.761490 -1.696172
v 2.003341 0.696566 -1.820529
v 2.006579 0.684814 -1.948563
v 2.010065 0.688300 -2.079749
v 2.013943 0.649621 -2.213746
v 2.017672 0.602032 -2.351006
v 2.020803 0.549463 -2.490223
v 2.023125 0.507008 -2.630619
v 2.024807 0.461258 -2.771507
v 2.025717 0.419581 -2.912946
v 2.025849 0.352845 -3.054942
v 2.025849 0.289928 -3.197033
v 2.025849 0.229776 -3.339123
v 2.025849 0.168277 -3.481214
v 2.025849 0.104514 -3.623304
v 2.025849 0.045903 -3.765394
v 2.025849 0.009717 -3.907485
v 2.025849 -0.000000 -4.049575
v 2.025849 -0.000000 -4.191665
v 2.132654 -0.012513 4.188221
v 2.130525 -0.022365 4.043436
v 2.127717 -0.032619 3.897814
v 2.124162 -0.033009 3.751271
v 2.119983 -0.029003 3.603961
v 2.115237 -0.019378 3.455957
v 2.109872 0.001386 3.307192
v 2.103710 0.042023 3.157449
v 2.097121 0.091539 3.007189
v 2.090419 0.144894 2.856800
v 2.084368 0.182998 2.707227
v 2.079322 0.200797 2.558903
v 2.079768 0.238350 2.414258
v 2.095692 0.312328 2.279710
v 2.079672 0.346886 2.124820
v 2.062513 0.383181 1.969910
v 2.059240 0.462155 1.824044
v 2.056833 0.540599 1.679381
v 2.058534 0.505836 1.539414
v 2.063100 0.415680 1.402719
v 2.069369 0.304115 1.267939
v 2.075453 0.204805 1.132883
v 2.078382 0.112763 0.997136
v 2.041222 -0.020566 0.887581
v 2.014374 -0.134780 0.756599
v 2.030805 -0.109420 0.593742
v 2.069396 -0.027841 0.427435
v 2.085523 0.044613 0.276512
v 2.093725 0.137720 0.120674
v 2.095427 0.202990 -0.034780
v 2.096209 0.251253 -0.186800
v 2.097632 0.283292 -0.334051
v 2.099655 0.294334 -0.475719
v 2.101350 0.314091 -0.616049
v 2.102256 0.363948 -0.757500
v 2.102701 0.436476 -0.898337
v 2.103192 0.515307 -1.036273
v 2.104003 0.580163 -1.170163
v 2.105085 0.639820 -1.301536
v 2.106578 0.684282 -1.430675
v 2.108542 0.704921 -1.558239
v 2.111110 0.682765 -1.684607
v 2.114308 0.623867 -1.811211
v 2.117735 0.596735 -1.941311
v 2.121330 0.587786 -2.074909
v 2.124993 0.567446 -2.211318
v 2.128346 0.536367 -2.349806
v 2.131119 0.489926 -2.489610
v 2.133153 0.464474 -2.630245
v 2.134625 0.419350 -2.771284
v 2.135320 0.369526 -2.912877
v 2.135355 0.314181 -3.054942
v 2.135355 0.260958 -3.197033
v 2.135355 0.206303 -3.339123
v 2.135355 0.140969 -3.481214
v 2.135355 0.079928 -3.623304
v 2.135355 0.031907 -3.765394
v 2.135355 0.003899 -3.907485
v 2.135355 -0.000000 -4.049575
v 2.135355 -0.000000 -4.191665
v 2.242966 -0.008766 4.189245
v 2.241188 -0.017022 4.044899
v 2.238829 -0.027771 3.899833
v 2.235807 -0.033008 3.753949
v 2.232195 -0.033529 3.607342
v 2.228088 -0.030233 3.460127
v 2.223469 -0.018278 3.312284
v 2.218176 0.011234 3.163614
v 2.212506 0.048597 3.014486
v 2.206697 0.090024 2.865197
v 2.201224 0.124897 2.716332
v 2.196103 0.158615 2.567912
v 2.191586 0.187781 2.420249
v 2.194377 0.232911 2.277406
v 2.193666 0.287175 2.132517
v 2.180572 0.340568 1.980230
v 2.177725 0.409385 1.834891
v 2.176953 0.446830 1.691893
v 2.179345 0.383580 1.552782
v 2.182096 0.342420 1.414121
v 2.186550 0.267264 1.277558
v 2.191920 0.178517 1.142247
v 2.192093 0.085040 1.008553
v 2.155778 -0.061883 0.894181
v 2.139712 -0.143166 0.763307
v 2.158680 -0.110745 0.601305
v 2.188726 -0.066782 0.442300
v 2.201824 0.023939 0.294594
v 2.210463 0.092280 0.144876
v 2.211910 0.143158 -0.006709
v 2.211737 0.205067 -0.159515
v 2.212578 0.238456 -0.306787
v 2.213823 0.256969 -0.450052
v 2.214834 0.280182 -0.591814
v 2.215196 0.326472 -0.734091
v 2.215238 0.387372 -0.875363
v 2.215463 0.444984 -1.013579
v 2.215950 0.498748 -1.149094
v 2.216820 0.545168 -1.282208
v 2.218074 0.588569 -1.413866
v 2.220031 0.600910 -1.543470
v 2.222581 0.592345 -1.672727
v 2.225802 0.551800 -1.802516
v 2.229341 0.520178 -1.935310
v 2.232749 0.517770 -2.071350
v 2.236101 0.501536 -2.209365
v 2.239097 0.468943 -2.348687
v 2.241486 0.428570 -2.488994
v 2.243297 0.392210 -2.629789
v 2.244480 0.344689 -2.771033
v 2.244860 0.293574 -2.912852
v 2.244860 0.243522 -3.054942
v 2.244860 0.212769 -3.197033
v 2.244860 0.176426 -3.339123
v 2.244860 0.116760 -3.481214
v 2.244860 0.058282 -3.623304
v 2.244860 0.018590 -3.765394
v 2.244860 0.000201 -3.907485
v 2.244860 -0.000000 -4.049575
v 2.244860 -0.000000 -4.191665
v 2.353173 -0.005515 4.190136
v 2.351722 -0.012246 4.046203
v 2.349778 -0.021249 3.901653
v 2.347265 -0.030214 3.756399
v 2.344188 -0.034046 3.610453
v 2.340652 -0.034860 3.463945
v 2.336677 -0.028934 3.316897
v 2.332163 -0.008953 3.169190
v 2.327261 0.020537 3.021008
v 2.322224 0.053616 2.872671
v 2.317394 0.083135 2.724598
v 2.312673 0.117943 2.576668
v 2.308608 0.143877 2.429558
v 2.305115 0.168187 2.283163
v 2.302341 0.199662 2.137472
v 2.298762 0.262694 1.991183
v 2.296452 0.321873 1.846277
v 2.296158 0.335417 1.703858
v 2.298307 0.284299 1.564451
v 2.301380 0.228372 1.426185
v 2.305348 0.166130 1.289025
v 2.309658 0.094306 1.152895
v 2.304245 0.003286 1.021289
v 2.268648 -0.124303 0.906238
v 2.264702 -0.163809 0.766216
v 2.289179 -0.113140 0.603420
v 2.306060 -0.069276 0.454638
v 2.319793 0.028646 0.309406
v 2.325959 0.080886 0.162031
v 2.326682 0.132176 0.012096
v 2.325877 0.205455 -0.140453
v 2.326439 0.234911 -0.286757
v 2.327235 0.252518 -0.430151
v 2.327837 0.271144 -0.572033
v 2.327880 0.306904 -0.714038
v 2.327686 0.355687 -0.855233
v 2.327602 0.411625 -0.994715
v 2.327896 0.458366 -1.131437
v 2.328739 0.487382 -1.265470
v 2.329952 0.521804 -1.398839
v 2.331901 0.531517 -1.530685
v 2.334631 0.506124 -1.661956
v 2.337818 0.477742 -1.795106
v 2.341138 0.458777 -1.930757
v 2.344174 0.466916 -2.068794
v 2.347193 0.445003 -2.207810
v 2.349809 0.405388 -2.347749
v 2.351888 0.361682 -2.488352
v 2.353407 0.318749 -2.629356
v 2.354243 0.275191 -2.770849
v 2.354365 0.226389 -2.912852
v 2.354365 0.183271 -3.054942
v 2.354365 0.156090 -3.197033
v 2.354365 0.129521 -3.339123
v 2.354365 0.086197 -3.481214
v 2.354365 0.035949 -3.623304
v 2.354365 0.006455 -3.765394
v 2.354365 -0.000000 -3.907485
v 2.354365 -0.000000 -4.049575
v 2.354365 -0.000000 -4.191665
v 2.463240 -0.002913 4.190852
v 2.462133 -0.008046 4.047352
v 2.460547 -0.015407 3.903251
v 2.458507 -0.024773 3.758582
v 2.455947 -0.031623 3.613276
v 2.452938 -0.034885 3.467420
v 2.449532 -0.032771 3.321077
v 2.445672 -0.018834 3.174177
v 2.441422 0.005810 3.026801
v 2.437059 0.032846 2.879294
v 2.432795 0.059114 2.731918
v 2.428644 0.089122 2.584688
v 2.425198 0.105988 2.438340
v 2.422355 0.118020 2.292744
v 2.420076 0.129630 2.147851
v 2.417692 0.166106 2.002836
v 2.416204 0.195029 1.858936
v 2.416352 0.190595 1.717056
v 2.417547 0.173235 1.576472
v 2.420135 0.129821 1.437610
v 2.423972 0.063465 1.300306
v 2.427091 0.001728 1.163375
v 2.401301 -0.109293 1.044577
v 2.383538 -0.177986 0.919486
v 2.395461 -0.166870 0.768198
v 2.420624 -0.115392 0.608070
v 2.427089 -0.047403 0.465451
v 2.436888 0.041642 0.321304
v 2.440632 0.088043 0.175127
v 2.440787 0.139427 0.026869
v 2.439873 0.210565 -0.123601
v 2.439834 0.250162 -0.270376
v 2.440281 0.264642 -0.413590
v 2.440551 0.276494 -0.555371
v 2.440407 0.299520 -0.696870
v 2.440069 0.341070 -0.838169
v 2.439678 0.400454 -0.978910
v 2.439808 0.447860 -1.116950
v 2.440702 0.462259 -1.251851
v 2.442060 0.479082 -1.386259
v 2.444182 0.470045 -1.519707
v 2.446980 0.440982 -1.653702
v 2.449975 0.421144 -1.789686
v 2.452914 0.412907 -1.927570
v 2.455535 0.425979 -2.066804
v 2.458155 0.402252 -2.206539
v 2.460441 0.349493 -2.346944
v 2.462221 0.300360 -2.487761
v 2.463389 0.260029 -2.629016
v 2.463866 0.219327 -2.770766
v 2.463871 0.175642 -2.912852
v 2.463871 0.137649 -3.054942
v 2.463871 0.109904 -3.197033
v 2.463871 0.082332 -3.339123
v 2.463871 0.048020 -3.481214
v 2.463871 0.014879 -3.623304
v 2.463871 0.000153 -3.765394
v 2.463871 -0.000000 -3.907485
v 2.463871 -0.000000 -4.049575
v 2.463871 -0.000000 -4.191665
v 2.573133 -0.001118 4.191349
v 2.572385 -0.004582 4.048303
v 2.571146 -0.010327 3.904640
v 2.569505 -0.017944 3.760469
v 2.567443 -0.026777 3.615779
v 2.564946 -0.032337 3.470556
v 2.562069 -0.032745 3.324866
v 2.558800 -0.023368 3.178697
v 2.555183 -0.004034 3.032101
v 2.551419 0.018908 2.885334
v 2.547757 0.039739 2.738700
v 2.544295 0.059714 2.592320
v 2.541318 0.072394 2.446549
v 2.538965 0.077027 2.301555
v 2.537054 0.083397 2.157113
v 2.535422 0.099304 2.013022
v 2.534948 0.094740 1.870368
v 2.535338 0.081088 1.728783
v 2.536266 0.069415 1.587868
v 2.538298 0.038551 1.448319
v 2.541236 -0.010534 1.310039
v 2.539373 -0.072409 1.175642
v 2.513903 -0.175982 1.055389
v 2.510042 -0.204819 0.918141
v 2.534643 -0.160610 0.757813
v 2.539137 -0.129341 0.615449
v 2.546793 -0.022828 0.473919
v 2.552814 0.049909 0.330778
v 2.554914 0.099314 0.185880
v 2.554462 0.158323 0.038774
v 2.553678 0.219150 -0.109102
v 2.553448 0.253332 -0.254692
v 2.553596 0.260632 -0.397501
v 2.553385 0.272378 -0.539876
v 2.553064 0.290635 -0.681545
v 2.552671 0.321223 -0.822739
v 2.552256 0.368786 -0.963591
v 2.552082 0.427728 -1.103531
v 2.552796 0.454585 -1.240637
v 2.554359 0.451584 -1.376111
v 2.556854 0.410144 -1.511012
v 2.559586 0.377588 -1.647523
v 2.562247 0.361537 -1.785702
v 2.564724 0.359177 -1.925028
v 2.566896 0.375455 -2.065091
v 2.569012 0.358998 -2.205520
v 2.570987 0.298544 -2.346199
v 2.572428 0.245552 -2.487259
v 2.573226 0.205329 -2.628778
v 2.573376 0.167613 -2.770762
v 2.573376 0.131426 -2.912852
v 2.573376 0.099310 -3.054942
v 2.573376 0.071449 -3.197033
v 2.573376 0.045391 -3.339123
v 2.573376 0.019399 -3.481214
v 2.573376 0.002082 -3.623304
v 2.573376 -0.000000 -3.765394
v 2.573376 -0.000000 -3.907485
v 2.573376 -0.000000 -4.049575
v 2.573376 -0.000000 -4.191665
v 2.682829 -0.001039 4.191597
v 2.682447 -0.004179 4.049013
v 2.681574 -0.008946 3.905811
v 2.680282 -0.015305 3.762082
v 2.678646 -0.022972 3.617926
v 2.676631 -0.030381 3.473303
v 2.674253 -0.033532 3.328243
v 2.671559 -0.029492 3.182795
v 2.668588 -0.017370 3.037006
v 2.665456 -0.000840 2.891027
v 2.662343 0.016140 2.745075
v 2.659375 0.033089 2.599307
v 2.656840 0.042001 2.454084
v 2.654849 0.042690 2.309556
v 2.653174 0.048573 2.165411
v 2.652172 0.048336 2.022059
v 2.652122 0.031380 1.879884
v 2.652461 0.018619 1.738223
v 2.653251 0.007986 1.597134
v 2.654772 -0.015878 1.457162
v 2.655901 -0.062069 1.319597
v 2.640756 -0.165538 1.196705
v 2.627862 -0.219548 1.067005
v 2.637962 -0.200359 0.916539
v 2.655341 -0.141730 0.761930
v 2.659241 -0.085887 0.620511
v 2.664076 -0.003807 0.480215
v 2.667975 0.056194 0.338032
v 2.668958 0.106446 0.194541
v 2.668167 0.169540 0.049129
v 2.667554 0.214989 -0.096252
v 2.667231 0.236966 -0.240408
v 2.667064 0.235256 -0.382932
v 2.666590 0.245302 -0.525513
v 2.666111 0.260791 -0.667511
v 2.665750 0.276597 -0.808641
v 2.665438 0.307692 -0.949565
v 2.665137 0.367152 -1.090667
v 2.665535 0.415967 -1.230254
v 2.667262 0.397849 -1.367476
v 2.669763 0.346087 -1.504594
v 2.672240 0.308625 -1.643097
v 2.674540 0.287025 -1.782669
v 2.676541 0.285681 -1.922890
v 2.678267 0.296496 -2.063609
v 2.679892 0.292249 -2.204538
v 2.681419 0.246887 -2.345536
v 2.682471 0.194481 -2.486874
v 2.682878 0.154414 -2.628673
v 2.682881 0.120694 -2.770762
v 2.682881 0.091430 -2.912852
v 2.682881 0.062650 -3.054942
v 2.682881 0.038287 -3.197033
v 2.682881 0.017617 -3.339123
v 2.682881 0.002986 -3.481214
v 2.682881 -0.000000 -3.623304
v 2.682881 -0.000000 -3.765394
v 2.682881 -0.000000 -3.907485
v 2.682881 -0.000000 -4.049575
v 2.682881 -0.000000 -4.191665
v 2.792386 -0.013526 4.191665
v 2.792269 -0.023648 4.049427
v 2.791785 -0.029313 3.906723
v 2.790849 -0.034069 3.763457
v 2.789525 -0.039143 3.619717
v 2.787864 -0.043672 3.475577
v 2.785830 -0.045910 3.331014
v 2.783470 -0.044254 3.186095
v 2.780863 -0.038432 3.040932
v 2.778123 -0.030061 2.895646
v 2.775404 -0.020709 2.750372
v 2.772868 -0.011554 2.605271
v 2.770693 -0.005349 2.460560
v 2.769003 -0.002423 2.316412
v 2.767852 0.000095 2.172860
v 2.767386 -0.000764 2.030025
v 2.767625 -0.008291 1.887967
v 2.768159 -0.018403 1.746478
v 2.768629 -0.032606 1.605655
v 2.768684 -0.068390 1.466759
v 2.766297 -0.141126 1.335722
v 2.756653 -0.208415 1.207308
v 2.755341 -0.223736 1.064670
v 2.766144 -0.180970 0.911925
v 2.773314 -0.104325 0.766159
v 2.776631 -0.038710 0.625185
v 2.780019 0.008755 0.484946
v 2.782362 0.051759 0.343865
v 2.782837 0.094011 0.201622
v 2.782176 0.149402 0.057950
v 2.781807 0.170011 -0.085175
v 2.781276 0.181177 -0.228322
v 2.780721 0.185275 -0.371155
v 2.780113 0.194136 -0.513793
v 2.779665 0.196581 -0.655761
v 2.779394 0.201094 -0.797274
v 2.779213 0.219043 -0.938670
v 2.779095 0.261322 -1.080129
v 2.779471 0.300966 -1.220909
v 2.780866 0.292630 -1.360410
v 2.782785 0.259987 -1.499929
v 2.784830 0.222172 -1.639881
v 2.786643 0.200123 -1.780314
v 2.788156 0.196043 -1.921246
v 2.789493 0.201414 -2.062379
v 2.790737 0.194358 -2.203580
v 2.791745 0.169992 -2.344950
v 2.792317 0.134994 -2.486631
v 2.792387 0.101558 -2.628671
v 2.792387 0.073799 -2.770762
v 2.792387 0.049960 -2.912852
v 2.792387 0.027914 -3.054942
v 2.792387 0.011795 -3.197033
v 2.792387 0.001765 -3.339123
v 2.792387 -0.000000 -3.481214
v 2.792387 -0.000000 -3.623304
v 2.792387 -0.000000 -3.765394
v 2.792387 -0.000000 -3.907485
v 2.792387 -0.000000 -4.049575
v 2.792387 -0.000000 -4.191665
v 2.901891 -0.026378 4.191664
v 2.901855 -0.038606 4.049538
v 2.901679 -0.044259 3.907233
v 2.901114 -0.047097 3.764444
v 2.900129 -0.050048 3.621147
v 2.898776 -0.052875 3.477419
v 2.897107 -0.054622 3.333350
v 2.895112 -0.054610 3.188949
v 2.892864 -0.052699 3.044316
v 2.890466 -0.049352 2.899569
v 2.888085 -0.045381 2.754830
v 2.885896 -0.041428 2.610217
v 2.884066 -0.038465 2.465887
v 2.882749 -0.036575 2.322012
v 2.882019 -0.035268 2.178744
v 2.881943 -0.035549 2.036207
v 2.882478 -0.039596 1.894455
v 2.883371 -0.048273 1.753457
v 2.884176 -0.065098 1.613333
v 2.884432 -0.096779 1.474270
v 2.883493 -0.148328 1.338669
v 2.879704 -0.199623 1.206146
v 2.884073 -0.193842 1.057118
v 2.887450 -0.137033 0.912284
v 2.889427 -0.071846 0.769205
v 2.891518 -0.027973 0.628533
v 2.893636 0.004589 0.488385
v 2.894938 0.034552 0.347712
v 2.895243 0.064973 0.206315
v 2.895113 0.095743 0.064250
v 2.894998 0.111992 -0.078193
v 2.894748 0.118301 -0.220775
v 2.894229 0.120107 -0.363369
v 2.893579 0.123748 -0.505958
v 2.893126 0.121515 -0.648159
v 2.892870 0.120321 -0.790073
v 2.892823 0.127510 -0.931786
v 2.892920 0.148415 -1.073450
v 2.893396 0.165291 -1.214819
v 2.894351 0.165178 -1.355832
v 2.895597 0.153893 -1.496682
v 2.896969 0.133743 -1.637580
v 2.898234 0.118663 -1.778745
v 2.899399 0.109908 -1.920003
v 2.900412 0.107336 -2.061368
v 2.901241 0.099911 -2.202866
v 2.901771 0.085321 -2.344577
v 2.901892 0.065563 -2.486581
v 2.901892 0.045822 -2.628671
v 2.901892 0.029375 -2.770762
v 2.901892 0.014967 -2.912852
v 2.901892 0.004921 -3.054942
v 2.901892 0.000120 -3.197033
v 2.901892 -0.000000 -3.339123
v 2.901892 -0.000000 -3.481214
v 2.901892 -0.000000 -3.623304
v 2.901892 -0.000000 -3.765394
v 2.901892 -0.000000 -3.907485
v 2.901892 -0.000000 -4.049575
v 2.901892 -0.000000 -4.191665
v 3.011397 -0.028026 4.191664
v 3.011361 -0.040325 4.049540
v 3.011305 -0.046927 3.907393
v 3.011073 -0.047824 3.765027
v 3.010452 -0.049115 3.622190
v 3.009441 -0.050904 3.478900
v 3.008099 -0.052856 3.335250
v 3.006489 -0.054292 3.191338
v 3.004664 -0.055122 3.047241
v 3.002689 -0.055213 2.903012
v 3.000718 -0.054914 2.758754
v 2.998928 -0.054464 2.614547
v 2.997497 -0.054072 2.470493
v 2.996586 -0.053410 2.326736
v 2.996278 -0.051988 2.183472
v 2.996567 -0.050772 2.040898
v 2.997357 -0.051834 1.899140
v 2.998420 -0.057675 1.758199
v 2.999437 -0.070544 1.618102
v 3.000062 -0.092502 1.478610
v 3.000430 -0.120489 1.339285
v 3.001158 -0.143000 1.199181
v 3.002287 -0.145297 1.057474
v 3.003398 -0.121186 0.914468
v 3.004178 -0.083458 0.771753
v 3.004717 -0.050294 0.630525
v 3.005330 -0.023684 0.490162
v 3.005797 -0.000724 0.349635
v 3.005905 0.020598 0.208598
v 3.005926 0.039913 0.067010
v 3.006192 0.053092 -0.074869
v 3.006738 0.060097 -0.216866
v 3.006727 0.061730 -0.359195
v 3.006184 0.060941 -0.501705
v 3.005743 0.057726 -0.644100
v 3.005523 0.056007 -0.786273
v 3.005521 0.057435 -0.928245
v 3.005726 0.062323 -1.070043
v 3.006167 0.065947 -1.211662
v 3.006814 0.066242 -1.353168
v 3.007593 0.063019 -1.494669
v 3.008467 0.056314 -1.636134
v 3.009347 0.050486 -1.777595
v 3.010162 0.045150 -1.919103
v 3.010831 0.040580 -2.060715
v 3.011274 0.033620 -2.202488
v 3.011397 0.025605 -2.344491
v 3.011397 0.017565 -2.486581
v 3.011397 0.009363 -2.628671
v 3.011397 0.003251 -2.770762
v 3.011397 0.000147 -2.912852
v 3.011397 -0.000000 -3.054942
v 3.011397 -0.000000 -3.197033
v 3.011397 -0.000000 -3.339123
v 3.011397 -0.000000 -3.481214
v 3.011397 -0.000000 -3.623304
v 3.011397 -0.000000 -3.765394
v 3.011397 -0.000000 -3.907485
v 3.011397 -0.000000 -4.049575
v 3.011397 -0.000000 -4.191665
v 3.120902 -0.022130 4.191664
v 3.120878 -0.032371 4.049550
v 3.120843 -0.035398 3.907426
v 3.120774 -0.035594 3.765265
v 3.120510 -0.035433 3.622867
v 3.119881 -0.036547 3.480041
v 3.118919 -0.038797 3.336844
v 3.117691 -0.041849 3.193380
v 3.116294 -0.044964 3.049765
v 3.114816 -0.047591 2.906067
v 3.113333 -0.049848 2.762281
v 3.112007 -0.052116 2.618441
v 3.111021 -0.053987 2.474586
v 3.110569 -0.054168 2.330771
v 3.110744 -0.051335 2.187201
v 3.111444 -0.046938 2.044228
v 3.112460 -0.044456 1.902140
v 3.113528 -0.046346 1.760971
v 3.114440 -0.054113 1.620665
v 3.115022 -0.067699 1.480822
v 3.115449 -0.084777 1.340988
v 3.116179 -0.100206 1.200492
v 3.117074 -0.106815 1.058816
v 3.117591 -0.100495 0.916204
v 3.117455 -0.085282 0.773687
v 3.116977 -0.067870 0.632143
v 3.116466 -0.050153 0.491380
v 3.116324 -0.032982 0.350774
v 3.116275 -0.017462 0.209784
v 3.116397 -0.003411 0.068414
v 3.116896 0.008324 -0.073213
v 3.117677 0.015733 -0.215067
v 3.118239 0.015674 -0.357155
v 3.117872 0.013716 -0.499576
v 3.117518 0.011846 -0.641918
v 3.117323 0.011240 -0.784123
v 3.117306 0.010835 -0.926189
v 3.117462 0.010374 -1.068141
v 3.117770 0.009906 -1.210008
v 3.118217 0.009381 -1.351779
v 3.118765 0.008745 -1.493478
v 3.119360 0.008320 -1.635142
v 3.119945 0.007780 -1.776814
v 3.120449 0.006911 -1.918545
v 3.120796 0.005281 -2.060387
v 3.120903 0.002992 -2.202400
v 3.120903 0.001028 -2.344491
v 3.120903 0.000028 -2.486581
v 3.120903 -0.000000 -2.628671
v 3.120903 -0.000000 -2.770762
v 3.120903 -0.000000 -2.912852
v 3.120903 -0.000000 -3.054942
v 3.120903 -0.000000 -3.197033
v 3.120903 -0.000000 -3.339123
v 3.120903 -0.000000 -3.481214
v 3.120903 -0.000000 -3.623304
v 3.120903 -0.000000 -3.765394
v 3.120903 -0.000000 -3.907485
v 3.120903 -0.000000 -4.049575
v 3.120903 -0.000000 -4.191665
v 3.230408 -0.006223 4.191665
v 3.230403 -0.011868 4.049570
v 3.230395 -0.013093 3.907470
v 3.230379 -0.012291 3.765363
v 3.230330 -0.011628 3.623220
v 3.230112 -0.012138 3.480871
v 3.229596 -0.014790 3.338177
v 3.228828 -0.019319 3.195208
v 3.227896 -0.024362 3.052063
v 3.226903 -0.028942 2.908817
v 3.225938 -0.033330 2.765490
v 3.225101 -0.037980 2.622036
v 3.224550 -0.042584 2.478330
v 3.224572 -0.043528 2.334241
v 3.225341 -0.037049 2.189933
v 3.226523 -0.027469 2.046143
v 3.227665 -0.020989 1.903519
v 3.228542 -0.019240 1.762076
v 3.229048 -0.022120 1.621523
v 3.229250 -0.028421 1.481450
v 3.229513 -0.037499 1.341431
v 3.230129 -0.049515 1.200906
v 3.230639 -0.062286 1.059419
v 3.230357 -0.072138 0.917235
v 3.229321 -0.077457 0.775064
v 3.228101 -0.076831 0.633524
v 3.227010 -0.069221 0.492547
v 3.226449 -0.058080 0.351681
v 3.226444 -0.046781 0.210662
v 3.226831 -0.035647 0.069333
v 3.227576 -0.023549 -0.072297
v 3.228530 -0.011234 -0.214103
v 3.229016 -0.004305 -0.356190
v 3.228743 -0.004564 -0.498506
v 3.228475 -0.005300 -0.640789
v 3.228318 -0.005729 -0.782991
v 3.228289 -0.005808 -0.925102
v 3.228391 -0.005529 -1.067120
v 3.228613 -0.004920 -1.209051
v 3.228933 -0.004043 -1.350913
v 3.229316 -0.002994 -1.492730
v 3.229715 -0.001900 -1.634535
v 3.230074 -0.000915 -1.776368
v 3.230329 -0.000217 -1.918277
v 3.230408 -0.000000 -2.060310
v 3.230408 -0.000000 -2.202400
v 3.230408 -0.000000 -2.344491
v 3.230408 -0.000000 -2.486581
v 3.230408 -0.000000 -2.628671
v 3.230408 -0.000000 -2.770762
v 3.230408 -0.000000 -2.912852
v 3.230408 -0.000000 -3.054942
v 3.230408 -0.000000 -3.197033
v 3.230408 -0.000000 -3.339123
v 3.230408 -0.000000 -3.481214
v 3.230408 -0.000000 -3.623304
v 3.230408 -0.000000 -3.765394
v 3.230408 -0.000000 -3.907485
v 3.230408 -0.000000 -4.049575
v 3.230408 -0.000000 -4.191665
vt 0.004644 0.010970
vt 0.004854 0.027816
vt 0.021701 0.027608
vt 0.021490 0.010760
vt 0.038553 0.027398
vt 0.038337 0.010547
vt 0.055410 0.027180
vt 0.055184 0.010326
vt 0.072273 0.026950
vt 0.072031 0.010093
vt 0.089141 0.026700
vt 0.088877 0.009841
vt 0.106014 0.026425
vt 0.105722 0.009565
vt 0.122889 0.026120
vt 0.122566 0.009258
vt 0.139764 0.025781
vt 0.139411 0.008928
vt 0.156630 0.025406
vt 0.156240 0.008566
vt 0.173481 0.024988
vt 0.173051 0.008165
vt 0.190312 0.024529
vt 0.189846 0.007725
vt 0.207121 0.024035
vt 0.206625 0.007249
vt 0.223908 0.023515
vt 0.223393 0.006747
vt 0.240673 0.022985
vt 0.240152 0.006230
vt 0.257418 0.022458
vt 0.256905 0.005715
vt 0.274148 0.021948
vt 0.273653 0.005211
vt 0.290868 0.021463
vt 0.290399 0.004729
vt 0.307586 0.021010
vt 0.307148 0.004274
vt 0.324306 0.020590
vt 0.323897 0.003851
vt 0.341028 0.020200
vt 0.340647 0.003457
vt 0.357749 0.019834
vt 0.357395 0.003090
vt 0.374470 0.019496
vt 0.374143 0.002749
vt 0.391193 0.019190
vt 0.390894 0.002436
vt 0.407925 0.018913
vt 0.407646 0.002150
vt 0.424663 0.018646
vt 0.424395 0.001880
vt 0.441399 0.018379
vt 0.441135 0.001619
vt 0.458131 0.018117
vt 0.457868 0.001361
vt 0.474853 0.017853
vt 0.474592 0.001103
vt 0.491559 0.017579
vt 0.491310 0.000850
vt 0.508237 0.017323
vt 0.508017 0.000619
vt 0.524889 0.017110
vt 0.524710 0.000425
vt 0.541530 0.016951
vt 0.541397 0.000265
vt 0.558171 0.016851
vt 0.558090 0.000156
vt 0.574803 0.016798
vt 0.574786 0.000100
vt 0.591423 0.016806
vt 0.591481 0.000127
vt 0.608046 0.016914
vt 0.608180 0.000215
vt 0.624687 0.017106
vt 0.624892 0.000382
vt 0.641338 0.017346
vt 0.641609 0.000613
vt 0.657993 0.017646
vt 0.658323 0.000922
vt 0.674663 0.018002
vt 0.675030 0.001276
vt 0.691360 0.018392
vt 0.691732 0.001654
vt 0.708074 0.018762
vt 0.708426 0.002022
vt 0.724805 0.019085
vt 0.725121 0.002355
vt 0.741538 0.019372
vt 0.741817 0.002652
vt 0.758268 0.019628
vt 0.758514 0.002914
vt 0.774997 0.019858
vt 0.775210 0.003142
vt 0.791733 0.020060
vt 0.791908 0.003334
vt 0.808478 0.020216
vt 0.808609 0.003489
vt 0.825228 0.020321
vt 0.825310 0.003596
vt 0.841975 0.020374
vt 0.842011 0.003654
vt 0.858716 0.020385
vt 0.858710 0.003669
vt 0.875448 0.020355
vt 0.875405 0.003646
vt 0.892170 0.020290
vt 0.892096 0.003588
vt 0.908881 0.020198
vt 0.908782 0.003503
vt 0.925583 0.020084
vt 0.925464 0.003395
vt 0.942277 0.019953
vt 0.942144 0.003269
vt 0.958965 0.019811
vt 0.958820 0.003131
vt 0.975647 0.019660
vt 0.975496 0.002983
vt 0.992324 0.019504
vt 0.992170 0.002830
vt 0.005061 0.044660
vt 0.021907 0.044459
vt 0.038763 0.044256
vt 0.055631 0.044048
vt 0.072510 0.043826
vt 0.089401 0.043584
vt 0.106303 0.043316
vt 0.123213 0.043014
vt 0.140126 0.042673
vt 0.157034 0.042287
vt 0.173930 0.041853
vt 0.190802 0.041375
vt 0.207642 0.040859
vt 0.224447 0.040315
vt 0.241216 0.039754
vt 0.257949 0.039199
vt 0.274655 0.038671
vt 0.291341 0.038177
vt 0.308025 0.037731
vt 0.324718 0.037330
vt 0.341416 0.036960
vt 0.358108 0.036600
vt 0.374798 0.036266
vt 0.391494 0.035979
vt 0.408206 0.035745
vt 0.424937 0.035526
vt 0.441672 0.035277
vt 0.458408 0.035035
vt 0.475136 0.034783
vt 0.491832 0.034453
vt 0.508477 0.034133
vt 0.525085 0.033916
vt 0.541674 0.033786
vt 0.558269 0.033740
vt 0.574835 0.033655
vt 0.591368 0.033663
vt 0.607905 0.033860
vt 0.624474 0.034135
vt 0.641056 0.034378
vt 0.657643 0.034673
vt 0.674260 0.035100
vt 0.690935 0.035589
vt 0.707665 0.035983
vt 0.724436 0.036225
vt 0.741215 0.036408
vt 0.757988 0.036567
vt 0.774757 0.036729
vt 0.791539 0.036891
vt 0.808340 0.037015
vt 0.825147 0.037100
vt 0.841945 0.037147
vt 0.858731 0.037144
vt 0.875503 0.037097
vt 0.892254 0.037019
vt 0.908990 0.036914
vt 0.925710 0.036789
vt 0.942417 0.036650
vt 0.959115 0.036499
vt 0.975803 0.036342
vt 0.992483 0.036180
vt 0.005260 0.061500
vt 0.022103 0.061310
vt 0.038962 0.061122
vt 0.055839 0.060928
vt 0.072735 0.060722
vt 0.089650 0.060495
vt 0.106584 0.060240
vt 0.123533 0.059948
vt 0.140493 0.059611
vt 0.157460 0.059234
vt 0.174419 0.058810
vt 0.191340 0.058315
vt 0.208212 0.057774
vt 0.225034 0.057170
vt 0.241795 0.056548
vt 0.258506 0.055944
vt 0.275177 0.055373
vt 0.291821 0.054867
vt 0.308466 0.054437
vt 0.325136 0.054080
vt 0.341811 0.053730
vt 0.358474 0.053369
vt 0.375130 0.053049
vt 0.391791 0.052789
vt 0.408479 0.052604
vt 0.425214 0.052497
vt 0.441960 0.052350
vt 0.458717 0.052227
vt 0.475458 0.052019
vt 0.492147 0.051725
vt 0.508751 0.051321
vt 0.525327 0.051168
vt 0.541866 0.051037
vt 0.558408 0.051058
vt 0.574914 0.050903
vt 0.591345 0.050937
vt 0.607778 0.051295
vt 0.624258 0.051793
vt 0.640753 0.052104
vt 0.657254 0.052465
vt 0.673799 0.053119
vt 0.690424 0.053808
vt 0.707129 0.054259
vt 0.723906 0.054383
vt 0.740755 0.054211
vt 0.757587 0.054103
vt 0.774396 0.054132
vt 0.791223 0.054194
vt 0.808091 0.054198
vt 0.824994 0.054132
vt 0.841897 0.054033
vt 0.858759 0.053954
vt 0.875573 0.053878
vt 0.892356 0.053776
vt 0.909114 0.053650
vt 0.925849 0.053510
vt 0.942568 0.053357
vt 0.959274 0.053195
vt 0.975967 0.053028
vt 0.992651 0.052857
vt 0.005445 0.078332
vt 0.022284 0.078161
vt 0.039144 0.077992
vt 0.056029 0.077820
vt 0.072941 0.077637
vt 0.089881 0.077435
vt 0.106849 0.077203
vt 0.123851 0.076939
vt 0.140881 0.076640
vt 0.157932 0.076304
vt 0.174975 0.075909
vt 0.191947 0.075373
vt 0.208847 0.074754
vt 0.225674 0.074054
vt 0.242424 0.073337
vt 0.259100 0.072673
vt 0.275725 0.072062
vt 0.292315 0.071544
vt 0.308914 0.071147
vt 0.325572 0.070883
vt 0.342234 0.070608
vt 0.358863 0.070215
vt 0.375476 0.069873
vt 0.392086 0.069628
vt 0.408753 0.069558
vt 0.425523 0.069669
vt 0.442316 0.069779
vt 0.459116 0.069945
vt 0.475879 0.070045
vt 0.492556 0.069920
vt 0.509138 0.069735
vt 0.525721 0.070120
vt 0.542210 0.069935
vt 0.558678 0.070050
vt 0.575096 0.069244
vt 0.591391 0.068933
vt 0.607686 0.069447
vt 0.624051 0.070208
vt 0.640438 0.070747
vt 0.656834 0.071254
vt 0.673274 0.072223
vt 0.689807 0.073664
vt 0.706370 0.074171
vt 0.723126 0.073744
vt 0.740033 0.073064
vt 0.756986 0.072431
vt 0.773877 0.072140
vt 0.790745 0.072051
vt 0.807647 0.071952
vt 0.824647 0.071653
vt 0.841710 0.071259
vt 0.858717 0.070954
vt 0.875646 0.070723
vt 0.892480 0.070556
vt 0.909255 0.070405
vt 0.926005 0.070242
vt 0.942733 0.070072
vt 0.959444 0.069898
vt 0.976142 0.069719
vt 0.992828 0.069537
vt 0.005611 0.095156
vt 0.022442 0.095008
vt 0.039302 0.094867
vt 0.056193 0.094724
vt 0.073119 0.094573
vt 0.090083 0.094405
vt 0.107103 0.094224
vt 0.124180 0.094024
vt 0.141300 0.093787
vt 0.158448 0.093497
vt 0.175584 0.093106
vt 0.192620 0.092489
vt 0.209562 0.091759
vt 0.226393 0.090953
vt 0.243111 0.090157
vt 0.259738 0.089446
vt 0.276311 0.088806
vt 0.292845 0.088289
vt 0.309396 0.087937
vt 0.326012 0.087723
vt 0.342685 0.087581
vt 0.359281 0.087143
vt 0.375845 0.086733
vt 0.392400 0.086577
vt 0.409110 0.086818
vt 0.426009 0.087395
vt 0.442906 0.087974
vt 0.459716 0.088435
vt 0.476529 0.089137
vt 0.493268 0.089877
vt 0.509868 0.090455
vt 0.526430 0.091587
vt 0.542749 0.091316
vt 0.559025 0.091547
vt 0.575300 0.089832
vt 0.591533 0.088360
vt 0.607663 0.088725
vt 0.623885 0.089919
vt 0.640147 0.091143
vt 0.656407 0.091424
vt 0.672710 0.092191
vt 0.689099 0.093372
vt 0.705596 0.093474
vt 0.722201 0.093362
vt 0.739007 0.092712
vt 0.756072 0.091583
vt 0.773189 0.090595
vt 0.790196 0.090054
vt 0.807118 0.089844
vt 0.824196 0.089341
vt 0.841409 0.088689
vt 0.858583 0.088136
vt 0.875663 0.087700
vt 0.892607 0.087388
vt 0.909424 0.087170
vt 0.926180 0.086982
vt 0.942913 0.086794
vt 0.959628 0.086604
vt 0.976329 0.086412
vt 0.993017 0.086218
vt 0.005751 0.111968
vt 0.022572 0.111850
vt 0.039428 0.111741
vt 0.056321 0.111635
vt 0.073258 0.111526
vt 0.090262 0.111420
vt 0.107355 0.111325
vt 0.124534 0.111234
vt 0.141777 0.111119
vt 0.159043 0.110912
vt 0.176283 0.110528
vt 0.193405 0.109821
vt 0.210404 0.108913
vt 0.227217 0.107934
vt 0.243867 0.107018
vt 0.260436 0.106322
vt 0.276973 0.105755
vt 0.293439 0.105182
vt 0.309915 0.104873
vt 0.326536 0.104873
vt 0.343173 0.104709
vt 0.359760 0.104296
vt 0.376258 0.103677
vt 0.392752 0.103683
vt 0.409713 0.104621
vt 0.426932 0.106099
vt 0.443868 0.107176
vt 0.460652 0.107999
vt 0.477681 0.109781
vt 0.494387 0.111192
vt 0.510747 0.111239
vt 0.527156 0.112239
vt 0.543380 0.112602
vt 0.559465 0.112351
vt 0.575575 0.110679
vt 0.591721 0.108861
vt 0.607707 0.109079
vt 0.623746 0.110590
vt 0.639798 0.112339
vt 0.655854 0.112261
vt 0.672050 0.112230
vt 0.688341 0.112599
vt 0.704762 0.112667
vt 0.721160 0.113085
vt 0.737784 0.112484
vt 0.754991 0.110827
vt 0.772315 0.109336
vt 0.789546 0.108259
vt 0.806581 0.107676
vt 0.823692 0.107026
vt 0.841043 0.106142
vt 0.858437 0.105323
vt 0.875691 0.104693
vt 0.892729 0.104258
vt 0.909600 0.103957
vt 0.926377 0.103724
vt 0.943109 0.103517
vt 0.959825 0.103312
vt 0.976527 0.103107
vt 0.993218 0.102902
vt 0.005858 0.128766
vt 0.022668 0.128684
vt 0.039516 0.128613
vt 0.056407 0.128550
vt 0.073359 0.128498
vt 0.090417 0.128478
vt 0.107593 0.128495
vt 0.124897 0.128553
vt 0.142309 0.128643
vt 0.159741 0.128648
vt 0.177164 0.128505
vt 0.194393 0.127691
vt 0.211418 0.126429
vt 0.228182 0.125146
vt 0.244722 0.124167
vt 0.261242 0.123610
vt 0.277780 0.123297
vt 0.294180 0.122663
vt 0.310582 0.122460
vt 0.327256 0.123002
vt 0.343821 0.122777
vt 0.360335 0.122136
vt 0.376779 0.120835
vt 0.393103 0.120820
vt 0.410287 0.122357
vt 0.427973 0.124711
vt 0.444675 0.125960
vt 0.461408 0.127037
vt 0.478639 0.129172
vt 0.495409 0.131135
vt 0.511499 0.131041
vt 0.527867 0.131986
vt 0.543910 0.131401
vt 0.560012 0.130348
vt 0.576070 0.129604
vt 0.592017 0.129254
vt 0.608030 0.131127
vt 0.623758 0.132822
vt 0.639334 0.135436
vt 0.654940 0.134827
vt 0.670949 0.133816
vt 0.687378 0.132617
vt 0.703896 0.131901
vt 0.720312 0.131698
vt 0.736920 0.130924
vt 0.754137 0.129298
vt 0.771450 0.127805
vt 0.788861 0.126396
vt 0.806167 0.125284
vt 0.823283 0.124482
vt 0.840706 0.123466
vt 0.858245 0.122493
vt 0.875701 0.121680
vt 0.892853 0.121125
vt 0.909778 0.120749
vt 0.926586 0.120467
vt 0.943322 0.120236
vt 0.960036 0.120019
vt 0.976738 0.119804
vt 0.993429 0.119588
vt 0.005929 0.145548
vt 0.022724 0.145506
vt 0.039562 0.145476
vt 0.056445 0.145460
vt 0.073407 0.145472
vt 0.090496 0.145531
vt 0.107715 0.145639
vt 0.125117 0.145827
vt 0.142755 0.146147
vt 0.160473 0.146528
vt 0.178305 0.147069
vt 0.195725 0.147074
vt 0.212684 0.145025
vt 0.229353 0.143069
vt 0.245790 0.142037
vt 0.262303 0.141914
vt 0.278878 0.142076
vt 0.295188 0.141355
vt 0.311516 0.141389
vt 0.328179 0.142552
vt 0.344593 0.141780
vt 0.361017 0.140377
vt 0.377442 0.138262
vt 0.393529 0.137959
vt 0.410191 0.139290
vt 0.427796 0.141611
vt 0.444786 0.143387
vt 0.461323 0.144420
vt 0.478307 0.146150
vt 0.495441 0.148004
vt 0.511774 0.148611
vt 0.528270 0.149483
vt 0.544447 0.149127
vt 0.560629 0.148772
vt 0.576813 0.149341
vt 0.592833 0.150477
vt 0.608800 0.153234
vt 0.623957 0.154519
vt 0.638742 0.157119
vt 0.653472 0.155781
vt 0.669957 0.152928
vt 0.686592 0.151194
vt 0.703366 0.149810
vt 0.719885 0.149128
vt 0.736460 0.148419
vt 0.753453 0.147179
vt 0.770999 0.145431
vt 0.788684 0.143744
vt 0.806119 0.142437
vt 0.823301 0.141432
vt 0.840780 0.140382
vt 0.858268 0.139439
vt 0.875763 0.138582
vt 0.892987 0.137950
vt 0.909951 0.137525
vt 0.926797 0.137204
vt 0.943547 0.136951
vt 0.960256 0.136725
vt 0.976958 0.136500
vt 0.993650 0.136275
vt 0.005958 0.162316
vt 0.022740 0.162314
vt 0.039563 0.162326
vt 0.056436 0.162357
vt 0.073385 0.162422
vt 0.090455 0.162538
vt 0.107721 0.162735
vt 0.125263 0.163069
vt 0.143055 0.163571
vt 0.161267 0.164461
vt 0.179403 0.165450
vt 0.197379 0.166595
vt 0.214232 0.165480
vt 0.230840 0.162959
vt 0.247281 0.161786
vt 0.263889 0.162278
vt 0.280540 0.163204
vt 0.296644 0.162041
vt 0.312734 0.161977
vt 0.329155 0.163550
vt 0.345358 0.162213
vt 0.361763 0.159366
vt 0.378187 0.156151
vt 0.394035 0.155151
vt 0.410210 0.156171
vt 0.427564 0.158614
vt 0.444536 0.160437
vt 0.461147 0.161552
vt 0.478004 0.163092
vt 0.495266 0.164975
vt 0.511698 0.165422
vt 0.528362 0.166063
vt 0.545129 0.166828
vt 0.561569 0.167597
vt 0.577714 0.168379
vt 0.593628 0.169383
vt 0.609463 0.171561
vt 0.623934 0.171868
vt 0.638422 0.172264
vt 0.653247 0.171505
vt 0.669936 0.169494
vt 0.686738 0.167792
vt 0.703450 0.166492
vt 0.719740 0.165988
vt 0.736207 0.165515
vt 0.753180 0.164401
vt 0.771100 0.162435
vt 0.788816 0.160691
vt 0.806399 0.159209
vt 0.823809 0.158027
vt 0.841097 0.157071
vt 0.858344 0.156269
vt 0.875723 0.155473
vt 0.893001 0.154796
vt 0.910060 0.154307
vt 0.926977 0.153941
vt 0.943767 0.153665
vt 0.960484 0.153429
vt 0.977187 0.153197
vt 0.993881 0.152963
vt 0.005945 0.179070
vt 0.022715 0.179109
vt 0.039523 0.179161
vt 0.056385 0.179234
vt 0.073316 0.179341
vt 0.090374 0.179509
vt 0.107740 0.179811
vt 0.125493 0.180314
vt 0.143272 0.180882
vt 0.161579 0.181926
vt 0.180349 0.183478
vt 0.199119 0.185416
vt 0.216034 0.185368
vt 0.232712 0.184457
vt 0.249455 0.184160
vt 0.266688 0.186417
vt 0.282990 0.187050
vt 0.298709 0.185886
vt 0.314317 0.185038
vt 0.330074 0.186161
vt 0.345620 0.186036
vt 0.362277 0.180094
vt 0.378760 0.175724
vt 0.394726 0.173411
vt 0.410636 0.173725
vt 0.427658 0.176204
vt 0.444750 0.178463
vt 0.461516 0.179733
vt 0.478465 0.181160
vt 0.495121 0.181989
vt 0.511589 0.182262
vt 0.528004 0.182574
vt 0.544545 0.183066
vt 0.561514 0.183616
vt 0.577696 0.184432
vt 0.593584 0.185348
vt 0.609140 0.186254
vt 0.623695 0.186816
vt 0.638342 0.186855
vt 0.653541 0.186552
vt 0.670274 0.185340
vt 0.687174 0.183823
vt 0.703308 0.182940
vt 0.719268 0.183164
vt 0.735537 0.183118
vt 0.752705 0.181712
vt 0.771113 0.179383
vt 0.789474 0.177182
vt 0.806903 0.175687
vt 0.824004 0.174591
vt 0.840892 0.173922
vt 0.857942 0.173348
vt 0.875272 0.172607
vt 0.892704 0.171819
vt 0.910003 0.171168
vt 0.927066 0.170718
vt 0.943959 0.170391
vt 0.960717 0.170135
vt 0.977423 0.169897
vt 0.994120 0.169654
vt 0.005892 0.195814
vt 0.022651 0.195891
vt 0.039448 0.195980
vt 0.056304 0.196092
vt 0.073236 0.196242
vt 0.090368 0.196488
vt 0.108006 0.196984
vt 0.126171 0.197785
vt 0.144270 0.198609
vt 0.162507 0.199665
vt 0.181229 0.201251
vt 0.200149 0.203122
vt 0.217540 0.203815
vt 0.234525 0.204157
vt 0.251377 0.204566
vt 0.269551 0.208093
vt 0.285702 0.209553
vt 0.300895 0.209129
vt 0.315967 0.208476
vt 0.330985 0.207602
vt 0.345987 0.207354
vt 0.362550 0.201107
vt 0.379274 0.195678
vt 0.395404 0.192179
vt 0.411138 0.191778
vt 0.428010 0.194744
vt 0.445038 0.197041
vt 0.461730 0.197767
vt 0.478468 0.198561
vt 0.494897 0.198598
vt 0.511293 0.198597
vt 0.527540 0.198988
vt 0.543284 0.199450
vt 0.559606 0.199773
vt 0.575931 0.200306
vt 0.592062 0.200887
vt 0.608026 0.201285
vt 0.623369 0.201454
vt 0.638143 0.201631
vt 0.653545 0.201906
vt 0.670319 0.201309
vt 0.686677 0.200486
vt 0.702614 0.200378
vt 0.718497 0.201094
vt 0.734472 0.200958
vt 0.751824 0.199200
vt 0.770419 0.196745
vt 0.788884 0.194332
vt 0.806223 0.192833
vt 0.823040 0.192012
vt 0.839654 0.191839
vt 0.856764 0.191154
vt 0.874313 0.190140
vt 0.892135 0.189010
vt 0.909742 0.188140
vt 0.926999 0.187577
vt 0.944092 0.187150
vt 0.960949 0.186851
vt 0.977668 0.186601
vt 0.994369 0.186347
vt 0.005800 0.212547
vt 0.022549 0.212663
vt 0.039343 0.212788
vt 0.056201 0.212935
vt 0.073168 0.213136
vt 0.090480 0.213518
vt 0.108549 0.214297
vt 0.127271 0.215474
vt 0.146016 0.216848
vt 0.163956 0.217718
vt 0.182580 0.219155
vt 0.201622 0.221102
vt 0.219685 0.222964
vt 0.236288 0.223397
vt 0.252893 0.223439
vt 0.271096 0.225776
vt 0.287219 0.226639
vt 0.302287 0.226637
vt 0.317062 0.226584
vt 0.331803 0.225513
vt 0.346611 0.225569
vt 0.361944 0.222220
vt 0.379721 0.215215
vt 0.395842 0.212669
vt 0.412017 0.213104
vt 0.428908 0.215511
vt 0.445431 0.216396
vt 0.461980 0.215508
vt 0.478423 0.215479
vt 0.494709 0.215087
vt 0.511142 0.214780
vt 0.527224 0.214671
vt 0.542598 0.214886
vt 0.558222 0.215500
vt 0.574356 0.216135
vt 0.590827 0.216550
vt 0.607215 0.216681
vt 0.622694 0.217017
vt 0.638101 0.217517
vt 0.653699 0.217628
vt 0.669844 0.217692
vt 0.685995 0.217988
vt 0.701862 0.218925
vt 0.717435 0.218837
vt 0.734016 0.217495
vt 0.751096 0.216247
vt 0.769472 0.214351
vt 0.787520 0.212315
vt 0.804667 0.211127
vt 0.821321 0.210663
vt 0.837811 0.210534
vt 0.854703 0.209739
vt 0.872879 0.207907
vt 0.891440 0.206209
vt 0.909382 0.205119
vt 0.926759 0.204509
vt 0.944131 0.203955
vt 0.961165 0.203583
vt 0.977924 0.203312
vt 0.994633 0.203043
vt 0.005670 0.229274
vt 0.022413 0.229426
vt 0.039213 0.229587
vt 0.056101 0.229771
vt 0.073166 0.230043
vt 0.090710 0.230592
vt 0.109011 0.231552
vt 0.127987 0.232837
vt 0.146918 0.234218
vt 0.164638 0.235206
vt 0.183812 0.236736
vt 0.203167 0.238618
vt 0.220382 0.239842
vt 0.236860 0.240398
vt 0.253770 0.241150
vt 0.270942 0.241579
vt 0.286948 0.241882
vt 0.302975 0.241471
vt 0.317600 0.241083
vt 0.332415 0.240772
vt 0.347530 0.240146
vt 0.362865 0.239108
vt 0.379217 0.235751
vt 0.395711 0.233354
vt 0.412194 0.233000
vt 0.428911 0.233590
vt 0.445475 0.234478
vt 0.462133 0.232880
vt 0.478708 0.231641
vt 0.494898 0.231149
vt 0.511028 0.231023
vt 0.527013 0.230479
vt 0.542439 0.230375
vt 0.557900 0.230972
vt 0.573652 0.231680
vt 0.589882 0.232323
vt 0.606213 0.232748
vt 0.621952 0.233291
vt 0.637613 0.233544
vt 0.653508 0.233579
vt 0.669699 0.233971
vt 0.685879 0.234669
vt 0.701458 0.235192
vt 0.717574 0.234434
vt 0.735379 0.233411
vt 0.752177 0.232320
vt 0.769593 0.231171
vt 0.786226 0.230452
vt 0.803193 0.229544
vt 0.819915 0.228768
vt 0.836295 0.228337
vt 0.853544 0.226906
vt 0.871931 0.225038
vt 0.890675 0.223323
vt 0.908753 0.222175
vt 0.926318 0.221490
vt 0.944078 0.220787
vt 0.961361 0.220330
vt 0.978196 0.220028
vt 0.994909 0.219746
vt 0.005502 0.245994
vt 0.022241 0.246188
vt 0.039075 0.246393
vt 0.056073 0.246644
vt 0.073414 0.247074
vt 0.091076 0.247711
vt 0.109039 0.248584
vt 0.127474 0.249698
vt 0.145726 0.250823
vt 0.163622 0.251957
vt 0.182627 0.253315
vt 0.202151 0.254723
vt 0.220663 0.256035
vt 0.237022 0.256963
vt 0.252985 0.257788
vt 0.269365 0.258702
vt 0.285664 0.258738
vt 0.302243 0.257333
vt 0.317704 0.256655
vt 0.332920 0.255991
vt 0.348156 0.255474
vt 0.363576 0.254718
vt 0.379338 0.253576
vt 0.394591 0.252312
vt 0.412011 0.250821
vt 0.428963 0.251096
vt 0.445632 0.251909
vt 0.462676 0.249461
vt 0.479430 0.247221
vt 0.494771 0.247084
vt 0.510822 0.249005
vt 0.526714 0.248082
vt 0.542421 0.247480
vt 0.558022 0.247552
vt 0.573699 0.247676
vt 0.589558 0.248211
vt 0.605658 0.248750
vt 0.621582 0.249047
vt 0.637163 0.249283
vt 0.652710 0.249564
vt 0.668628 0.249902
vt 0.685545 0.250303
vt 0.701389 0.250883
vt 0.718547 0.250331
vt 0.736330 0.249374
vt 0.753564 0.248450
vt 0.770584 0.247565
vt 0.786914 0.246740
vt 0.803269 0.246070
vt 0.819443 0.245588
vt 0.835510 0.245041
vt 0.853038 0.243364
vt 0.871984 0.241387
vt 0.890422 0.239946
vt 0.907986 0.239164
vt 0.925857 0.238390
vt 0.943844 0.237662
vt 0.961506 0.237096
vt 0.978480 0.236751
vt 0.995201 0.236453
vt 0.005290 0.262706
vt 0.022027 0.262951
vt 0.038945 0.263227
vt 0.056197 0.263615
vt 0.073975 0.264279
vt 0.091787 0.265025
vt 0.109262 0.265631
vt 0.126939 0.266482
vt 0.144570 0.267455
vt 0.162150 0.268517
vt 0.180311 0.269808
vt 0.198988 0.271178
vt 0.218276 0.272285
vt 0.235658 0.273373
vt 0.252216 0.274360
vt 0.268867 0.275264
vt 0.285047 0.275617
vt 0.301390 0.274567
vt 0.317236 0.273699
vt 0.332972 0.272290
vt 0.348489 0.271498
vt 0.364193 0.270445
vt 0.380191 0.268023
vt 0.394593 0.267318
vt 0.412080 0.267599
vt 0.428621 0.267692
vt 0.446126 0.267825
vt 0.462302 0.267495
vt 0.478890 0.264848
vt 0.494415 0.264376
vt 0.510499 0.267192
vt 0.526354 0.267636
vt 0.542257 0.266701
vt 0.558005 0.266248
vt 0.573813 0.265379
vt 0.589649 0.264881
vt 0.605499 0.265142
vt 0.621395 0.265017
vt 0.637044 0.264848
vt 0.652440 0.264938
vt 0.667728 0.265306
vt 0.684582 0.266039
vt 0.701123 0.267126
vt 0.718135 0.266613
vt 0.736485 0.265477
vt 0.754493 0.264520
vt 0.771639 0.263749
vt 0.787843 0.262933
vt 0.803840 0.262185
vt 0.819636 0.261589
vt 0.834910 0.261175
vt 0.851713 0.259843
vt 0.870873 0.257945
vt 0.889510 0.256672
vt 0.907284 0.255962
vt 0.925355 0.255219
vt 0.943626 0.254485
vt 0.961605 0.253877
vt 0.978773 0.253484
vt 0.995510 0.253165
vt 0.005022 0.279406
vt 0.021755 0.279713
vt 0.038799 0.280081
vt 0.056351 0.280597
vt 0.074433 0.281347
vt 0.092277 0.282111
vt 0.109473 0.282624
vt 0.126757 0.283264
vt 0.144373 0.284170
vt 0.162039 0.285187
vt 0.179771 0.286309
vt 0.197590 0.287529
vt 0.216393 0.288850
vt 0.234382 0.290181
vt 0.251364 0.291177
vt 0.268483 0.291634
vt 0.284990 0.292388
vt 0.300866 0.292428
vt 0.316741 0.291533
vt 0.332363 0.290819
vt 0.347858 0.290360
vt 0.363803 0.288364
vt 0.380346 0.285058
vt 0.395919 0.283882
vt 0.412315 0.284412
vt 0.428283 0.283949
vt 0.445966 0.283763
vt 0.462782 0.284645
vt 0.478058 0.285442
vt 0.493965 0.283525
vt 0.509876 0.284194
vt 0.526335 0.286348
vt 0.542082 0.287146
vt 0.557723 0.287123
vt 0.573387 0.286304
vt 0.589333 0.284144
vt 0.605231 0.283009
vt 0.621242 0.281792
vt 0.637079 0.280726
vt 0.652413 0.280164
vt 0.667464 0.280401
vt 0.683470 0.281603
vt 0.700701 0.283438
vt 0.716344 0.283393
vt 0.735516 0.281720
vt 0.755198 0.280492
vt 0.772791 0.279703
vt 0.788887 0.278993
vt 0.804595 0.278217
vt 0.820154 0.277327
vt 0.835436 0.276007
vt 0.850979 0.275489
vt 0.869279 0.274389
vt 0.888305 0.273328
vt 0.906974 0.272503
vt 0.925225 0.271855
vt 0.943624 0.271210
vt 0.961699 0.270654
vt 0.979083 0.270227
vt 0.995843 0.269883
vt 0.004688 0.296088
vt 0.021407 0.296453
vt 0.038476 0.296879
vt 0.056186 0.297435
vt 0.074451 0.298147
vt 0.092173 0.298826
vt 0.109446 0.299423
vt 0.127217 0.300252
vt 0.144688 0.301039
vt 0.162246 0.301955
vt 0.179514 0.302881
vt 0.197063 0.303983
vt 0.215718 0.305439
vt 0.233864 0.307273
vt 0.250255 0.308537
vt 0.267876 0.307875
vt 0.285079 0.308305
vt 0.300938 0.309051
vt 0.316498 0.309536
vt 0.331911 0.309349
vt 0.347323 0.308545
vt 0.363322 0.306420
vt 0.380563 0.302756
vt 0.396681 0.301607
vt 0.412926 0.300561
vt 0.429805 0.299840
vt 0.446501 0.299694
vt 0.463142 0.300086
vt 0.478245 0.300936
vt 0.492225 0.301252
vt 0.508967 0.301690
vt 0.525696 0.302578
vt 0.541893 0.303203
vt 0.557962 0.303713
vt 0.573684 0.305116
vt 0.588806 0.303612
vt 0.604549 0.301767
vt 0.621035 0.299176
vt 0.637142 0.297415
vt 0.652629 0.296633
vt 0.668051 0.296896
vt 0.683986 0.298092
vt 0.700472 0.299560
vt 0.716192 0.298687
vt 0.735839 0.297426
vt 0.756612 0.296185
vt 0.774085 0.295352
vt 0.789884 0.294690
vt 0.805454 0.293965
vt 0.821115 0.293095
vt 0.836644 0.291556
vt 0.851846 0.290566
vt 0.868833 0.290173
vt 0.887995 0.289564
vt 0.906918 0.288946
vt 0.925310 0.288409
vt 0.943793 0.287875
vt 0.962006 0.287380
vt 0.979430 0.286964
vt 0.996201 0.286604
vt 0.004305 0.312764
vt 0.021014 0.313166
vt 0.038073 0.313621
vt 0.055733 0.314171
vt 0.073842 0.314798
vt 0.091648 0.315445
vt 0.109270 0.316128
vt 0.127128 0.316873
vt 0.144595 0.317640
vt 0.162419 0.318499
vt 0.179128 0.319342
vt 0.196350 0.320328
vt 0.214767 0.321631
vt 0.233827 0.323665
vt 0.249330 0.325095
vt 0.266613 0.323954
vt 0.283474 0.324067
vt 0.300396 0.324617
vt 0.316879 0.325667
vt 0.331930 0.326193
vt 0.347053 0.325617
vt 0.362970 0.323856
vt 0.380066 0.320611
vt 0.397049 0.318026
vt 0.414020 0.316377
vt 0.431431 0.315108
vt 0.446721 0.314983
vt 0.462968 0.314534
vt 0.477162 0.315005
vt 0.492437 0.317515
vt 0.508237 0.318632
vt 0.525017 0.318808
vt 0.541642 0.319273
vt 0.558190 0.319852
vt 0.574060 0.320395
vt 0.589167 0.319587
vt 0.604911 0.318106
vt 0.622138 0.314901
vt 0.637740 0.313215
vt 0.653156 0.313532
vt 0.669249 0.315482
vt 0.684750 0.315753
vt 0.700375 0.315735
vt 0.718293 0.314321
vt 0.738517 0.312936
vt 0.757396 0.311703
vt 0.774420 0.310784
vt 0.790309 0.310314
vt 0.806203 0.309728
vt 0.822217 0.309012
vt 0.838081 0.307989
vt 0.853934 0.306714
vt 0.870203 0.305949
vt 0.888129 0.305688
vt 0.906946 0.305357
vt 0.925330 0.304953
vt 0.943969 0.304526
vt 0.962289 0.304101
vt 0.979781 0.303700
vt 0.996568 0.303336
vt 0.003892 0.329437
vt 0.020598 0.329853
vt 0.037639 0.330313
vt 0.055137 0.330851
vt 0.072965 0.331439
vt 0.090731 0.332062
vt 0.108455 0.332709
vt 0.125864 0.333393
vt 0.143178 0.334126
vt 0.160810 0.334810
vt 0.177887 0.335643
vt 0.195306 0.336439
vt 0.213830 0.337528
vt 0.232972 0.338857
vt 0.248724 0.340263
vt 0.264127 0.340043
vt 0.280855 0.339980
vt 0.298656 0.340219
vt 0.316356 0.340811
vt 0.331945 0.341375
vt 0.347194 0.341382
vt 0.362818 0.340589
vt 0.378713 0.339241
vt 0.395813 0.335871
vt 0.412306 0.333932
vt 0.428731 0.332443
vt 0.444784 0.331572
vt 0.460387 0.331452
vt 0.475797 0.332008
vt 0.491226 0.333881
vt 0.507063 0.335093
vt 0.523927 0.335311
vt 0.540727 0.335381
vt 0.557103 0.335586
vt 0.573503 0.335719
vt 0.589562 0.335406
vt 0.605308 0.334593
vt 0.622343 0.331420
vt 0.638042 0.329974
vt 0.653953 0.331203
vt 0.669936 0.332781
vt 0.684744 0.332316
vt 0.699863 0.331915
vt 0.717938 0.330196
vt 0.738126 0.328673
vt 0.757054 0.327340
vt 0.773794 0.326744
vt 0.790265 0.326313
vt 0.806822 0.325693
vt 0.823402 0.325086
vt 0.839684 0.324315
vt 0.855859 0.323337
vt 0.872220 0.322378
vt 0.889761 0.322066
vt 0.907840 0.321804
vt 0.926021 0.321487
vt 0.944472 0.321170
vt 0.962735 0.320819
vt 0.980143 0.320433
vt 0.996934 0.320071
vt 0.003474 0.346114
vt 0.020188 0.346529
vt 0.037290 0.346984
vt 0.054730 0.347496
vt 0.072371 0.348056
vt 0.090053 0.348645
vt 0.107632 0.349263
vt 0.124644 0.349902
vt 0.141469 0.350647
vt 0.158910 0.351272
vt 0.176720 0.351850
vt 0.194952 0.352519
vt 0.213180 0.353280
vt 0.232019 0.353737
vt 0.248235 0.354436
vt 0.261834 0.355037
vt 0.278093 0.355211
vt 0.296531 0.355619
vt 0.315846 0.356055
vt 0.331771 0.356533
vt 0.347114 0.356999
vt 0.362432 0.357356
vt 0.377433 0.357952
vt 0.392816 0.356457
vt 0.408379 0.355029
vt 0.425198 0.351844
vt 0.440885 0.351083
vt 0.456190 0.351693
vt 0.472981 0.350491
vt 0.489436 0.350868
vt 0.506181 0.351233
vt 0.525003 0.351691
vt 0.541657 0.351577
vt 0.557714 0.351366
vt 0.574288 0.351576
vt 0.590858 0.352411
vt 0.605215 0.351800
vt 0.621406 0.349707
vt 0.638300 0.348553
vt 0.655164 0.348690
vt 0.670527 0.348412
vt 0.684865 0.347888
vt 0.697616 0.348003
vt 0.716378 0.345700
vt 0.737633 0.344444
vt 0.755471 0.343764
vt 0.772212 0.343414
vt 0.789808 0.342503
vt 0.807477 0.341717
vt 0.824686 0.341186
vt 0.841153 0.340580
vt 0.857515 0.339817
vt 0.874234 0.339129
vt 0.891716 0.338808
vt 0.909437 0.338489
vt 0.927280 0.338152
vt 0.945416 0.337865
vt 0.963277 0.337526
vt 0.980508 0.337158
vt 0.997291 0.336809
vt 0.003062 0.362796
vt 0.019794 0.363205
vt 0.037013 0.363656
vt 0.054521 0.364151
vt 0.072233 0.364692
vt 0.089873 0.365241
vt 0.107219 0.365781
vt 0.123766 0.366269
vt 0.140204 0.366883
vt 0.157442 0.367453
vt 0.176240 0.368013
vt 0.195372 0.368605
vt 0.212069 0.369179
vt 0.229531 0.369239
vt 0.246600 0.368703
vt 0.260817 0.368506
vt 0.276938 0.369580
vt 0.297215 0.370902
vt 0.315052 0.371369
vt 0.331123 0.371792
vt 0.346929 0.372267
vt 0.362389 0.372933
vt 0.377238 0.373873
vt 0.391423 0.373792
vt 0.406045 0.373002
vt 0.421496 0.371552
vt 0.436515 0.371335
vt 0.451416 0.371491
vt 0.468375 0.369730
vt 0.486813 0.368042
vt 0.505710 0.367419
vt 0.526801 0.367705
vt 0.543951 0.368463
vt 0.559025 0.367690
vt 0.575320 0.367502
vt 0.591902 0.366825
vt 0.605262 0.366216
vt 0.620243 0.365835
vt 0.638762 0.365579
vt 0.655185 0.364811
vt 0.670806 0.363737
vt 0.685732 0.360753
vt 0.697549 0.360067
vt 0.714526 0.360344
vt 0.737727 0.360133
vt 0.755543 0.359652
vt 0.772108 0.359284
vt 0.789748 0.358536
vt 0.808288 0.357608
vt 0.825693 0.357069
vt 0.842177 0.356667
vt 0.858902 0.356274
vt 0.876021 0.355901
vt 0.893384 0.355542
vt 0.910908 0.355199
vt 0.928511 0.354854
vt 0.946224 0.354538
vt 0.963734 0.354206
vt 0.980852 0.353868
vt 0.997625 0.353545
vt 0.002656 0.379478
vt 0.019400 0.379882
vt 0.036710 0.380323
vt 0.054338 0.380801
vt 0.072118 0.381313
vt 0.089668 0.381796
vt 0.106882 0.382225
vt 0.123318 0.382505
vt 0.139649 0.382882
vt 0.156804 0.383450
vt 0.175236 0.384182
vt 0.193821 0.384883
vt 0.210496 0.385466
vt 0.227474 0.385446
vt 0.245812 0.383767
vt 0.260909 0.382880
vt 0.278889 0.385231
vt 0.298318 0.386438
vt 0.314881 0.386744
vt 0.330537 0.387064
vt 0.346447 0.387339
vt 0.362268 0.387730
vt 0.377241 0.388280
vt 0.391152 0.388300
vt 0.405316 0.387951
vt 0.419895 0.387455
vt 0.434415 0.387360
vt 0.448902 0.387175
vt 0.465359 0.386005
vt 0.483758 0.384626
vt 0.504302 0.383471
vt 0.526500 0.382740
vt 0.544476 0.383098
vt 0.559251 0.383297
vt 0.575071 0.383453
vt 0.591218 0.383259
vt 0.606554 0.381803
vt 0.623303 0.382684
vt 0.640805 0.383829
vt 0.656602 0.382510
vt 0.672038 0.380038
vt 0.686889 0.377095
vt 0.701434 0.375827
vt 0.717990 0.375772
vt 0.738837 0.375916
vt 0.756046 0.375422
vt 0.772329 0.375239
vt 0.789936 0.374527
vt 0.808256 0.373448
vt 0.825659 0.372811
vt 0.842345 0.372671
vt 0.859374 0.372528
vt 0.876874 0.372317
vt 0.894425 0.372058
vt 0.911897 0.371772
vt 0.929338 0.371465
vt 0.946789 0.371167
vt 0.964110 0.370867
vt 0.981163 0.370567
vt 0.997930 0.370276
vt 0.002257 0.396162
vt 0.019008 0.396556
vt 0.036381 0.396982
vt 0.054209 0.397446
vt 0.072197 0.397946
vt 0.089963 0.398433
vt 0.106986 0.398724
vt 0.123304 0.398719
vt 0.139664 0.398925
vt 0.156909 0.399540
vt 0.175126 0.400449
vt 0.193470 0.401331
vt 0.209906 0.401523
vt 0.226262 0.401686
vt 0.244096 0.401094
vt 0.261409 0.400449
vt 0.280020 0.401497
vt 0.298530 0.401809
vt 0.314590 0.401975
vt 0.329980 0.402388
vt 0.345905 0.402394
vt 0.361995 0.402248
vt 0.377321 0.402243
vt 0.391172 0.402224
vt 0.405204 0.402001
vt 0.419277 0.401864
vt 0.433621 0.401604
vt 0.448960 0.401074
vt 0.465668 0.400342
vt 0.483957 0.399526
vt 0.503820 0.398948
vt 0.522518 0.398565
vt 0.540697 0.398866
vt 0.558469 0.399462
vt 0.575054 0.399960
vt 0.592165 0.400088
vt 0.609562 0.400411
vt 0.626969 0.401272
vt 0.643040 0.401383
vt 0.658386 0.400004
vt 0.673722 0.397736
vt 0.689029 0.395273
vt 0.704434 0.393435
vt 0.720892 0.392407
vt 0.738603 0.391743
vt 0.755151 0.391459
vt 0.771184 0.391875
vt 0.787851 0.391591
vt 0.805598 0.390542
vt 0.823636 0.389427
vt 0.840946 0.389150
vt 0.858484 0.389005
vt 0.876543 0.388746
vt 0.894671 0.388477
vt 0.912371 0.388252
vt 0.929812 0.388017
vt 0.947155 0.387772
vt 0.964384 0.387520
vt 0.981426 0.387265
vt 0.998207 0.387013
vt 0.001871 0.412847
vt 0.018622 0.413227
vt 0.036059 0.413641
vt 0.054223 0.414102
vt 0.072400 0.414583
vt 0.090087 0.414975
vt 0.107250 0.415186
vt 0.123709 0.415077
vt 0.140039 0.415052
vt 0.157177 0.415664
vt 0.175654 0.416921
vt 0.194019 0.418221
vt 0.210402 0.417992
vt 0.226612 0.417745
vt 0.243755 0.417963
vt 0.261608 0.418121
vt 0.280035 0.417919
vt 0.297452 0.417488
vt 0.313335 0.417785
vt 0.328967 0.418164
vt 0.345441 0.417498
vt 0.362005 0.416728
vt 0.377281 0.416216
vt 0.391260 0.416005
vt 0.405209 0.415911
vt 0.419119 0.415781
vt 0.433765 0.415481
vt 0.450345 0.415176
vt 0.468469 0.414939
vt 0.487420 0.414688
vt 0.504862 0.414123
vt 0.520733 0.413613
vt 0.538905 0.413753
vt 0.558252 0.415308
vt 0.574493 0.418802
vt 0.590142 0.417090
vt 0.610145 0.416143
vt 0.628572 0.417071
vt 0.644594 0.417551
vt 0.660084 0.416839
vt 0.675486 0.415378
vt 0.690875 0.413918
vt 0.706501 0.410463
vt 0.722084 0.408401
vt 0.737469 0.407940
vt 0.753789 0.408458
vt 0.769501 0.408854
vt 0.785948 0.408382
vt 0.802216 0.408214
vt 0.819800 0.407277
vt 0.837982 0.406434
vt 0.856232 0.405962
vt 0.875272 0.405404
vt 0.894275 0.404974
vt 0.912387 0.404740
vt 0.929970 0.404563
vt 0.947302 0.404386
vt 0.964537 0.404190
vt 0.981635 0.403979
vt 0.998445 0.403765
vt 0.001501 0.429529
vt 0.018248 0.429890
vt 0.035615 0.430283
vt 0.053771 0.430701
vt 0.072324 0.431146
vt 0.090529 0.431597
vt 0.107796 0.431758
vt 0.124427 0.431545
vt 0.140983 0.431446
vt 0.158146 0.432029
vt 0.176679 0.433618
vt 0.194816 0.435176
vt 0.211348 0.435468
vt 0.227784 0.435564
vt 0.244481 0.435703
vt 0.261464 0.436112
vt 0.278817 0.435292
vt 0.295485 0.435067
vt 0.311155 0.435630
vt 0.327417 0.434503
vt 0.344838 0.432774
vt 0.361802 0.431347
vt 0.377300 0.430391
vt 0.391450 0.430023
vt 0.405392 0.429777
vt 0.419219 0.429571
vt 0.434336 0.429402
vt 0.451813 0.429446
vt 0.471641 0.429818
vt 0.491745 0.430220
vt 0.507224 0.429166
vt 0.521917 0.427940
vt 0.541491 0.428695
vt 0.560621 0.431126
vt 0.574048 0.433069
vt 0.586760 0.432336
vt 0.607911 0.431342
vt 0.627422 0.432215
vt 0.645520 0.433125
vt 0.661784 0.433472
vt 0.677367 0.432969
vt 0.692626 0.431875
vt 0.707891 0.429199
vt 0.723253 0.425539
vt 0.738554 0.425521
vt 0.754143 0.424878
vt 0.769693 0.424221
vt 0.785399 0.424093
vt 0.800471 0.423997
vt 0.817237 0.423625
vt 0.835556 0.422999
vt 0.854255 0.422464
vt 0.874149 0.421961
vt 0.893445 0.421588
vt 0.911947 0.421321
vt 0.929786 0.421169
vt 0.947315 0.421038
vt 0.964677 0.420885
vt 0.981823 0.420711
vt 0.998648 0.420527
vt 0.001156 0.446210
vt 0.017903 0.446542
vt 0.035168 0.446899
vt 0.053188 0.447280
vt 0.071758 0.447689
vt 0.090961 0.448133
vt 0.108821 0.448516
vt 0.125876 0.448616
vt 0.142875 0.448541
vt 0.160458 0.449195
vt 0.179489 0.451379
vt 0.196509 0.452823
vt 0.212184 0.452776
vt 0.228215 0.452719
vt 0.244670 0.452904
vt 0.261266 0.453442
vt 0.277480 0.453560
vt 0.294344 0.452435
vt 0.310758 0.451449
vt 0.326901 0.450200
vt 0.343952 0.448316
vt 0.361375 0.446270
vt 0.377395 0.444785
vt 0.391727 0.444103
vt 0.405685 0.443607
vt 0.419446 0.443293
vt 0.434625 0.443293
vt 0.453238 0.443827
vt 0.473753 0.444673
vt 0.492983 0.444876
vt 0.509243 0.443816
vt 0.525256 0.442669
vt 0.546303 0.443468
vt 0.562415 0.443979
vt 0.573829 0.444227
vt 0.585030 0.444077
vt 0.606086 0.445590
vt 0.626765 0.447465
vt 0.645562 0.448653
vt 0.663455 0.449625
vt 0.679263 0.449696
vt 0.694235 0.448617
vt 0.709288 0.447038
vt 0.724251 0.445985
vt 0.738948 0.446068
vt 0.753871 0.444247
vt 0.770098 0.441559
vt 0.786064 0.440109
vt 0.802004 0.439386
vt 0.818506 0.438891
vt 0.836374 0.438598
vt 0.855823 0.438445
vt 0.874824 0.438273
vt 0.893234 0.438084
vt 0.911322 0.437966
vt 0.929315 0.437859
vt 0.947255 0.437735
vt 0.964801 0.437607
vt 0.981996 0.437460
vt 0.998822 0.437291
vt 0.000842 0.462890
vt 0.017586 0.463183
vt 0.034851 0.463496
vt 0.052887 0.463840
vt 0.071257 0.464221
vt 0.089840 0.464610
vt 0.108833 0.464985
vt 0.127500 0.465480
vt 0.145177 0.465766
vt 0.163856 0.466790
vt 0.181904 0.468030
vt 0.196999 0.468255
vt 0.212021 0.468542
vt 0.227950 0.468940
vt 0.244371 0.469346
vt 0.261044 0.469875
vt 0.277594 0.470004
vt 0.294275 0.469074
vt 0.311337 0.467289
vt 0.328200 0.465290
vt 0.345086 0.463128
vt 0.361689 0.461028
vt 0.377739 0.459203
vt 0.392295 0.458072
vt 0.406163 0.457280
vt 0.419791 0.456880
vt 0.435044 0.457117
vt 0.454981 0.458368
vt 0.477582 0.460121
vt 0.496902 0.460798
vt 0.513055 0.459483
vt 0.531131 0.458412
vt 0.551622 0.456532
vt 0.563980 0.454974
vt 0.575747 0.456620
vt 0.588576 0.457121
vt 0.608712 0.460910
vt 0.629813 0.464264
vt 0.646893 0.464693
vt 0.664420 0.465229
vt 0.680315 0.464895
vt 0.695623 0.464101
vt 0.710869 0.463478
vt 0.725516 0.462680
vt 0.739439 0.461887
vt 0.753990 0.459830
vt 0.771522 0.456988
vt 0.787251 0.455524
vt 0.802822 0.454536
vt 0.818982 0.454181
vt 0.836086 0.454109
vt 0.856092 0.454329
vt 0.875327 0.454536
vt 0.893367 0.454555
vt 0.911324 0.454536
vt 0.929303 0.454506
vt 0.947363 0.454458
vt 0.964925 0.454356
vt 0.982156 0.454219
vt 0.998985 0.454054
vt 0.000580 0.479565
vt 0.017304 0.479812
vt 0.034567 0.480078
vt 0.052562 0.480376
vt 0.070503 0.480729
vt 0.088334 0.481177
vt 0.107346 0.481497
vt 0.127738 0.481775
vt 0.147145 0.482376
vt 0.165258 0.482749
vt 0.181809 0.482680
vt 0.196528 0.482799
vt 0.211760 0.484335
vt 0.227248 0.484908
vt 0.243876 0.485563
vt 0.261264 0.486952
vt 0.277716 0.486971
vt 0.293966 0.486586
vt 0.311060 0.484093
vt 0.328959 0.480786
vt 0.346367 0.477902
vt 0.362719 0.475548
vt 0.378647 0.473357
vt 0.393070 0.471928
vt 0.406802 0.470958
vt 0.420819 0.470829
vt 0.437777 0.471903
vt 0.457860 0.473389
vt 0.481663 0.475726
vt 0.501075 0.476937
vt 0.516291 0.475270
vt 0.533155 0.473452
vt 0.551646 0.468759
vt 0.563802 0.468002
vt 0.577558 0.471387
vt 0.593110 0.473992
vt 0.614785 0.479720
vt 0.632218 0.480979
vt 0.648638 0.481031
vt 0.665208 0.480797
vt 0.681148 0.480230
vt 0.697018 0.479563
vt 0.712149 0.478491
vt 0.726813 0.477144
vt 0.741014 0.475525
vt 0.756294 0.473982
vt 0.774208 0.471540
vt 0.788384 0.469713
vt 0.803252 0.469310
vt 0.819082 0.469135
vt 0.835942 0.469415
vt 0.855587 0.470261
vt 0.875295 0.470857
vt 0.893622 0.471041
vt 0.911718 0.471142
vt 0.929754 0.471203
vt 0.947623 0.471204
vt 0.965151 0.471131
vt 0.982328 0.470995
vt 0.999156 0.470819
vt 0.000366 0.496227
vt 0.017063 0.496423
vt 0.034258 0.496638
vt 0.052099 0.496863
vt 0.069618 0.497175
vt 0.086717 0.497666
vt 0.105008 0.498022
vt 0.125166 0.498225
vt 0.146377 0.498324
vt 0.163879 0.498680
vt 0.179770 0.499235
vt 0.195586 0.499254
vt 0.210899 0.499921
vt 0.226545 0.500415
vt 0.243308 0.501504
vt 0.262247 0.504339
vt 0.278263 0.506895
vt 0.293270 0.505909
vt 0.310128 0.501835
vt 0.327812 0.497806
vt 0.345994 0.493687
vt 0.363011 0.490513
vt 0.378943 0.487951
vt 0.393608 0.486172
vt 0.407514 0.485134
vt 0.422176 0.485594
vt 0.441597 0.487980
vt 0.463991 0.489776
vt 0.486225 0.491208
vt 0.502974 0.491463
vt 0.517487 0.490949
vt 0.533534 0.490343
vt 0.549961 0.488724
vt 0.565318 0.490380
vt 0.580764 0.491566
vt 0.597733 0.493686
vt 0.616869 0.496343
vt 0.632775 0.496581
vt 0.648569 0.496896
vt 0.665067 0.496721
vt 0.681809 0.495789
vt 0.698399 0.494800
vt 0.713542 0.493482
vt 0.728796 0.492162
vt 0.743588 0.490375
vt 0.758989 0.488747
vt 0.775182 0.486164
vt 0.789750 0.484875
vt 0.806150 0.485959
vt 0.822647 0.486292
vt 0.839817 0.486535
vt 0.857908 0.486944
vt 0.877133 0.487764
vt 0.895149 0.487954
vt 0.912879 0.487986
vt 0.930589 0.488018
vt 0.948134 0.487999
vt 0.965515 0.487936
vt 0.982536 0.487779
vt 0.999342 0.487592
vt 0.000210 0.512872
vt 0.016868 0.513004
vt 0.033906 0.513155
vt 0.051542 0.513307
vt 0.068803 0.513538
vt 0.085777 0.513846
vt 0.103508 0.514154
vt 0.123299 0.514425
vt 0.144449 0.514743
vt 0.163138 0.515036
vt 0.179230 0.515053
vt 0.194809 0.515007
vt 0.210137 0.515096
vt 0.225797 0.515544
vt 0.242491 0.516869
vt 0.261195 0.519611
vt 0.278596 0.522672
vt 0.292917 0.523696
vt 0.307726 0.521321
vt 0.325309 0.516199
vt 0.344176 0.510915
vt 0.362425 0.506381
vt 0.378388 0.503886
vt 0.393655 0.501847
vt 0.408340 0.501327
vt 0.424163 0.502273
vt 0.444203 0.504420
vt 0.469255 0.505460
vt 0.487662 0.505355
vt 0.502639 0.505727
vt 0.517486 0.506303
vt 0.533851 0.507498
vt 0.550215 0.508169
vt 0.566618 0.509612
vt 0.582445 0.510256
vt 0.598527 0.510824
vt 0.615105 0.512202
vt 0.631131 0.513240
vt 0.647242 0.514027
vt 0.664472 0.513325
vt 0.682881 0.511387
vt 0.699797 0.509933
vt 0.714869 0.508636
vt 0.730791 0.507027
vt 0.746298 0.505516
vt 0.760809 0.503986
vt 0.776282 0.502589
vt 0.792980 0.503319
vt 0.809810 0.504215
vt 0.825875 0.503830
vt 0.842556 0.503568
vt 0.860302 0.503911
vt 0.878899 0.504705
vt 0.896362 0.504721
vt 0.913865 0.504759
vt 0.931454 0.504849
vt 0.948798 0.504837
vt 0.965886 0.504726
vt 0.982749 0.504551
vt 0.999530 0.504370
vt 0.000126 0.529493
vt 0.016753 0.529553
vt 0.033705 0.529624
vt 0.051231 0.529697
vt 0.068504 0.529792
vt 0.085505 0.529887
vt 0.102966 0.530044
vt 0.122876 0.530436
vt 0.144414 0.531173
vt 0.163556 0.531656
vt 0.179776 0.530792
vt 0.195149 0.530086
vt 0.210333 0.530038
vt 0.226045 0.530604
vt 0.243225 0.532298
vt 0.261216 0.534823
vt 0.278503 0.537553
vt 0.293083 0.539355
vt 0.306543 0.538067
vt 0.322830 0.533757
vt 0.342520 0.528045
vt 0.360512 0.523732
vt 0.376562 0.521987
vt 0.392765 0.520348
vt 0.408732 0.520186
vt 0.425254 0.519767
vt 0.443642 0.520668
vt 0.464640 0.521094
vt 0.482571 0.521964
vt 0.499359 0.522757
vt 0.516619 0.522699
vt 0.533107 0.523668
vt 0.549624 0.524450
vt 0.566731 0.525330
vt 0.582115 0.526262
vt 0.597517 0.526908
vt 0.613679 0.529443
vt 0.629115 0.531941
vt 0.643763 0.535065
vt 0.661115 0.532261
vt 0.682541 0.527520
vt 0.700884 0.525199
vt 0.716312 0.523907
vt 0.731747 0.522282
vt 0.747510 0.519883
vt 0.761959 0.518791
vt 0.777371 0.518686
vt 0.794067 0.519464
vt 0.811100 0.520219
vt 0.827453 0.520157
vt 0.844965 0.520608
vt 0.863256 0.521494
vt 0.880692 0.521716
vt 0.897649 0.521531
vt 0.914838 0.521526
vt 0.932182 0.521616
vt 0.949321 0.521602
vt 0.966177 0.521463
vt 0.982937 0.521299
vt 0.999698 0.521148
vt 0.000100 0.546107
vt 0.016739 0.546089
vt 0.033684 0.546075
vt 0.051203 0.546066
vt 0.068745 0.546052
vt 0.086006 0.545980
vt 0.103767 0.545976
vt 0.123933 0.546460
vt 0.147173 0.547954
vt 0.166581 0.549443
vt 0.181623 0.547842
vt 0.196487 0.545896
vt 0.211714 0.545638
vt 0.227873 0.546436
vt 0.245357 0.548301
vt 0.262300 0.550041
vt 0.278398 0.551865
vt 0.293592 0.553903
vt 0.307362 0.551819
vt 0.324523 0.547488
vt 0.341959 0.543680
vt 0.357323 0.542426
vt 0.373142 0.541588
vt 0.390945 0.538672
vt 0.408226 0.537053
vt 0.425149 0.536552
vt 0.441636 0.537210
vt 0.459436 0.538155
vt 0.477705 0.539055
vt 0.496191 0.539492
vt 0.514877 0.539614
vt 0.531948 0.540210
vt 0.547823 0.540770
vt 0.565706 0.540345
vt 0.581185 0.540589
vt 0.595914 0.541949
vt 0.613068 0.546041
vt 0.628061 0.550265
vt 0.640989 0.553812
vt 0.656436 0.550932
vt 0.681848 0.543580
vt 0.702236 0.540268
vt 0.717898 0.539385
vt 0.732485 0.538184
vt 0.748090 0.535455
vt 0.762943 0.534523
vt 0.778576 0.534990
vt 0.795112 0.535763
vt 0.811656 0.536121
vt 0.829154 0.536834
vt 0.847268 0.537715
vt 0.865252 0.538476
vt 0.882262 0.538598
vt 0.898994 0.538435
vt 0.915924 0.538379
vt 0.932878 0.538352
vt 0.949706 0.538277
vt 0.966388 0.538145
vt 0.983083 0.538023
vt 0.999824 0.537920
vt 0.000152 0.562734
vt 0.016817 0.562639
vt 0.033817 0.562539
vt 0.051352 0.562448
vt 0.069224 0.562351
vt 0.087008 0.562213
vt 0.105506 0.562183
vt 0.126707 0.562776
vt 0.150127 0.564144
vt 0.168807 0.564957
vt 0.183561 0.564865
vt 0.198321 0.562690
vt 0.214114 0.562477
vt 0.231352 0.563589
vt 0.248548 0.564740
vt 0.265148 0.565877
vt 0.280219 0.566761
vt 0.294381 0.568368
vt 0.307365 0.566022
vt 0.324871 0.561366
vt 0.341084 0.558366
vt 0.354961 0.559242
vt 0.369696 0.559839
vt 0.388871 0.556004
vt 0.408095 0.553180
vt 0.425047 0.552251
vt 0.440183 0.552892
vt 0.458642 0.554115
vt 0.477391 0.555008
vt 0.495718 0.555634
vt 0.513942 0.556160
vt 0.531619 0.556761
vt 0.548313 0.556689
vt 0.566128 0.554954
vt 0.580438 0.554148
vt 0.593945 0.555917
vt 0.609803 0.559962
vt 0.625254 0.563855
vt 0.639891 0.566521
vt 0.653993 0.566210
vt 0.680540 0.559414
vt 0.702997 0.554808
vt 0.719368 0.553574
vt 0.733402 0.553175
vt 0.748328 0.551986
vt 0.763782 0.551787
vt 0.779751 0.552107
vt 0.796263 0.552621
vt 0.812888 0.552799
vt 0.830378 0.553394
vt 0.848536 0.554260
vt 0.866283 0.554872
vt 0.883130 0.554995
vt 0.899753 0.554935
vt 0.916544 0.554930
vt 0.933269 0.554902
vt 0.949902 0.554845
vt 0.966507 0.554779
vt 0.983168 0.554725
vt 0.999893 0.554682
vt 0.000277 0.579370
vt 0.016964 0.579205
vt 0.034057 0.579030
vt 0.051687 0.578859
vt 0.069825 0.578692
vt 0.088252 0.578532
vt 0.107408 0.578456
vt 0.128881 0.578777
vt 0.151637 0.579408
vt 0.169613 0.579295
vt 0.184234 0.579261
vt 0.199508 0.578857
vt 0.216213 0.578961
vt 0.233326 0.579315
vt 0.250215 0.579665
vt 0.266697 0.579954
vt 0.282329 0.580327
vt 0.295342 0.581225
vt 0.306134 0.579603
vt 0.320545 0.577746
vt 0.337568 0.575489
vt 0.352092 0.575622
vt 0.365348 0.578179
vt 0.381278 0.576751
vt 0.404076 0.571300
vt 0.423743 0.568682
vt 0.439860 0.568918
vt 0.457619 0.570266
vt 0.476060 0.571181
vt 0.494577 0.571916
vt 0.513288 0.572626
vt 0.531376 0.573493
vt 0.548392 0.574330
vt 0.565258 0.571200
vt 0.579882 0.569673
vt 0.593690 0.570983
vt 0.609511 0.575836
vt 0.625387 0.580462
vt 0.639479 0.580795
vt 0.653737 0.580078
vt 0.677995 0.575461
vt 0.700916 0.570298
vt 0.718533 0.567875
vt 0.733530 0.567030
vt 0.748202 0.567651
vt 0.763943 0.568232
vt 0.780148 0.568755
vt 0.796710 0.569187
vt 0.814120 0.569708
vt 0.832072 0.570301
vt 0.849835 0.570813
vt 0.866866 0.571085
vt 0.883451 0.571184
vt 0.900086 0.571249
vt 0.916774 0.571302
vt 0.933386 0.571337
vt 0.949948 0.571364
vt 0.966530 0.571389
vt 0.983181 0.571412
vt 0.999900 0.571431
vt 0.000469 0.596014
vt 0.017167 0.595783
vt 0.034330 0.595540
vt 0.052074 0.595295
vt 0.070459 0.595061
vt 0.089368 0.594851
vt 0.109088 0.594693
vt 0.131363 0.594661
vt 0.151304 0.594447
vt 0.167871 0.594417
vt 0.183614 0.594561
vt 0.199473 0.594531
vt 0.216318 0.594339
vt 0.232883 0.594256
vt 0.249397 0.594120
vt 0.265262 0.593752
vt 0.281582 0.592279
vt 0.296001 0.590590
vt 0.304531 0.590177
vt 0.318219 0.590775
vt 0.335588 0.590846
vt 0.349647 0.591380
vt 0.362393 0.594226
vt 0.375930 0.593295
vt 0.399019 0.589176
vt 0.421492 0.586360
vt 0.439434 0.585676
vt 0.456469 0.586694
vt 0.474549 0.587474
vt 0.493605 0.588199
vt 0.511996 0.588885
vt 0.531141 0.590182
vt 0.549689 0.592805
vt 0.565043 0.590739
vt 0.580079 0.588834
vt 0.594856 0.589627
vt 0.610530 0.593388
vt 0.624570 0.596385
vt 0.639168 0.595069
vt 0.655147 0.594104
vt 0.674867 0.591956
vt 0.695669 0.588249
vt 0.713853 0.585709
vt 0.731725 0.582594
vt 0.746883 0.583554
vt 0.763080 0.584153
vt 0.779581 0.584911
vt 0.796303 0.585725
vt 0.814235 0.586226
vt 0.832496 0.586604
vt 0.850255 0.586932
vt 0.867036 0.587163
vt 0.883440 0.587337
vt 0.899987 0.587498
vt 0.916646 0.587633
vt 0.933267 0.587759
vt 0.949853 0.587883
vt 0.966457 0.588001
vt 0.983124 0.588104
vt 0.999860 0.588189
vt 0.000735 0.612657
vt 0.017425 0.612367
vt 0.034650 0.612064
vt 0.052564 0.611752
vt 0.071060 0.611436
vt 0.090065 0.611127
vt 0.109549 0.610826
vt 0.130948 0.610433
vt 0.149853 0.609986
vt 0.166694 0.609869
vt 0.182336 0.610379
vt 0.198653 0.610301
vt 0.216176 0.609647
vt 0.232915 0.609218
vt 0.248771 0.608789
vt 0.263688 0.608550
vt 0.279866 0.606487
vt 0.294261 0.602963
vt 0.305353 0.600821
vt 0.318999 0.604068
vt 0.334480 0.605710
vt 0.349190 0.605770
vt 0.361600 0.605848
vt 0.373689 0.605818
vt 0.393765 0.605235
vt 0.419077 0.604034
vt 0.438983 0.603213
vt 0.456082 0.603296
vt 0.475487 0.604093
vt 0.494964 0.604821
vt 0.512761 0.605169
vt 0.532031 0.606729
vt 0.551173 0.609701
vt 0.565687 0.609455
vt 0.580916 0.607024
vt 0.596405 0.607720
vt 0.611803 0.608711
vt 0.623826 0.609173
vt 0.639938 0.609096
vt 0.656338 0.608754
vt 0.672706 0.608184
vt 0.689989 0.607610
vt 0.706912 0.606521
vt 0.726129 0.602490
vt 0.742848 0.602016
vt 0.760105 0.601595
vt 0.777254 0.601922
vt 0.794316 0.602774
vt 0.812543 0.602962
vt 0.831643 0.602853
vt 0.849883 0.602936
vt 0.866787 0.603184
vt 0.883119 0.603500
vt 0.899619 0.603790
vt 0.916264 0.604029
vt 0.932966 0.604233
vt 0.949629 0.604439
vt 0.966288 0.604638
vt 0.982991 0.604815
vt 0.999749 0.604970
vt 0.001053 0.629291
vt 0.017734 0.628952
vt 0.034973 0.628595
vt 0.052888 0.628216
vt 0.071584 0.627817
vt 0.090789 0.627410
vt 0.109951 0.626979
vt 0.129907 0.626510
vt 0.147919 0.626188
vt 0.164657 0.626199
vt 0.180897 0.626375
vt 0.197406 0.626257
vt 0.214376 0.625711
vt 0.231911 0.624625
vt 0.249345 0.623160
vt 0.263871 0.622811
vt 0.278609 0.622403
vt 0.292816 0.622266
vt 0.306512 0.622067
vt 0.320659 0.623534
vt 0.334818 0.623753
vt 0.349452 0.620107
vt 0.362350 0.617697
vt 0.375354 0.617950
vt 0.395887 0.619857
vt 0.420900 0.620953
vt 0.439316 0.620448
vt 0.456712 0.620251
vt 0.476183 0.620686
vt 0.496137 0.621204
vt 0.515969 0.622082
vt 0.535532 0.623562
vt 0.553140 0.625005
vt 0.566188 0.624595
vt 0.581606 0.622769
vt 0.596284 0.622449
vt 0.610808 0.622807
vt 0.625104 0.622971
vt 0.640859 0.623345
vt 0.657620 0.623669
vt 0.673606 0.623590
vt 0.688588 0.623353
vt 0.702928 0.624449
vt 0.718530 0.623656
vt 0.735902 0.622685
vt 0.754414 0.621392
vt 0.772834 0.620634
vt 0.791242 0.620322
vt 0.810526 0.619810
vt 0.830507 0.619188
vt 0.849094 0.618996
vt 0.866231 0.619211
vt 0.882612 0.619688
vt 0.899052 0.620149
vt 0.915709 0.620506
vt 0.932503 0.620784
vt 0.949284 0.621051
vt 0.966035 0.621311
vt 0.982787 0.621553
vt 0.999570 0.621772
vt 0.001422 0.645916
vt 0.018085 0.645530
vt 0.035293 0.645126
vt 0.053297 0.644690
vt 0.072244 0.644213
vt 0.091562 0.643708
vt 0.110937 0.643181
vt 0.129657 0.642588
vt 0.146585 0.642403
vt 0.162805 0.642708
vt 0.178791 0.643060
vt 0.195351 0.642763
vt 0.213179 0.641653
vt 0.230605 0.640581
vt 0.248364 0.638453
vt 0.263371 0.638043
vt 0.278219 0.640924
vt 0.292725 0.642862
vt 0.306913 0.642602
vt 0.321218 0.641914
vt 0.335620 0.640047
vt 0.350762 0.635885
vt 0.364636 0.633326
vt 0.381357 0.635081
vt 0.401658 0.637237
vt 0.422554 0.638114
vt 0.439811 0.637455
vt 0.457416 0.637181
vt 0.476284 0.637120
vt 0.498236 0.637574
vt 0.518901 0.638204
vt 0.536346 0.638545
vt 0.553040 0.638976
vt 0.567558 0.638326
vt 0.582245 0.637353
vt 0.596870 0.637136
vt 0.610757 0.636807
vt 0.626020 0.637475
vt 0.642354 0.638392
vt 0.658318 0.638684
vt 0.673610 0.638436
vt 0.688280 0.638174
vt 0.702254 0.638484
vt 0.714247 0.638791
vt 0.732071 0.639168
vt 0.749785 0.639471
vt 0.768808 0.638571
vt 0.787737 0.637874
vt 0.808368 0.636690
vt 0.828049 0.636018
vt 0.847057 0.635569
vt 0.864837 0.635614
vt 0.881765 0.636030
vt 0.898376 0.636573
vt 0.915034 0.637051
vt 0.931888 0.637415
vt 0.948842 0.637718
vt 0.965713 0.638023
vt 0.982523 0.638317
vt 0.999330 0.638591
vt 0.001835 0.662524
vt 0.018481 0.662099
vt 0.035660 0.661653
vt 0.053654 0.661168
vt 0.072280 0.660643
vt 0.091583 0.660049
vt 0.111129 0.659391
vt 0.128808 0.658880
vt 0.145268 0.658912
vt 0.161380 0.659087
vt 0.177375 0.659119
vt 0.193549 0.658865
vt 0.212013 0.657770
vt 0.229352 0.656938
vt 0.246594 0.655915
vt 0.262431 0.656147
vt 0.277856 0.658002
vt 0.292468 0.658529
vt 0.307132 0.657940
vt 0.322117 0.656863
vt 0.337273 0.655553
vt 0.352601 0.652583
vt 0.367942 0.651626
vt 0.386334 0.653842
vt 0.404711 0.654951
vt 0.422853 0.655276
vt 0.440379 0.654916
vt 0.458462 0.654246
vt 0.477951 0.653655
vt 0.499171 0.653355
vt 0.521486 0.653395
vt 0.538548 0.653555
vt 0.553838 0.653737
vt 0.568250 0.652677
vt 0.582834 0.652044
vt 0.597409 0.651539
vt 0.612141 0.651532
vt 0.628053 0.652915
vt 0.644228 0.654240
vt 0.659669 0.654513
vt 0.674453 0.653304
vt 0.688847 0.652465
vt 0.702314 0.651369
vt 0.717423 0.653506
vt 0.735075 0.655880
vt 0.750690 0.655181
vt 0.766947 0.655071
vt 0.784939 0.654635
vt 0.806324 0.653496
vt 0.825365 0.653044
vt 0.844263 0.652666
vt 0.862772 0.652471
vt 0.880599 0.652593
vt 0.897586 0.653089
vt 0.914348 0.653623
vt 0.931279 0.654055
vt 0.948388 0.654416
vt 0.965357 0.654767
vt 0.982213 0.655103
vt 0.999039 0.655424
vt 0.002283 0.679117
vt 0.018915 0.678663
vt 0.036070 0.678179
vt 0.053918 0.677650
vt 0.072203 0.677081
vt 0.091465 0.676408
vt 0.110832 0.675756
vt 0.128209 0.675309
vt 0.144525 0.675045
vt 0.160913 0.674773
vt 0.177417 0.674544
vt 0.194013 0.674226
vt 0.211920 0.673653
vt 0.228865 0.673042
vt 0.246152 0.672444
vt 0.262027 0.672747
vt 0.277458 0.673135
vt 0.292331 0.673230
vt 0.307810 0.672994
vt 0.323195 0.671888
vt 0.338946 0.671614
vt 0.354465 0.669884
vt 0.370040 0.668885
vt 0.388380 0.671513
vt 0.405757 0.672431
vt 0.423345 0.673072
vt 0.440495 0.672770
vt 0.458515 0.671256
vt 0.477517 0.670010
vt 0.497388 0.669052
vt 0.521489 0.667711
vt 0.540816 0.667417
vt 0.554469 0.667963
vt 0.568255 0.666844
vt 0.583343 0.666624
vt 0.599430 0.667515
vt 0.614975 0.668144
vt 0.630741 0.669375
vt 0.646687 0.671221
vt 0.661344 0.671867
vt 0.675531 0.670666
vt 0.689903 0.668849
vt 0.704421 0.668613
vt 0.721834 0.672545
vt 0.738090 0.674691
vt 0.752875 0.673008
vt 0.768499 0.670861
vt 0.786293 0.670664
vt 0.806506 0.669585
vt 0.824355 0.669335
vt 0.842113 0.669438
vt 0.860511 0.669406
vt 0.879268 0.669262
vt 0.896731 0.669667
vt 0.913748 0.670220
vt 0.930797 0.670714
vt 0.947953 0.671142
vt 0.964984 0.671536
vt 0.981872 0.671908
vt 0.998700 0.672260
vt 0.002752 0.695696
vt 0.019372 0.695228
vt 0.036529 0.694710
vt 0.054367 0.694125
vt 0.072575 0.693480
vt 0.091736 0.692733
vt 0.111401 0.692010
vt 0.129011 0.691463
vt 0.145479 0.690912
vt 0.162226 0.690625
vt 0.179171 0.690616
vt 0.195687 0.690230
vt 0.213148 0.689445
vt 0.229786 0.688852
vt 0.246144 0.688506
vt 0.261975 0.688440
vt 0.277334 0.688428
vt 0.292648 0.688547
vt 0.308186 0.688466
vt 0.323899 0.688006
vt 0.341093 0.689395
vt 0.357209 0.689113
vt 0.372886 0.687798
vt 0.390111 0.689894
vt 0.407375 0.691570
vt 0.424141 0.691686
vt 0.441091 0.689797
vt 0.458564 0.687946
vt 0.476986 0.686139
vt 0.496184 0.684638
vt 0.518844 0.682545
vt 0.541891 0.679740
vt 0.554491 0.679265
vt 0.568425 0.680230
vt 0.584497 0.681657
vt 0.602085 0.683612
vt 0.618288 0.684919
vt 0.633576 0.685872
vt 0.648597 0.687014
vt 0.662341 0.687525
vt 0.676366 0.687294
vt 0.691189 0.686942
vt 0.706741 0.687185
vt 0.724667 0.689962
vt 0.739669 0.691524
vt 0.753530 0.689820
vt 0.770016 0.687082
vt 0.786057 0.686904
vt 0.804173 0.686180
vt 0.822628 0.685718
vt 0.840343 0.685967
vt 0.858637 0.686105
vt 0.877671 0.685994
vt 0.895616 0.686340
vt 0.912988 0.686901
vt 0.930279 0.687432
vt 0.947509 0.687904
vt 0.964593 0.688331
vt 0.981502 0.688724
vt 0.998337 0.689095
vt 0.003223 0.712263
vt 0.019836 0.711802
vt 0.037036 0.711270
vt 0.054923 0.710642
vt 0.073275 0.709903
vt 0.093137 0.708996
vt 0.112549 0.708116
vt 0.130157 0.707465
vt 0.147188 0.706987
vt 0.164178 0.706631
vt 0.180417 0.706335
vt 0.195935 0.706142
vt 0.211825 0.706140
vt 0.228467 0.705570
vt 0.245491 0.704550
vt 0.262250 0.703961
vt 0.277454 0.704110
vt 0.292567 0.703974
vt 0.308842 0.704446
vt 0.325381 0.705165
vt 0.344007 0.708206
vt 0.360650 0.709660
vt 0.376295 0.709217
vt 0.392510 0.710289
vt 0.408566 0.710553
vt 0.424733 0.709163
vt 0.442793 0.706329
vt 0.461421 0.703922
vt 0.480479 0.701713
vt 0.498208 0.699674
vt 0.517184 0.697672
vt 0.538962 0.694026
vt 0.554160 0.691480
vt 0.568283 0.694420
vt 0.585136 0.696800
vt 0.602331 0.698145
vt 0.618611 0.698917
vt 0.633361 0.699762
vt 0.647842 0.700541
vt 0.662325 0.701040
vt 0.676214 0.701834
vt 0.691177 0.702624
vt 0.707265 0.703472
vt 0.724941 0.704345
vt 0.740015 0.704803
vt 0.753648 0.704580
vt 0.769691 0.703459
vt 0.785648 0.702356
vt 0.801399 0.702890
vt 0.819077 0.702809
vt 0.837334 0.702916
vt 0.856275 0.702918
vt 0.875403 0.702942
vt 0.893881 0.703251
vt 0.911914 0.703712
vt 0.929618 0.704222
vt 0.947022 0.704711
vt 0.964180 0.705154
vt 0.981118 0.705556
vt 0.997961 0.705932
vt 0.003672 0.728825
vt 0.020280 0.728394
vt 0.037488 0.727876
vt 0.055460 0.727211
vt 0.073842 0.726414
vt 0.093298 0.725336
vt 0.112610 0.724178
vt 0.130452 0.723321
vt 0.147500 0.722673
vt 0.164818 0.721925
vt 0.180633 0.721373
vt 0.195729 0.721851
vt 0.211038 0.722975
vt 0.226708 0.722361
vt 0.245212 0.720220
vt 0.262481 0.718990
vt 0.277414 0.718721
vt 0.292807 0.719446
vt 0.310076 0.721126
vt 0.327338 0.722836
vt 0.345856 0.725362
vt 0.363192 0.727717
vt 0.378505 0.728355
vt 0.393692 0.728440
vt 0.409087 0.727554
vt 0.425708 0.725562
vt 0.444697 0.722685
vt 0.464235 0.719714
vt 0.484972 0.717018
vt 0.501032 0.714571
vt 0.516856 0.712721
vt 0.535685 0.710553
vt 0.552833 0.708792
vt 0.567865 0.709672
vt 0.583642 0.711660
vt 0.599370 0.712984
vt 0.614383 0.714430
vt 0.630169 0.714766
vt 0.646046 0.714596
vt 0.660307 0.715532
vt 0.674520 0.717095
vt 0.689192 0.718505
vt 0.704229 0.720018
vt 0.721214 0.719993
vt 0.738723 0.719131
vt 0.753693 0.719141
vt 0.769677 0.719246
vt 0.785763 0.718407
vt 0.801448 0.718530
vt 0.816936 0.718573
vt 0.835140 0.719347
vt 0.853953 0.719609
vt 0.872845 0.719969
vt 0.891698 0.720344
vt 0.910489 0.720683
vt 0.928761 0.721113
vt 0.946452 0.721580
vt 0.963761 0.722016
vt 0.980738 0.722407
vt 0.997589 0.722771
vt 0.004077 0.745390
vt 0.020682 0.745006
vt 0.037771 0.744541
vt 0.055464 0.743930
vt 0.073650 0.743137
vt 0.092746 0.741933
vt 0.111859 0.740556
vt 0.129815 0.739520
vt 0.146787 0.738718
vt 0.164105 0.737761
vt 0.180048 0.737472
vt 0.195484 0.738012
vt 0.210594 0.738536
vt 0.225872 0.737883
vt 0.243996 0.736197
vt 0.261652 0.734738
vt 0.277275 0.734253
vt 0.292921 0.735122
vt 0.309621 0.736783
vt 0.325963 0.738375
vt 0.344366 0.740617
vt 0.363734 0.742851
vt 0.379127 0.744025
vt 0.393975 0.744319
vt 0.409440 0.743593
vt 0.426459 0.742016
vt 0.445967 0.739208
vt 0.468480 0.735085
vt 0.490129 0.731292
vt 0.504623 0.729209
vt 0.519315 0.727426
vt 0.536867 0.725243
vt 0.551887 0.724529
vt 0.567015 0.725495
vt 0.582061 0.726740
vt 0.596792 0.728415
vt 0.610508 0.729864
vt 0.625709 0.730940
vt 0.642111 0.731156
vt 0.657426 0.731692
vt 0.671822 0.733506
vt 0.686548 0.734793
vt 0.701206 0.735924
vt 0.717543 0.736156
vt 0.736490 0.735153
vt 0.753443 0.735108
vt 0.769686 0.735399
vt 0.785935 0.735228
vt 0.802285 0.735376
vt 0.818622 0.735297
vt 0.835176 0.735513
vt 0.852166 0.735896
vt 0.871126 0.736682
vt 0.890108 0.737270
vt 0.909295 0.737643
vt 0.927948 0.738056
vt 0.945963 0.738496
vt 0.963375 0.738911
vt 0.980377 0.739274
vt 0.997236 0.739613
vt 0.004433 0.761962
vt 0.021033 0.761626
vt 0.037962 0.761233
vt 0.055353 0.760711
vt 0.073075 0.760045
vt 0.091280 0.759086
vt 0.110011 0.757695
vt 0.129107 0.755872
vt 0.147310 0.754363
vt 0.164020 0.753438
vt 0.179774 0.753156
vt 0.195270 0.753546
vt 0.210716 0.753540
vt 0.226646 0.752867
vt 0.244595 0.751550
vt 0.261716 0.750195
vt 0.277131 0.749895
vt 0.293380 0.751282
vt 0.309607 0.752627
vt 0.325169 0.753849
vt 0.341969 0.755793
vt 0.361180 0.757624
vt 0.378128 0.759023
vt 0.393884 0.759736
vt 0.410133 0.759533
vt 0.427405 0.758479
vt 0.445275 0.756815
vt 0.466374 0.752665
vt 0.487459 0.747679
vt 0.505441 0.743406
vt 0.520254 0.742577
vt 0.536892 0.739726
vt 0.551134 0.738962
vt 0.565636 0.742667
vt 0.580500 0.744720
vt 0.595614 0.744497
vt 0.610174 0.743818
vt 0.624651 0.745222
vt 0.640177 0.746321
vt 0.654654 0.747571
vt 0.669416 0.748663
vt 0.684532 0.749601
vt 0.700401 0.750470
vt 0.716869 0.751190
vt 0.733945 0.751408
vt 0.752033 0.751530
vt 0.769651 0.751995
vt 0.786898 0.752913
vt 0.803554 0.753145
vt 0.820155 0.753202
vt 0.836726 0.752874
vt 0.854055 0.753137
vt 0.872241 0.753786
vt 0.890022 0.754118
vt 0.908464 0.754559
vt 0.927349 0.755009
vt 0.945543 0.755449
vt 0.963025 0.755831
vt 0.980049 0.756157
vt 0.996917 0.756456
vt 0.004745 0.778539
vt 0.021341 0.778243
vt 0.038116 0.777921
vt 0.055196 0.777514
vt 0.072516 0.776996
vt 0.090229 0.776195
vt 0.108710 0.774783
vt 0.128202 0.772513
vt 0.147193 0.770168
vt 0.163635 0.769251
vt 0.179455 0.768917
vt 0.195064 0.769363
vt 0.211053 0.769224
vt 0.228010 0.768230
vt 0.245142 0.766895
vt 0.261343 0.765926
vt 0.276931 0.765797
vt 0.292591 0.766624
vt 0.308693 0.767647
vt 0.324078 0.769204
vt 0.340466 0.771061
vt 0.357920 0.773030
vt 0.376365 0.774920
vt 0.393436 0.775990
vt 0.410139 0.776179
vt 0.427246 0.775518
vt 0.444267 0.775010
vt 0.463246 0.771989
vt 0.482874 0.767756
vt 0.501876 0.763108
vt 0.518311 0.761046
vt 0.534314 0.758624
vt 0.549362 0.757303
vt 0.563869 0.762135
vt 0.578638 0.765633
vt 0.593833 0.764703
vt 0.609874 0.761024
vt 0.624694 0.760455
vt 0.639406 0.761164
vt 0.653927 0.761897
vt 0.669576 0.763895
vt 0.684541 0.764462
vt 0.700294 0.765581
vt 0.716672 0.766566
vt 0.732827 0.767015
vt 0.750517 0.767754
vt 0.768920 0.768501
vt 0.787469 0.769622
vt 0.804330 0.770109
vt 0.820996 0.770149
vt 0.838082 0.770296
vt 0.855873 0.770833
vt 0.873413 0.771132
vt 0.890620 0.771140
vt 0.908287 0.771444
vt 0.926869 0.771980
vt 0.945194 0.772440
vt 0.962732 0.772782
vt 0.979767 0.773053
vt 0.996643 0.773303
vt 0.005025 0.795119
vt 0.021619 0.794851
vt 0.038294 0.794579
vt 0.055171 0.794249
vt 0.072194 0.793851
vt 0.089448 0.793269
vt 0.107283 0.792178
vt 0.126032 0.790233
vt 0.144847 0.787846
vt 0.162579 0.785811
vt 0.178544 0.785615
vt 0.194367 0.786308
vt 0.210871 0.785531
vt 0.227596 0.784486
vt 0.244643 0.782808
vt 0.260616 0.782001
vt 0.276627 0.781113
vt 0.291386 0.781853
vt 0.305516 0.782753
vt 0.321935 0.784178
vt 0.339511 0.786553
vt 0.356849 0.788739
vt 0.375891 0.791601
vt 0.393065 0.792984
vt 0.409729 0.793367
vt 0.426366 0.793621
vt 0.443000 0.793739
vt 0.460352 0.792114
vt 0.478797 0.788833
vt 0.498340 0.783680
vt 0.515818 0.780487
vt 0.531245 0.781323
vt 0.546793 0.780999
vt 0.561824 0.784055
vt 0.576849 0.786217
vt 0.592298 0.784618
vt 0.608879 0.780314
vt 0.624363 0.777987
vt 0.639280 0.776995
vt 0.654165 0.777852
vt 0.670115 0.780200
vt 0.685574 0.781204
vt 0.702501 0.783616
vt 0.718460 0.784060
vt 0.734332 0.783591
vt 0.750965 0.784006
vt 0.768661 0.785005
vt 0.787010 0.786077
vt 0.804360 0.786606
vt 0.821292 0.786850
vt 0.838512 0.787165
vt 0.856340 0.787706
vt 0.873858 0.788063
vt 0.891276 0.788288
vt 0.909000 0.788601
vt 0.927040 0.789034
vt 0.945123 0.789472
vt 0.962543 0.789755
vt 0.979541 0.789960
vt 0.996423 0.790156
vt 0.005283 0.811696
vt 0.021868 0.811450
vt 0.038485 0.811212
vt 0.055227 0.810936
vt 0.072052 0.810621
vt 0.088986 0.810206
vt 0.106246 0.809471
vt 0.124240 0.808048
vt 0.142582 0.806091
vt 0.160603 0.804038
vt 0.177116 0.803686
vt 0.193244 0.803906
vt 0.209876 0.802908
vt 0.226619 0.801577
vt 0.243179 0.800138
vt 0.259271 0.798814
vt 0.276121 0.796297
vt 0.290887 0.795131
vt 0.304406 0.796362
vt 0.320874 0.799040
vt 0.339590 0.802672
vt 0.358136 0.806087
vt 0.376241 0.809017
vt 0.392859 0.810582
vt 0.409290 0.811260
vt 0.425686 0.811676
vt 0.442004 0.812024
vt 0.458730 0.811006
vt 0.476658 0.808274
vt 0.495480 0.804164
vt 0.513071 0.801200
vt 0.528889 0.802248
vt 0.544437 0.804101
vt 0.559906 0.805551
vt 0.575418 0.805181
vt 0.591642 0.802743
vt 0.608083 0.799458
vt 0.623890 0.797052
vt 0.639443 0.794384
vt 0.654474 0.794482
vt 0.669945 0.795992
vt 0.686087 0.797879
vt 0.703559 0.800734
vt 0.719717 0.801258
vt 0.735740 0.800831
vt 0.752615 0.801578
vt 0.769833 0.802231
vt 0.787253 0.802884
vt 0.804409 0.803273
vt 0.821599 0.803646
vt 0.838662 0.803913
vt 0.856352 0.804503
vt 0.874038 0.804973
vt 0.891721 0.805367
vt 0.909498 0.805750
vt 0.927377 0.806153
vt 0.945140 0.806510
vt 0.962415 0.806726
vt 0.979372 0.806871
vt 0.996256 0.807013
vt 0.005521 0.828268
vt 0.022099 0.828040
vt 0.038690 0.827818
vt 0.055338 0.827582
vt 0.072038 0.827321
vt 0.088803 0.826992
vt 0.105751 0.826462
vt 0.123207 0.825459
vt 0.140929 0.824121
vt 0.158716 0.822528
vt 0.175906 0.821416
vt 0.192477 0.820997
vt 0.209163 0.820109
vt 0.225997 0.818638
vt 0.242678 0.816897
vt 0.258984 0.815014
vt 0.275358 0.812374
vt 0.290595 0.809645
vt 0.304574 0.811141
vt 0.320662 0.814569
vt 0.338880 0.818695
vt 0.357311 0.822409
vt 0.375256 0.825434
vt 0.392452 0.827744
vt 0.408891 0.828886
vt 0.425144 0.829502
vt 0.441350 0.829545
vt 0.457888 0.828817
vt 0.475265 0.826896
vt 0.492852 0.824791
vt 0.510059 0.823461
vt 0.526690 0.823194
vt 0.542765 0.824164
vt 0.558509 0.824603
vt 0.574483 0.823481
vt 0.590916 0.821274
vt 0.607394 0.818719
vt 0.623451 0.816866
vt 0.639333 0.815160
vt 0.655046 0.814093
vt 0.670742 0.813996
vt 0.687038 0.815582
vt 0.704497 0.818303
vt 0.721114 0.819417
vt 0.737482 0.819443
vt 0.754103 0.819538
vt 0.770973 0.819767
vt 0.788200 0.820326
vt 0.805020 0.820299
vt 0.822174 0.820700
vt 0.839453 0.821133
vt 0.856894 0.821619
vt 0.874381 0.822030
vt 0.891960 0.822401
vt 0.909861 0.822867
vt 0.927670 0.823270
vt 0.945177 0.823541
vt 0.962324 0.823687
vt 0.979255 0.823779
vt 0.996139 0.823873
vt 0.005745 0.844839
vt 0.022319 0.844621
vt 0.038900 0.844407
vt 0.055501 0.844191
vt 0.072134 0.843956
vt 0.088797 0.843682
vt 0.105563 0.843283
vt 0.122691 0.842554
vt 0.140037 0.841595
vt 0.157488 0.840453
vt 0.174681 0.839462
vt 0.191731 0.838441
vt 0.208543 0.837515
vt 0.225323 0.836260
vt 0.242177 0.834334
vt 0.259019 0.831645
vt 0.275316 0.828788
vt 0.290406 0.827124
vt 0.305987 0.830316
vt 0.321569 0.832023
vt 0.338516 0.835331
vt 0.356557 0.839165
vt 0.374351 0.842238
vt 0.392005 0.844963
vt 0.408511 0.846106
vt 0.424750 0.846452
vt 0.441000 0.846349
vt 0.457357 0.846002
vt 0.473832 0.845435
vt 0.490780 0.844297
vt 0.508543 0.842515
vt 0.525452 0.841978
vt 0.541800 0.842071
vt 0.557845 0.841929
vt 0.574074 0.840835
vt 0.590581 0.839088
vt 0.606982 0.837447
vt 0.623289 0.835952
vt 0.639468 0.834690
vt 0.655611 0.833474
vt 0.671810 0.833503
vt 0.688243 0.834243
vt 0.705332 0.836113
vt 0.722135 0.837270
vt 0.738507 0.837095
vt 0.755125 0.837085
vt 0.772042 0.837394
vt 0.789127 0.837825
vt 0.806156 0.838089
vt 0.823406 0.838596
vt 0.840742 0.839099
vt 0.858094 0.839513
vt 0.875171 0.839431
vt 0.892370 0.839514
vt 0.910108 0.839969
vt 0.927869 0.840365
vt 0.945218 0.840564
vt 0.962261 0.840637
vt 0.979186 0.840684
vt 0.996069 0.840733
vt 0.005959 0.861407
vt 0.022531 0.861197
vt 0.039109 0.860988
vt 0.055691 0.860781
vt 0.072291 0.860560
vt 0.088909 0.860312
vt 0.105588 0.859982
vt 0.122493 0.859448
vt 0.139624 0.858712
vt 0.156852 0.857845
vt 0.173951 0.857021
vt 0.191118 0.855983
vt 0.207994 0.855139
vt 0.224721 0.854261
vt 0.241404 0.853008
vt 0.258514 0.850097
vt 0.274983 0.847167
vt 0.290474 0.846459
vt 0.306489 0.849345
vt 0.323005 0.852127
vt 0.340042 0.855049
vt 0.357594 0.858280
vt 0.374864 0.860673
vt 0.391760 0.862329
vt 0.408161 0.862944
vt 0.424489 0.862984
vt 0.440863 0.862810
vt 0.457146 0.862659
vt 0.473447 0.862287
vt 0.490345 0.861239
vt 0.508468 0.859542
vt 0.525188 0.858994
vt 0.541569 0.858795
vt 0.557764 0.858518
vt 0.574068 0.857671
vt 0.590559 0.856331
vt 0.607169 0.854728
vt 0.623599 0.853434
vt 0.639828 0.852701
vt 0.656122 0.851802
vt 0.672500 0.851765
vt 0.689352 0.852999
vt 0.706194 0.854136
vt 0.722797 0.854692
vt 0.739173 0.854254
vt 0.755896 0.854417
vt 0.772953 0.854939
vt 0.790110 0.855497
vt 0.807276 0.855976
vt 0.824468 0.856386
vt 0.841774 0.856847
vt 0.858993 0.857134
vt 0.876019 0.857040
vt 0.893109 0.856927
vt 0.910504 0.857158
vt 0.928075 0.857480
vt 0.945267 0.857577
vt 0.962237 0.857580
vt 0.979158 0.857586
vt 0.996041 0.857596
vt 0.006167 0.877976
vt 0.022738 0.877771
vt 0.039315 0.877567
vt 0.055895 0.877363
vt 0.072482 0.877152
vt 0.089087 0.876918
vt 0.105735 0.876627
vt 0.122540 0.876197
vt 0.139564 0.875583
vt 0.156655 0.874879
vt 0.173712 0.874145
vt 0.190815 0.873259
vt 0.207620 0.872693
vt 0.224304 0.872241
vt 0.240910 0.871761
vt 0.257818 0.870120
vt 0.274482 0.868635
vt 0.290777 0.868972
vt 0.307130 0.869838
vt 0.323906 0.872006
vt 0.341371 0.875208
vt 0.358576 0.877702
vt 0.375163 0.878867
vt 0.391560 0.879476
vt 0.407903 0.879642
vt 0.424318 0.879537
vt 0.440750 0.879357
vt 0.457136 0.879132
vt 0.473573 0.878658
vt 0.490569 0.877682
vt 0.508503 0.876284
vt 0.525345 0.875504
vt 0.541686 0.875212
vt 0.557984 0.874930
vt 0.574346 0.874302
vt 0.590912 0.873119
vt 0.607741 0.871367
vt 0.624172 0.869999
vt 0.640286 0.869545
vt 0.656542 0.869223
vt 0.673087 0.869756
vt 0.689982 0.870923
vt 0.706684 0.871611
vt 0.723228 0.871749
vt 0.739660 0.871173
vt 0.756339 0.871429
vt 0.773651 0.872294
vt 0.790919 0.873037
vt 0.808043 0.873483
vt 0.825200 0.873853
vt 0.842437 0.874223
vt 0.859605 0.874434
vt 0.876663 0.874420
vt 0.893777 0.874385
vt 0.911033 0.874478
vt 0.928281 0.874580
vt 0.945309 0.874556
vt 0.962255 0.874515
vt 0.979169 0.874485
vt 0.996050 0.874460
vt 0.006368 0.894544
vt 0.022939 0.894345
vt 0.039516 0.894146
vt 0.056099 0.893945
vt 0.072687 0.893742
vt 0.089289 0.893525
vt 0.105932 0.893268
vt 0.122691 0.892914
vt 0.139623 0.892411
vt 0.156634 0.891808
vt 0.173600 0.891208
vt 0.190539 0.890605
vt 0.207349 0.890188
vt 0.224052 0.889989
vt 0.240758 0.889719
vt 0.257589 0.889052
vt 0.274318 0.889273
vt 0.291024 0.889965
vt 0.307717 0.890486
vt 0.324664 0.891881
vt 0.341895 0.893984
vt 0.358578 0.895234
vt 0.374958 0.895839
vt 0.391304 0.896122
vt 0.407701 0.896198
vt 0.424169 0.896130
vt 0.440674 0.895953
vt 0.457196 0.895660
vt 0.473894 0.895069
vt 0.491256 0.894048
vt 0.508738 0.892842
vt 0.525408 0.892094
vt 0.541757 0.891950
vt 0.558187 0.891636
vt 0.574676 0.891085
vt 0.591266 0.890120
vt 0.607994 0.888550
vt 0.624657 0.886597
vt 0.640641 0.885783
vt 0.656711 0.886013
vt 0.673618 0.887559
vt 0.690472 0.888745
vt 0.707138 0.889216
vt 0.723707 0.889087
vt 0.740177 0.888266
vt 0.756694 0.888386
vt 0.774140 0.889550
vt 0.791516 0.890443
vt 0.808667 0.890931
vt 0.825804 0.891261
vt 0.842952 0.891506
vt 0.860066 0.891638
vt 0.877151 0.891669
vt 0.894249 0.891657
vt 0.911376 0.891654
vt 0.928419 0.891598
vt 0.945376 0.891509
vt 0.962307 0.891439
vt 0.979212 0.891380
vt 0.996091 0.891326
vt 0.006565 0.911113
vt 0.023136 0.910919
vt 0.039713 0.910725
vt 0.056296 0.910531
vt 0.072888 0.910336
vt 0.089492 0.910137
vt 0.106125 0.909922
vt 0.122828 0.909657
vt 0.139650 0.909293
vt 0.156554 0.908838
vt 0.173461 0.908355
vt 0.190358 0.907855
vt 0.207140 0.907571
vt 0.223861 0.907539
vt 0.240634 0.907329
vt 0.257426 0.907359
vt 0.274259 0.908068
vt 0.291039 0.908650
vt 0.307829 0.909163
vt 0.324755 0.910116
vt 0.341631 0.911204
vt 0.358206 0.911952
vt 0.374630 0.912399
vt 0.391054 0.912640
vt 0.407528 0.912739
vt 0.424043 0.912735
vt 0.440630 0.912585
vt 0.457311 0.912267
vt 0.474258 0.911646
vt 0.491809 0.910552
vt 0.508785 0.909518
vt 0.525283 0.909013
vt 0.541711 0.909199
vt 0.558243 0.908938
vt 0.574812 0.908440
vt 0.591379 0.907907
vt 0.608005 0.906767
vt 0.624798 0.904353
vt 0.640948 0.902374
vt 0.656948 0.903279
vt 0.673935 0.905363
vt 0.690879 0.906715
vt 0.707654 0.907333
vt 0.724286 0.907084
vt 0.740851 0.906278
vt 0.757397 0.905921
vt 0.774517 0.906870
vt 0.791942 0.907833
vt 0.809160 0.908340
vt 0.826288 0.908613
vt 0.843376 0.908750
vt 0.860476 0.908845
vt 0.877538 0.908846
vt 0.894579 0.908788
vt 0.911581 0.908683
vt 0.928532 0.908553
vt 0.945467 0.908444
vt 0.962384 0.908351
vt 0.979280 0.908269
vt 0.996157 0.908192
vt 0.006756 0.927682
vt 0.023326 0.927493
vt 0.039903 0.927305
vt 0.056486 0.927118
vt 0.073078 0.926933
vt 0.089683 0.926749
vt 0.106305 0.926568
vt 0.122961 0.926382
vt 0.139673 0.926170
vt 0.156444 0.925920
vt 0.173248 0.925645
vt 0.190096 0.925306
vt 0.206904 0.925078
vt 0.223668 0.925021
vt 0.240453 0.924957
vt 0.257247 0.925158
vt 0.274064 0.925710
vt 0.290847 0.926200
vt 0.307626 0.926665
vt 0.324434 0.927302
vt 0.341185 0.927988
vt 0.357786 0.928532
vt 0.374302 0.928911
vt 0.390809 0.929177
vt 0.407347 0.929323
vt 0.423922 0.929373
vt 0.440565 0.929296
vt 0.457306 0.929063
vt 0.474282 0.928553
vt 0.491633 0.927520
vt 0.508326 0.927212
vt 0.524953 0.927111
vt 0.541550 0.927133
vt 0.558159 0.926902
vt 0.574754 0.926872
vt 0.591351 0.926751
vt 0.607955 0.926036
vt 0.624693 0.924127
vt 0.641226 0.922194
vt 0.657611 0.922598
vt 0.674395 0.923967
vt 0.691404 0.925335
vt 0.708232 0.925918
vt 0.724925 0.925705
vt 0.741608 0.925047
vt 0.758372 0.924741
vt 0.775329 0.924998
vt 0.792490 0.925505
vt 0.809652 0.925855
vt 0.826749 0.926012
vt 0.843806 0.926053
vt 0.860848 0.926042
vt 0.877840 0.925940
vt 0.894798 0.925789
vt 0.911732 0.925628
vt 0.928660 0.925486
vt 0.945577 0.925362
vt 0.962481 0.925252
vt 0.979369 0.925152
vt 0.996242 0.925058
vt 0.006942 0.944250
vt 0.023512 0.944066
vt 0.040087 0.943884
vt 0.056668 0.943705
vt 0.073256 0.943529
vt 0.089856 0.943359
vt 0.106471 0.943197
vt 0.123106 0.943045
vt 0.139763 0.942911
vt 0.156456 0.942777
vt 0.173188 0.942629
vt 0.189955 0.942465
vt 0.206725 0.942353
vt 0.223494 0.942296
vt 0.240262 0.942339
vt 0.257034 0.942576
vt 0.273810 0.942955
vt 0.290570 0.943341
vt 0.307322 0.943753
vt 0.324067 0.944226
vt 0.340767 0.944709
vt 0.357397 0.945140
vt 0.373985 0.945478
vt 0.390566 0.945748
vt 0.407164 0.945938
vt 0.423794 0.946047
vt 0.440482 0.946055
vt 0.457265 0.945930
vt 0.474205 0.945593
vt 0.491170 0.945122
vt 0.507948 0.945139
vt 0.524656 0.945274
vt 0.541346 0.945392
vt 0.558035 0.945348
vt 0.574711 0.945472
vt 0.591364 0.945520
vt 0.608012 0.945204
vt 0.624739 0.944258
vt 0.641476 0.943415
vt 0.658211 0.943245
vt 0.675021 0.943506
vt 0.691915 0.944053
vt 0.708753 0.944290
vt 0.725541 0.944225
vt 0.742330 0.943873
vt 0.759190 0.943598
vt 0.776141 0.943494
vt 0.793160 0.943498
vt 0.810187 0.943481
vt 0.827186 0.943389
vt 0.844168 0.943262
vt 0.861121 0.943091
vt 0.878050 0.942900
vt 0.894970 0.942717
vt 0.911887 0.942551
vt 0.928798 0.942401
vt 0.945700 0.942266
vt 0.962593 0.942144
vt 0.979474 0.942030
vt 0.996343 0.941922
vt 0.007124 0.960817
vt 0.023692 0.960637
vt 0.040264 0.960460
vt 0.056841 0.960287
vt 0.073424 0.960120
vt 0.090016 0.959961
vt 0.106619 0.959813
vt 0.123235 0.959682
vt 0.139870 0.959569
vt 0.156521 0.959481
vt 0.173190 0.959424
vt 0.189887 0.959385
vt 0.206605 0.959372
vt 0.223335 0.959400
vt 0.240067 0.959514
vt 0.256803 0.959698
vt 0.273539 0.959961
vt 0.290266 0.960277
vt 0.306985 0.960624
vt 0.323695 0.961008
vt 0.340382 0.961405
vt 0.357039 0.961780
vt 0.373676 0.962107
vt 0.390310 0.962386
vt 0.406960 0.962608
vt 0.423636 0.962771
vt 0.440355 0.962867
vt 0.457139 0.962876
vt 0.473977 0.962831
vt 0.490813 0.962883
vt 0.507627 0.962994
vt 0.524408 0.963099
vt 0.541172 0.963229
vt 0.557931 0.963335
vt 0.574681 0.963452
vt 0.591419 0.963479
vt 0.608158 0.963353
vt 0.624939 0.963061
vt 0.641758 0.962783
vt 0.658599 0.962562
vt 0.675464 0.962422
vt 0.692337 0.962371
vt 0.709187 0.962250
vt 0.726026 0.962053
vt 0.742875 0.961773
vt 0.759761 0.961500
vt 0.776677 0.961222
vt 0.793615 0.960956
vt 0.810561 0.960716
vt 0.827495 0.960473
vt 0.844416 0.960237
vt 0.861332 0.960017
vt 0.878242 0.959815
vt 0.895147 0.959629
vt 0.912048 0.959458
vt 0.928944 0.959302
vt 0.945834 0.959158
vt 0.962717 0.959026
vt 0.979591 0.958902
vt 0.996456 0.958783
vt 0.007302 0.977382
vt 0.023868 0.977206
vt 0.040437 0.977032
vt 0.057008 0.976864
vt 0.073583 0.976702
vt 0.090164 0.976552
vt 0.106752 0.976415
vt 0.123350 0.976295
vt 0.139960 0.976198
vt 0.156581 0.976129
vt 0.173218 0.976089
vt 0.189869 0.976086
vt 0.206534 0.976128
vt 0.223208 0.976219
vt 0.239890 0.976357
vt 0.256576 0.976543
vt 0.273267 0.976786
vt 0.289959 0.977073
vt 0.306649 0.977395
vt 0.323339 0.977742
vt 0.340023 0.978102
vt 0.356698 0.978452
vt 0.373368 0.978777
vt 0.390044 0.979069
vt 0.406735 0.979319
vt 0.423448 0.979528
vt 0.440189 0.979698
vt 0.456966 0.979837
vt 0.473772 0.979978
vt 0.490586 0.980161
vt 0.507394 0.980350
vt 0.524203 0.980521
vt 0.541017 0.980667
vt 0.557836 0.980793
vt 0.574653 0.980869
vt 0.591467 0.980864
vt 0.608291 0.980798
vt 0.625138 0.980671
vt 0.642002 0.980504
vt 0.658878 0.980303
vt 0.675763 0.980082
vt 0.692648 0.979842
vt 0.709526 0.979573
vt 0.726397 0.979271
vt 0.743268 0.978943
vt 0.760147 0.978603
vt 0.777036 0.978265
vt 0.793936 0.977945
vt 0.810842 0.977653
vt 0.827747 0.977388
vt 0.844648 0.977145
vt 0.861545 0.976921
vt 0.878438 0.976715
vt 0.895328 0.976525
vt 0.912214 0.976350
vt 0.929097 0.976189
vt 0.945975 0.976040
vt 0.962849 0.975901
vt 0.979716 0.975769
vt 0.996577 0.975642
vt 0.007477 0.993947
vt 0.024042 0.993772
vt 0.040607 0.993600
vt 0.057171 0.993433
vt 0.073737 0.993275
vt 0.090304 0.993129
vt 0.106876 0.992999
vt 0.123453 0.992888
vt 0.140038 0.992800
vt 0.156630 0.992741
vt 0.173231 0.992713
vt 0.189841 0.992724
vt 0.206461 0.992780
vt 0.223091 0.992875
vt 0.239723 0.993018
vt 0.256359 0.993213
vt 0.273002 0.993460
vt 0.289654 0.993752
vt 0.306314 0.994077
vt 0.322987 0.994430
vt 0.339671 0.994788
vt 0.356360 0.995136
vt 0.373055 0.995469
vt 0.389764 0.995774
vt 0.406491 0.996046
vt 0.423239 0.996280
vt 0.440007 0.996482
vt 0.456793 0.996662
vt 0.473588 0.996841
vt 0.490387 0.997037
vt 0.507195 0.997244
vt 0.524022 0.997446
vt 0.540871 0.997624
vt 0.557741 0.997752
vt 0.574620 0.997820
vt 0.591501 0.997821
vt 0.608389 0.997759
vt 0.625287 0.997638
vt 0.642193 0.997469
vt 0.659100 0.997262
vt 0.676009 0.997028
vt 0.692919 0.996770
vt 0.709825 0.996483
vt 0.726721 0.996165
vt 0.743607 0.995828
vt 0.760486 0.995485
vt 0.777362 0.995152
vt 0.794240 0.994836
vt 0.811120 0.994546
vt 0.828002 0.994280
vt 0.844883 0.994034
vt 0.861761 0.993808
vt 0.878637 0.993599
vt 0.895512 0.993406
vt 0.912384 0.993228
vt 0.929254 0.993064
vt 0.946122 0.992911
vt 0.962987 0.992767
vt 0.979849 0.992630
vt 0.996705 0.992498
vn -0.0507 0.9987 -0.0111
vn -0.1261 0.9919 -0.0131
vn -0.1117 0.9935 -0.0216
vn -0.0376 0.9992 -0.0108
vn -0.0815 0.9965 -0.0183
vn -0.0174 0.9998 -0.0057
vn -0.0554 0.9984 -0.0094
vn -0.0081 1.0000 -0.0016
vn -0.0323 0.9994 -0.0119
vn -0.0037 1.0000 -0.0018
vn -0.0110 0.9999 -0.0069
vn -0.0007 1.0000 -0.0005
vn -0.0014 1.0000 -0.0011
vn 0.0000 1.0000 -0.0000
vn -0.0001 1.0000 0.0001
vn -0.0024 1.0000 0.0017
vn -0.0102 0.9999 0.0043
vn -0.0223 0.9997 0.0051
vn -0.0343 0.9994 0.0050
vn -0.0011 1.0000 0.0008
vn -0.0425 0.9991 0.0040
vn -0.0044 1.0000 0.0018
vn -0.0454 0.9990 0.0019
vn -0.0092 1.0000 0.0019
vn -0.0447 0.9990 0.0011
vn -0.0139 0.9999 0.0017
vn -0.0447 0.9990 0.0022
vn -0.0183 0.9998 0.0017
vn -0.0488 0.9988 0.0048
vn -0.0233 0.9997 0.0021
vn -0.0592 0.9982 0.0082
vn -0.0298 0.9996 0.0029
vn -0.0748 0.9971 0.0107
vn -0.0385 0.9993 0.0038
vn -0.0905 0.9959 0.0089
vn -0.0481 0.9988 0.0036
vn -0.1010 0.9949 0.0055
vn -0.0563 0.9984 0.0027
vn -0.1092 0.9940 0.0067
vn -0.0638 0.9980 0.0032
vn -0.1220 0.9925 0.0112
vn -0.0740 0.9972 0.0047
vn -0.1401 0.9901 0.0118
vn -0.0854 0.9963 0.0041
vn -0.1562 0.9877 0.0065
vn -0.0926 0.9957 0.0015
vn -0.1667 0.9860 0.0043
vn -0.0957 0.9954 0.0009
vn -0.1761 0.9844 0.0058
vn -0.0990 0.9951 0.0017
vn -0.1815 0.9834 -0.0002
vn -0.1006 0.9949 -0.0004
vn -0.1767 0.9842 -0.0071
vn -0.0960 0.9954 -0.0032
vn -0.1698 0.9855 -0.0035
vn -0.0892 0.9960 -0.0021
vn -0.1720 0.9851 0.0035
vn -0.0868 0.9962 0.0002
vn -0.1843 0.9828 0.0091
vn -0.0903 0.9959 0.0025
vn -0.1979 0.9802 0.0071
vn -0.0973 0.9953 0.0029
vn -0.2041 0.9789 0.0016
vn -0.1020 0.9948 0.0008
vn -0.2107 0.9775 0.0057
vn -0.1043 0.9945 0.0010
vn -0.2257 0.9741 0.0113
vn -0.1103 0.9939 0.0036
vn -0.2398 0.9708 0.0064
vn -0.1185 0.9930 0.0028
vn -0.2437 0.9699 -0.0011
vn -0.1212 0.9926 -0.0006
vn -0.2438 0.9698 -0.0002
vn -0.1191 0.9929 -0.0011
vn -0.2484 0.9687 0.0029
vn -0.1173 0.9931 -0.0003
vn -0.2522 0.9677 -0.0027
vn -0.1131 0.9936 -0.0030
vn -0.2425 0.9700 -0.0155
vn -0.0992 0.9950 -0.0079
vn -0.2162 0.9761 -0.0233
vn -0.0760 0.9971 -0.0101
vn -0.1815 0.9831 -0.0243
vn -0.0505 0.9987 -0.0097
vn -0.1452 0.9891 -0.0221
vn -0.0277 0.9996 -0.0079
vn -0.1112 0.9936 -0.0177
vn -0.0111 0.9999 -0.0050
vn -0.0795 0.9967 -0.0139
vn -0.0024 1.0000 -0.0017
vn -0.0484 0.9988 -0.0121
vn -0.0001 1.0000 -0.0000
vn -0.0210 0.9997 -0.0091
vn -0.0048 1.0000 -0.0034
vn -0.0002 1.0000 -0.0002
vn -0.1988 0.9800 0.0104
vn -0.2085 0.9777 -0.0241
vn -0.2001 0.9788 -0.0440
vn -0.1669 0.9855 -0.0299
vn -0.1222 0.9915 -0.0439
vn -0.0596 0.9974 -0.0398
vn -0.0133 0.9998 -0.0114
vn -0.0039 1.0000 0.0020
vn -0.0165 0.9998 0.0078
vn -0.0414 0.9990 0.0151
vn -0.0712 0.9973 0.0199
vn -0.0974 0.9951 0.0190
vn -0.1145 0.9933 0.0134
vn -0.1176 0.9930 0.0042
vn -0.1098 0.9939 -0.0023
vn -0.0984 0.9951 -0.0040
vn -0.0895 0.9960 0.0005
vn -0.0912 0.9958 0.0111
vn -0.1084 0.9938 0.0231
vn -0.1339 0.9906 0.0277
vn -0.1540 0.9879 0.0196
vn -0.1656 0.9861 0.0120
vn -0.1764 0.9842 0.0151
vn -0.1922 0.9810 0.0251
vn -0.2178 0.9755 0.0322
vn -0.2515 0.9675 0.0260
vn -0.2848 0.9584 0.0207
vn -0.3129 0.9496 0.0203
vn -0.3324 0.9431 0.0060
vn -0.3395 0.9406 -0.0099
vn -0.3421 0.9397 -0.0026
vn -0.3519 0.9359 0.0131
vn -0.3686 0.9293 0.0229
vn -0.3833 0.9235 0.0152
vn -0.3902 0.9207 0.0043
vn -0.4024 0.9153 0.0191
vn -0.4279 0.9033 0.0318
vn -0.4517 0.8920 0.0178
vn -0.4623 0.8867 0.0012
vn -0.4703 0.8825 0.0064
vn -0.4852 0.8743 0.0146
vn -0.4986 0.8669 0.0016
vn -0.4955 0.8682 -0.0278
vn -0.4687 0.8818 -0.0523
vn -0.4229 0.9041 -0.0608
vn -0.3721 0.9265 -0.0559
vn -0.3253 0.9444 -0.0479
vn -0.2773 0.9597 -0.0464
vn -0.2192 0.9744 -0.0495
vn -0.1516 0.9874 -0.0460
vn -0.0850 0.9959 -0.0313
vn -0.0336 0.9993 -0.0158
vn -0.0069 1.0000 -0.0051
vn -0.0001 1.0000 -0.0001
vn -0.1142 0.9912 0.0675
vn -0.1495 0.9887 0.0137
vn -0.1940 0.9797 -0.0513
vn -0.2000 0.9788 -0.0452
vn -0.1855 0.9799 -0.0741
vn -0.1256 0.9867 -0.1028
vn -0.0473 0.9979 -0.0447
vn -0.0283 0.9995 0.0137
vn -0.0680 0.9970 0.0364
vn -0.1219 0.9914 0.0474
vn -0.1643 0.9855 0.0432
vn -0.1840 0.9824 0.0309
vn -0.1841 0.9828 0.0143
vn -0.1694 0.9855 -0.0062
vn -0.1494 0.9887 -0.0138
vn -0.1349 0.9908 -0.0128
vn -0.1287 0.9917 -0.0025
vn -0.1349 0.9907 0.0203
vn -0.1592 0.9862 0.0462
vn -0.1947 0.9795 0.0520
vn -0.2194 0.9752 0.0301
vn -0.2265 0.9739 0.0159
vn -0.2307 0.9728 0.0227
vn -0.2445 0.9688 0.0408
vn -0.2777 0.9585 0.0637
vn -0.3322 0.9409 0.0664
vn -0.3929 0.9177 0.0596
vn -0.4469 0.8930 0.0527
vn -0.4889 0.8718 0.0293
vn -0.5196 0.8544 0.0058
vn -0.5457 0.8378 0.0165
vn -0.5713 0.8202 0.0296
vn -0.5844 0.8109 0.0306
vn -0.5857 0.8105 0.0113
vn -0.5716 0.8205 -0.0057
vn -0.5652 0.8245 0.0285
vn -0.5797 0.8130 0.0547
vn -0.6030 0.7969 0.0365
vn -0.6197 0.7847 0.0116
vn -0.6334 0.7735 0.0211
vn -0.6545 0.7551 0.0385
vn -0.6758 0.7370 0.0159
vn -0.6757 0.7361 -0.0401
vn -0.6471 0.7572 -0.0885
vn -0.5989 0.7935 -0.1081
vn -0.5467 0.8315 -0.0984
vn -0.5021 0.8609 -0.0821
vn -0.4641 0.8821 -0.0809
vn -0.4183 0.9033 -0.0956
vn -0.3482 0.9312 -0.1074
vn -0.2526 0.9627 -0.0971
vn -0.1506 0.9861 -0.0697
vn -0.0668 0.9971 -0.0371
vn -0.0179 0.9998 -0.0112
vn -0.0018 1.0000 -0.0014
vn 0.0567 0.9913 0.1187
vn 0.0044 0.9965 0.0831
vn -0.1108 0.9938 0.0058
vn -0.1019 0.9892 -0.1050
vn 0.0423 0.9875 -0.1521
vn 0.1171 0.9837 -0.1364
vn 0.1097 0.9922 -0.0589
vn 0.0470 0.9967 0.0669
vn -0.0679 0.9920 0.1064
vn -0.1637 0.9820 0.0940
vn -0.2100 0.9755 0.0656
vn -0.2209 0.9748 0.0319
vn -0.2117 0.9773 0.0053
vn -0.1980 0.9800 -0.0200
vn -0.1886 0.9818 -0.0230
vn -0.1884 0.9820 -0.0148
vn -0.1965 0.9805 0.0013
vn -0.2113 0.9769 0.0330
vn -0.2329 0.9700 0.0691
vn -0.2638 0.9612 0.0804
vn -0.2921 0.9554 0.0427
vn -0.2969 0.9548 0.0121
vn -0.2945 0.9553 0.0272
vn -0.3181 0.9457 0.0666
vn -0.3757 0.9199 0.1129
vn -0.4526 0.8828 0.1258
vn -0.5239 0.8443 0.1128
vn -0.5828 0.8065 0.1000
vn -0.6374 0.7667 0.0771
vn -0.6864 0.7255 0.0500
vn -0.7257 0.6855 0.0586
vn -0.7571 0.6513 0.0505
vn -0.7660 0.6422 0.0295
vn -0.7631 0.6462 -0.0095
vn -0.7332 0.6785 -0.0450
vn -0.7045 0.7096 0.0113
vn -0.6991 0.7119 0.0666
vn -0.7164 0.6951 0.0609
vn -0.7340 0.6786 0.0268
vn -0.7392 0.6729 0.0270
vn -0.7425 0.6676 0.0554
vn -0.7461 0.6654 0.0235
vn -0.7379 0.6725 -0.0577
vn -0.7212 0.6826 -0.1179
vn -0.6926 0.7051 -0.1523
vn -0.6475 0.7469 -0.1515
vn -0.5941 0.7940 -0.1287
vn -0.5485 0.8284 -0.1139
vn -0.5098 0.8497 -0.1343
vn -0.4549 0.8741 -0.1704
vn -0.3751 0.9103 -0.1750
vn -0.2778 0.9490 -0.1491
vn -0.1713 0.9795 -0.1057
vn -0.0772 0.9956 -0.0531
vn -0.0209 0.9997 -0.0153
vn -0.0023 1.0000 -0.0018
vn 0.1841 0.9698 0.1598
vn 0.1382 0.9776 0.1588
vn -0.0077 0.9908 0.1351
vn -0.0830 0.9832 -0.1624
vn 0.0274 0.9590 -0.2822
vn 0.1093 0.9853 -0.1314
vn 0.1207 0.9915 -0.0496
vn 0.1246 0.9866 0.1054
vn 0.0775 0.9800 0.1832
vn -0.0448 0.9810 0.1887
vn -0.1896 0.9738 0.1255
vn -0.2560 0.9661 0.0330
vn -0.2553 0.9669 -0.0041
vn -0.2488 0.9682 -0.0264
vn -0.2538 0.9671 -0.0192
vn -0.2747 0.9615 -0.0008
vn -0.2986 0.9543 0.0142
vn -0.3142 0.9483 0.0443
vn -0.3287 0.9406 0.0852
vn -0.3477 0.9322 0.1010
vn -0.3655 0.9292 0.0544
vn -0.3673 0.9301 0.0042
vn -0.3666 0.9298 0.0318
vn -0.4071 0.9059 0.1167
vn -0.4935 0.8490 0.1887
vn -0.5844 0.7883 0.1927
vn -0.6469 0.7462 0.1572
vn -0.6896 0.7090 0.1473
vn -0.7383 0.6598 0.1400
vn -0.7809 0.6168 0.0991
vn -0.7997 0.5929 0.0947
vn -0.8117 0.5792 0.0752
vn -0.8218 0.5689 0.0330
vn -0.8198 0.5718 -0.0307
vn -0.8044 0.5869 -0.0920
vn -0.7873 0.6161 -0.0222
vn -0.7792 0.6230 0.0685
vn -0.7900 0.6068 0.0875
vn -0.8039 0.5936 0.0369
vn -0.7967 0.6044 0.0045
vn -0.7734 0.6332 0.0299
vn -0.7459 0.6660 -0.0027
vn -0.7334 0.6768 -0.0640
vn -0.7372 0.6654 -0.1171
vn -0.7253 0.6630 -0.1852
vn -0.6872 0.6941 -0.2145
vn -0.6330 0.7489 -0.1961
vn -0.5760 0.8012 -0.1623
vn -0.5273 0.8320 -0.1724
vn -0.4765 0.8501 -0.2242
vn -0.4092 0.8787 -0.2460
vn -0.3247 0.9178 -0.2283
vn -0.2325 0.9549 -0.1844
vn -0.1416 0.9828 -0.1184
vn -0.0634 0.9965 -0.0538
vn -0.0163 0.9998 -0.0140
vn -0.0014 1.0000 -0.0010
vn 0.2604 0.9558 0.1369
vn 0.3267 0.9362 0.1296
vn 0.3899 0.9010 0.1902
vn 0.2102 0.9775 -0.0159
vn -0.1572 0.9614 -0.2257
vn -0.3138 0.9407 -0.1291
vn -0.2505 0.9644 -0.0846
vn -0.1289 0.9907 0.0430
vn -0.0188 0.9814 0.1911
vn 0.0048 0.9638 0.2667
vn -0.0997 0.9649 0.2431
vn -0.2664 0.9585 0.1019
vn -0.3467 0.9380 -0.0042
vn -0.3492 0.9367 -0.0275
vn -0.3616 0.9323 -0.0012
vn -0.3988 0.9165 0.0319
vn -0.4369 0.8988 0.0351
vn -0.4541 0.8895 0.0504
vn -0.4721 0.8756 0.1023
vn -0.4978 0.8602 0.1106
vn -0.5053 0.8615 0.0502
vn -0.4849 0.8744 -0.0175
vn -0.4545 0.8905 0.0224
vn -0.4703 0.8643 0.1781
vn -0.5464 0.7864 0.2881
vn -0.6340 0.7267 0.2646
vn -0.6846 0.7038 0.1899
vn -0.7101 0.6749 0.2009
vn -0.7432 0.6326 0.2180
vn -0.7782 0.6137 0.1333
vn -0.7831 0.6135 0.1017
vn -0.7768 0.6232 0.0911
vn -0.7653 0.6434 0.0215
vn -0.7503 0.6596 -0.0444
vn -0.7718 0.6295 -0.0895
vn -0.8067 0.5908 -0.0133
vn -0.8240 0.5599 0.0862
vn -0.8375 0.5356 0.1085
vn -0.8504 0.5247 0.0378
vn -0.8387 0.5430 -0.0416
vn -0.8066 0.5896 -0.0436
vn -0.7632 0.6431 -0.0625
vn -0.7323 0.6769 -0.0743
vn -0.7170 0.6875 -0.1155
vn -0.6923 0.6864 -0.2227
vn -0.6615 0.6971 -0.2765
vn -0.6260 0.7329 -0.2662
vn -0.5742 0.7851 -0.2323
vn -0.5139 0.8287 -0.2217
vn -0.4604 0.8458 -0.2694
vn -0.4027 0.8618 -0.3083
vn -0.3286 0.8957 -0.2996
vn -0.2481 0.9352 -0.2528
vn -0.1735 0.9682 -0.1804
vn -0.1036 0.9889 -0.1066
vn -0.0427 0.9981 -0.0445
vn -0.0084 0.9999 -0.0085
vn 0.2729 0.9603 -0.0576
vn 0.4018 0.9141 -0.0549
vn 0.5665 0.8191 0.0904
vn 0.5654 0.7927 0.2281
vn 0.3202 0.9459 0.0520
vn 0.0810 0.9913 -0.1041
vn -0.0357 0.9969 -0.0701
vn -0.2440 0.9639 0.1067
vn -0.4000 0.8995 0.1760
vn -0.3141 0.9332 0.1745
vn -0.1648 0.9451 0.2821
vn -0.1936 0.9567 0.2171
vn -0.3423 0.9363 0.0779
vn -0.4621 0.8867 0.0116
vn -0.5157 0.8563 0.0279
vn -0.5577 0.8265 0.0766
vn -0.5997 0.7980 0.0605
vn -0.6179 0.7843 0.0558
vn -0.6344 0.7634 0.1215
vn -0.6573 0.7459 0.1075
vn -0.6458 0.7633 0.0153
vn -0.5956 0.8000 -0.0719
vn -0.5324 0.8463 -0.0195
vn -0.4886 0.8476 0.2069
vn -0.4772 0.7948 0.3751
vn -0.5153 0.7824 0.3499
vn -0.5682 0.7876 0.2386
vn -0.5731 0.7758 0.2639
vn -0.5600 0.7652 0.3175
vn -0.5940 0.7802 0.1960
vn -0.6462 0.7529 0.1249
vn -0.6479 0.7554 0.0978
vn -0.6531 0.7573 -0.0048
vn -0.6780 0.7349 -0.0147
vn -0.7472 0.6646 0.0011
vn -0.8131 0.5770 0.0766
vn -0.8472 0.5142 0.1338
vn -0.8623 0.4903 0.1264
vn -0.8719 0.4886 0.0326
vn -0.8476 0.5159 -0.1240
vn -0.7949 0.5842 -0.1640
vn -0.7344 0.6587 -0.1638
vn -0.6766 0.7236 -0.1366
vn -0.6282 0.7628 -0.1535
vn -0.6014 0.7566 -0.2565
vn -0.5841 0.7427 -0.3275
vn -0.5521 0.7626 -0.3370
vn -0.4990 0.8056 -0.3194
vn -0.4372 0.8518 -0.2887
vn -0.3800 0.8692 -0.3164
vn -0.3348 0.8709 -0.3597
vn -0.2922 0.8878 -0.3556
vn -0.2400 0.9201 -0.3094
vn -0.1818 0.9558 -0.2310
vn -0.1239 0.9800 -0.1559
vn -0.0665 0.9940 -0.0864
vn -0.0218 0.9994 -0.0273
vn -0.0028 1.0000 -0.0023
vn 0.0638 0.9523 -0.2984
vn 0.1147 0.9677 -0.2246
vn 0.1657 0.9855 0.0365
vn 0.2782 0.9322 0.2314
vn 0.4406 0.8893 0.1222
vn 0.4277 0.9036 0.0250
vn 0.1775 0.9723 0.1519
vn -0.1520 0.9216 0.3571
vn -0.3808 0.8838 0.2719
vn -0.5164 0.8505 0.1001
vn -0.4557 0.8774 0.1502
vn -0.3084 0.9283 0.2079
vn -0.3014 0.9311 0.2054
vn -0.4597 0.8719 0.1686
vn -0.6288 0.7674 0.1257
vn -0.7096 0.6945 0.1184
vn -0.7432 0.6643 0.0792
vn -0.7511 0.6578 0.0552
vn -0.7524 0.6460 0.1289
vn -0.7612 0.6428 0.0860
vn -0.7338 0.6775 -0.0501
vn -0.6678 0.7291 -0.1499
vn -0.5955 0.7986 -0.0872
vn -0.5125 0.8419 0.1688
vn -0.4123 0.8256 0.3852
vn -0.3883 0.8309 0.3986
vn -0.4188 0.8661 0.2727
vn -0.4012 0.8727 0.2784
vn -0.3527 0.8639 0.3595
vn -0.3719 0.8949 0.2467
vn -0.3964 0.9033 0.1640
vn -0.4288 0.8925 0.1399
vn -0.5528 0.8311 0.0606
vn -0.6696 0.7377 0.0865
vn -0.7420 0.6583 0.1272
vn -0.7788 0.5954 0.1977
vn -0.7939 0.5767 0.1929
vn -0.7883 0.5996 0.1379
vn -0.7203 0.6936 -0.0059
vn -0.6723 0.6860 -0.2782
vn -0.6193 0.7104 -0.3344
vn -0.5520 0.7791 -0.2973
vn -0.5118 0.8288 -0.2261
vn -0.4961 0.8473 -0.1899
vn -0.4999 0.8243 -0.2658
vn -0.4841 0.7936 -0.3685
vn -0.4381 0.7998 -0.4104
vn -0.3800 0.8349 -0.3981
vn -0.3155 0.8769 -0.3627
vn -0.2540 0.8960 -0.3643
vn -0.2330 0.8937 -0.3834
vn -0.2411 0.8945 -0.3766
vn -0.2340 0.9096 -0.3433
vn -0.1999 0.9413 -0.2720
vn -0.1482 0.9685 -0.2000
vn -0.0908 0.9873 -0.1306
vn -0.0394 0.9976 -0.0570
vn -0.0086 0.9999 -0.0109
vn -0.1552 0.9372 -0.3124
vn -0.2089 0.9509 -0.2285
vn -0.2469 0.9690 0.0093
vn -0.1615 0.9839 0.0768
vn 0.0102 0.9999 0.0066
vn 0.1046 0.9887 0.1073
vn 0.0754 0.9335 0.3505
vn 0.0132 0.8652 0.5013
vn -0.2120 0.8851 0.4144
vn -0.3820 0.8996 0.2116
vn -0.4873 0.8693 0.0822
vn -0.4915 0.8639 0.1100
vn -0.3972 0.8942 0.2064
vn -0.3881 0.8544 0.3456
vn -0.5624 0.7326 0.3834
vn -0.7674 0.5909 0.2490
vn -0.8455 0.5279 0.0806
vn -0.8442 0.5346 0.0405
vn -0.8338 0.5414 0.1081
vn -0.8374 0.5428 0.0638
vn -0.8174 0.5643 -0.1158
vn -0.7518 0.6193 -0.2265
vn -0.6857 0.7099 -0.1606
vn -0.6080 0.7903 0.0752
vn -0.4943 0.8083 0.3199
vn -0.4324 0.8150 0.3856
vn -0.4502 0.8498 0.2743
vn -0.4507 0.8565 0.2516
vn -0.3995 0.8599 0.3179
vn -0.3294 0.9193 0.2152
vn -0.2359 0.9622 0.1360
vn -0.1728 0.9684 0.1800
vn -0.2412 0.9422 0.2327
vn -0.3818 0.8847 0.2674
vn -0.4826 0.8349 0.2648
vn -0.5094 0.7935 0.3329
vn -0.4952 0.8273 0.2651
vn -0.4880 0.8670 0.1005
vn -0.3903 0.9159 -0.0940
vn -0.3299 0.8701 -0.3662
vn -0.3324 0.8243 -0.4583
vn -0.3372 0.8658 -0.3697
vn -0.3886 0.8913 -0.2337
vn -0.4655 0.8705 -0.1600
vn -0.4949 0.8312 -0.2534
vn -0.4452 0.7979 -0.4064
vn -0.3566 0.8012 -0.4806
vn -0.2838 0.8419 -0.4589
vn -0.2352 0.8790 -0.4146
vn -0.2214 0.8979 -0.3804
vn -0.2539 0.8975 -0.3605
vn -0.2941 0.8861 -0.3583
vn -0.3008 0.8862 -0.3523
vn -0.2675 0.9127 -0.3088
vn -0.2048 0.9468 -0.2482
vn -0.1342 0.9746 -0.1794
vn -0.0676 0.9928 -0.0986
vn -0.0198 0.9994 -0.0297
vn -0.0019 1.0000 -0.0016
vn -0.2988 0.9425 -0.1498
vn -0.3629 0.9213 -0.1401
vn -0.3896 0.9207 -0.0238
vn -0.3663 0.9303 0.0188
vn -0.3762 0.9255 -0.0431
vn -0.2332 0.9722 0.0214
vn 0.1278 0.9507 0.2825
vn 0.2727 0.8062 0.5251
vn 0.1867 0.8357 0.5164
vn 0.1513 0.9175 0.3677
vn -0.2140 0.9462 0.2428
vn -0.4479 0.8732 0.1923
vn -0.5514 0.8230 0.1364
vn -0.4112 0.8338 0.3684
vn -0.3059 0.7438 0.5943
vn -0.4808 0.6561 0.5817
vn -0.7982 0.5485 0.2490
vn -0.8814 0.4712 0.0329
vn -0.8738 0.4819 0.0651
vn -0.8636 0.5022 0.0439
vn -0.8426 0.5130 -0.1640
vn -0.7893 0.5339 -0.3034
vn -0.7493 0.6182 -0.2374
vn -0.6946 0.7186 -0.0343
vn -0.5927 0.7694 0.2381
vn -0.5291 0.7733 0.3494
vn -0.5395 0.8027 0.2540
vn -0.5138 0.8304 0.2154
vn -0.4039 0.8895 0.2136
vn -0.2231 0.9707 0.0890
vn -0.0097 0.9998 0.0172
vn 0.2044 0.9732 0.1049
vn 0.3113 0.9066 0.2851
vn 0.2523 0.8970 0.3630
vn 0.1617 0.9193 0.3588
vn 0.1244 0.9083 0.3994
vn 0.0823 0.9417 0.3262
vn -0.0074 0.9951 0.0987
vn -0.0934 0.9864 -0.1354
vn -0.1493 0.9214 -0.3589
vn -0.2308 0.8652 -0.4452
vn -0.3564 0.8778 -0.3201
vn -0.4838 0.8634 -0.1432
vn -0.5724 0.8152 -0.0886
vn -0.5742 0.7807 -0.2466
vn -0.4940 0.7500 -0.4398
vn -0.4049 0.7510 -0.5216
vn -0.3535 0.8032 -0.4795
vn -0.3543 0.8432 -0.4043
vn -0.4010 0.8533 -0.3332
vn -0.4475 0.8410 -0.3041
vn -0.4519 0.8280 -0.3318
vn -0.4148 0.8345 -0.3627
vn -0.3518 0.8668 -0.3535
vn -0.2745 0.9123 -0.3039
vn -0.1926 0.9521 -0.2375
vn -0.1082 0.9819 -0.1557
vn -0.0392 0.9973 -0.0621
vn -0.0065 0.9999 -0.0080
vn -0.4749 0.8785 0.0519
vn -0.5299 0.8473 -0.0354
vn -0.5272 0.8466 -0.0737
vn -0.4859 0.8740 0.0117
vn -0.3905 0.9175 -0.0754
vn -0.1821 0.9591 -0.2166
vn 0.1889 0.9781 0.0877
vn 0.4500 0.7801 0.4346
vn 0.5589 0.6661 0.4939
vn 0.4131 0.7949 0.4445
vn 0.2248 0.8594 0.4593
vn -0.0976 0.9160 0.3890
vn -0.3641 0.8953 0.2568
vn -0.4683 0.8508 0.2384
vn -0.0474 0.8196 0.5710
vn 0.1434 0.6392 0.7555
vn -0.2562 0.7531 0.6060
vn -0.6494 0.7134 0.2635
vn -0.7993 0.5996 0.0412
vn -0.7990 0.6009 0.0212
vn -0.7973 0.5827 -0.1575
vn -0.7645 0.5216 -0.3788
vn -0.7562 0.5810 -0.3012
vn -0.7474 0.6568 -0.0998
vn -0.6999 0.6925 0.1750
vn -0.6551 0.7011 0.2818
vn -0.6037 0.7796 0.1665
vn -0.4700 0.8737 0.1252
vn -0.2946 0.9531 0.0694
vn -0.0975 0.9917 -0.0844
vn 0.1206 0.9828 -0.1402
vn 0.3043 0.9517 -0.0395
vn 0.4410 0.8743 0.2025
vn 0.5083 0.7896 0.3438
vn 0.5051 0.7843 0.3601
vn 0.4596 0.8013 0.3830
vn 0.4281 0.8395 0.3347
vn 0.3840 0.9099 0.1567
vn 0.2626 0.9633 -0.0560
vn 0.0711 0.9647 -0.2536
vn -0.2324 0.9245 -0.3021
vn -0.5005 0.8512 -0.1577
vn -0.6331 0.7732 -0.0378
vn -0.6358 0.7660 -0.0952
vn -0.5538 0.7801 -0.2911
vn -0.4900 0.7370 -0.4655
vn -0.4818 0.7086 -0.5156
vn -0.5213 0.7288 -0.4440
vn -0.5720 0.7488 -0.3347
vn -0.6153 0.7467 -0.2527
vn -0.6324 0.7328 -0.2510
vn -0.5893 0.7344 -0.3367
vn -0.4971 0.7655 -0.4085
vn -0.3969 0.8187 -0.4150
vn -0.3170 0.8775 -0.3600
vn -0.2424 0.9228 -0.2996
vn -0.1517 0.9622 -0.2263
vn -0.0641 0.9917 -0.1110
vn -0.0132 0.9996 -0.0231
vn -0.3943 0.8951 0.2084
vn -0.4304 0.9006 0.0601
vn -0.4790 0.8683 -0.1287
vn -0.4309 0.9015 -0.0403
vn -0.2465 0.9463 -0.2091
vn -0.0340 0.9376 -0.3461
vn 0.0263 0.9995 0.0148
vn 0.1003 0.9195 0.3802
vn 0.2677 0.8191 0.5074
vn 0.4244 0.7592 0.4935
vn 0.4545 0.7417 0.4932
vn 0.3912 0.7849 0.4805
vn 0.0249 0.9462 0.3225
vn -0.1268 0.9666 0.2226
vn 0.0526 0.9190 0.3907
vn 0.4848 0.6199 0.6170
vn 0.5397 0.4833 0.6893
vn 0.0547 0.8131 0.5796
vn -0.2953 0.9416 0.1622
vn -0.4280 0.9038 -0.0066
vn -0.4460 0.8893 -0.1015
vn -0.6304 0.6763 -0.3809
vn -0.7434 0.5811 -0.3313
vn -0.7733 0.6238 -0.1140
vn -0.7331 0.6703 0.1150
vn -0.6338 0.7490 0.1933
vn -0.5561 0.8305 0.0304
vn -0.3833 0.9221 -0.0537
vn -0.1408 0.9860 -0.0889
vn -0.0113 0.9814 -0.1915
vn 0.0108 0.9769 -0.2136
vn 0.0466 0.9925 -0.1127
vn 0.1519 0.9791 0.1351
vn 0.2832 0.9043 0.3194
vn 0.3785 0.8447 0.3785
vn 0.4258 0.8114 0.4005
vn 0.4804 0.8223 0.3051
vn 0.5390 0.8281 0.1542
vn 0.5056 0.8596 0.0741
vn 0.2651 0.9642 -0.0019
vn -0.1539 0.9881 -0.0032
vn -0.4652 0.8831 0.0612
vn -0.5264 0.8502 -0.0093
vn -0.4005 0.8825 -0.2465
vn -0.2515 0.8801 -0.4028
vn -0.2485 0.8455 -0.4727
vn -0.4123 0.7796 -0.4715
vn -0.5715 0.7292 -0.3763
vn -0.6464 0.7080 -0.2844
vn -0.6691 0.7097 -0.2205
vn -0.6472 0.7148 -0.2649
vn -0.5736 0.7147 -0.4002
vn -0.4802 0.7284 -0.4887
vn -0.3984 0.7816 -0.4799
vn -0.3415 0.8475 -0.4064
vn -0.2773 0.8913 -0.3589
vn -0.1847 0.9347 -0.3037
vn -0.0872 0.9808 -0.1742
vn -0.0220 0.9986 -0.0485
vn -0.0022 1.0000 -0.0017
vn -0.0780 0.9689 0.2347
vn -0.0791 0.9916 0.1026
vn -0.1112 0.9879 -0.1077
vn -0.2155 0.9725 -0.0881
vn -0.2999 0.9304 -0.2110
vn -0.3332 0.8744 -0.3526
vn -0.3924 0.9196 -0.0190
vn -0.3952 0.8642 0.3115
vn -0.2444 0.8837 0.3991
vn 0.0463 0.9099 0.4122
vn 0.3224 0.8315 0.4523
vn 0.4947 0.7546 0.4312
vn 0.5672 0.7315 0.3784
vn 0.3979 0.8772 0.2686
vn 0.3223 0.9191 0.2267
vn 0.5567 0.7255 0.4045
vn 0.7203 0.4136 0.5568
vn 0.7149 0.3774 0.5886
vn 0.5449 0.8039 0.2383
vn 0.4422 0.8942 0.0704
vn 0.2179 0.9755 0.0290
vn -0.1843 0.9633 -0.1953
vn -0.6170 0.7406 -0.2660
vn -0.6955 0.6924 -0.1919
vn -0.5642 0.8256 -0.0063
vn -0.4236 0.8925 0.1552
vn -0.4111 0.9098 -0.0574
vn -0.2463 0.9268 -0.2835
vn 0.0108 0.9741 -0.2260
vn -0.0232 0.9926 -0.1195
vn -0.2640 0.9563 -0.1255
vn -0.3536 0.9277 -0.1200
vn -0.2907 0.9546 0.0657
vn -0.1427 0.9639 0.2247
vn 0.0553 0.9478 0.3141
vn 0.2461 0.9009 0.3575
vn 0.3897 0.8886 0.2418
vn 0.4542 0.8828 0.1200
vn 0.4513 0.8778 0.1607
vn 0.3463 0.9110 0.2238
vn 0.0930 0.9501 0.2977
vn -0.1468 0.9589 0.2430
vn -0.1748 0.9821 -0.0697
vn -0.0448 0.9175 -0.3952
vn 0.0560 0.8889 -0.4546
vn 0.0334 0.9035 -0.4273
vn -0.1138 0.9216 -0.3710
vn -0.3120 0.9073 -0.2819
vn -0.4774 0.8381 -0.2638
vn -0.5573 0.7985 -0.2277
vn -0.5377 0.7760 -0.3298
vn -0.4366 0.7486 -0.4991
vn -0.3494 0.7451 -0.5681
vn -0.3388 0.7831 -0.5216
vn -0.3407 0.8304 -0.4409
vn -0.2923 0.8619 -0.4145
vn -0.2049 0.9030 -0.3777
vn -0.1088 0.9632 -0.2456
vn -0.0336 0.9960 -0.0833
vn -0.0076 0.9999 -0.0093
vn 0.1715 0.9707 0.1681
vn 0.1910 0.9777 0.0868
vn 0.1814 0.9826 -0.0407
vn 0.0187 0.9994 0.0302
vn -0.2816 0.9595 0.0032
vn -0.5377 0.8092 -0.2369
vn -0.6559 0.7495 -0.0896
vn -0.6496 0.7348 0.1951
vn -0.5471 0.8036 0.2342
vn -0.3837 0.9018 0.1991
vn -0.0897 0.9524 0.2914
vn 0.2449 0.8982 0.3651
vn 0.4866 0.8137 0.3179
vn 0.6236 0.7306 0.2781
vn 0.6465 0.7419 0.1780
vn 0.6661 0.7213 0.1897
vn 0.7635 0.5225 0.3796
vn 0.8292 0.3006 0.4713
vn 0.9053 0.3128 0.2873
vn 0.8571 0.4578 0.2362
vn 0.6710 0.7036 0.2339
vn 0.3709 0.9163 0.1512
vn -0.0550 0.9979 -0.0337
vn -0.2583 0.9044 -0.3395
vn -0.1526 0.9692 -0.1935
vn -0.0363 0.9821 0.1850
vn -0.1915 0.9813 -0.0207
vn -0.3218 0.8682 -0.3776
vn -0.2761 0.9309 -0.2393
vn -0.3596 0.9319 0.0483
vn -0.5504 0.8328 0.0601
vn -0.6464 0.7583 -0.0840
vn -0.6249 0.7807 -0.0043
vn -0.5334 0.8424 0.0757
vn -0.3634 0.9202 0.1456
vn -0.1494 0.9635 0.2223
vn 0.0144 0.9881 0.1533
vn 0.1056 0.9916 0.0748
vn 0.1937 0.9688 0.1544
vn 0.2711 0.9238 0.2705
vn 0.2655 0.8655 0.4249
vn 0.1164 0.9241 0.3641
vn -0.0322 0.9961 -0.0816
vn -0.0679 0.8830 -0.4643
vn -0.0064 0.8704 -0.4922
vn 0.0735 0.9034 -0.4225
vn 0.1072 0.9546 -0.2781
vn 0.0392 0.9849 -0.1686
vn -0.1460 0.9772 -0.1541
vn -0.3643 0.9189 -0.1512
vn -0.4576 0.8207 -0.3422
vn -0.3943 0.7294 -0.5590
vn -0.3220 0.7327 -0.5996
vn -0.3154 0.7907 -0.5247
vn -0.3174 0.8272 -0.4636
vn -0.2749 0.8418 -0.4647
vn -0.2050 0.8741 -0.4403
vn -0.1220 0.9404 -0.3175
vn -0.0449 0.9910 -0.1262
vn -0.0141 0.9996 -0.0260
vn 0.2981 0.9480 0.1114
vn 0.2986 0.9520 0.0673
vn 0.2387 0.9700 0.0468
vn 0.0649 0.9757 0.2093
vn -0.1984 0.9446 0.2617
vn -0.4738 0.8793 0.0493
vn -0.6921 0.7201 -0.0487
vn -0.7445 0.6626 0.0822
vn -0.6749 0.7261 0.1318
vn -0.6150 0.7834 0.0896
vn -0.5441 0.8325 0.1039
vn -0.3312 0.9267 0.1776
vn 0.0191 0.9806 0.1953
vn 0.3393 0.9288 0.1488
vn 0.5798 0.8059 0.1199
vn 0.6688 0.7328 0.1252
vn 0.7116 0.6588 0.2442
vn 0.7910 0.4883 0.3688
vn 0.8659 0.3711 0.3354
vn 0.8870 0.3423 0.3101
vn 0.8282 0.4045 0.3878
vn 0.7412 0.5887 0.3227
vn 0.5884 0.8039 0.0870
vn 0.4376 0.8467 -0.3025
vn 0.4159 0.8830 -0.2177
vn 0.4159 0.8836 0.2151
vn 0.1207 0.9822 0.1441
vn -0.3952 0.9059 -0.1521
vn -0.6603 0.7317 -0.1694
vn -0.6201 0.7809 0.0752
vn -0.5779 0.8034 0.1437
vn -0.6749 0.7372 0.0329
vn -0.7529 0.6580 -0.0120
vn -0.7526 0.6582 -0.0159
vn -0.6940 0.7196 -0.0229
vn -0.5689 0.8217 0.0339
vn -0.4376 0.8991 0.0137
vn -0.3035 0.9524 -0.0290
vn -0.1473 0.9879 0.0483
vn 0.0170 0.9794 0.2012
vn 0.1293 0.8971 0.4226
vn 0.0956 0.8633 0.4955
vn -0.1696 0.9828 0.0723
vn -0.3036 0.8372 -0.4550
vn -0.1778 0.8025 -0.5695
vn 0.0042 0.8666 -0.4990
vn 0.1491 0.9416 -0.3020
vn 0.2000 0.9731 -0.1145
vn 0.1398 0.9901 -0.0125
vn -0.0339 0.9993 0.0164
vn -0.2377 0.9400 -0.2447
vn -0.3560 0.7481 -0.5600
vn -0.3640 0.7017 -0.6124
vn -0.3324 0.7686 -0.5466
vn -0.2708 0.8222 -0.5007
vn -0.2107 0.8357 -0.5071
vn -0.1655 0.8583 -0.4857
vn -0.1115 0.9193 -0.3775
vn -0.0489 0.9838 -0.1725
vn -0.0178 0.9986 -0.0506
vn 0.2851 0.9555 0.0762
vn 0.2656 0.9603 0.0850
vn 0.1622 0.9727 0.1659
vn 0.0118 0.9406 0.3393
vn -0.0880 0.9147 0.3944
vn -0.2091 0.9457 0.2490
vn -0.4001 0.9040 0.1505
vn -0.5829 0.7996 0.1444
vn -0.6884 0.7177 0.1048
vn -0.7159 0.6948 0.0689
vn -0.7186 0.6930 0.0569
vn -0.7084 0.7052 0.0283
vn -0.5788 0.8149 -0.0307
vn -0.2948 0.9534 -0.0640
vn 0.0686 0.9948 -0.0757
vn 0.4192 0.9079 0.0075
vn 0.5827 0.7983 0.1524
vn 0.6746 0.6938 0.2520
vn 0.7658 0.5642 0.3087
vn 0.8335 0.4684 0.2931
vn 0.8467 0.3669 0.3854
vn 0.8358 0.3662 0.4091
vn 0.8242 0.5419 0.1643
vn 0.7227 0.6787 -0.1309
vn 0.5562 0.8299 -0.0441
vn 0.3881 0.8772 0.2828
vn 0.2294 0.8908 0.3923
vn -0.2383 0.9309 0.2767
vn -0.6159 0.7878 0.0109
vn -0.6420 0.7591 -0.1075
vn -0.4560 0.8823 0.1165
vn -0.3771 0.9048 0.1976
vn -0.4738 0.8732 0.1143
vn -0.6323 0.7714 0.0722
vn -0.7548 0.6545 -0.0437
vn -0.7523 0.6489 -0.1138
vn -0.6677 0.7316 -0.1376
vn -0.5364 0.8275 -0.1656
vn -0.4022 0.9125 -0.0740
vn -0.3063 0.9448 0.1162
vn -0.2353 0.8990 0.3693
vn -0.1908 0.8325 0.5202
vn -0.2732 0.9414 0.1979
vn -0.2848 0.8621 -0.4191
vn -0.1626 0.7255 -0.6687
vn 0.0293 0.8039 -0.5940
vn 0.1767 0.9172 -0.3571
vn 0.2390 0.9636 -0.1200
vn 0.2633 0.9644 0.0253
vn 0.2599 0.9588 0.1143
vn 0.1333 0.9858 -0.1018
vn -0.0822 0.8687 -0.4885
vn -0.2319 0.7381 -0.6336
vn -0.2376 0.7583 -0.6071
vn -0.1757 0.8130 -0.5550
vn -0.1268 0.8346 -0.5360
vn -0.1007 0.8525 -0.5129
vn -0.0722 0.9061 -0.4168
vn -0.0351 0.9769 -0.2108
vn -0.0151 0.9970 -0.0758
vn 0.1581 0.9857 0.0589
vn 0.1371 0.9832 0.1204
vn 0.0719 0.9622 0.2626
vn 0.0112 0.9183 0.3958
vn 0.0044 0.9121 0.4099
vn -0.0052 0.9468 0.3219
vn -0.0778 0.9521 0.2956
vn -0.2058 0.9343 0.2912
vn -0.3611 0.9018 0.2375
vn -0.5113 0.8445 0.1593
vn -0.6245 0.7747 0.0991
vn -0.7040 0.7070 0.0677
vn -0.7699 0.6355 -0.0579
vn -0.7529 0.6301 -0.1899
vn -0.5547 0.7792 -0.2919
vn -0.1634 0.9400 -0.2995
vn 0.1323 0.9912 0.0098
vn 0.3685 0.9115 0.1828
vn 0.5706 0.8028 0.1730
vn 0.7205 0.6657 0.1942
vn 0.7993 0.5279 0.2871
vn 0.7783 0.3799 0.4999
vn 0.8014 0.5139 0.3059
vn 0.6876 0.7211 0.0850
vn 0.4458 0.8697 0.2118
vn 0.2296 0.8940 0.3847
vn 0.2136 0.8649 0.4542
vn 0.1994 0.8593 0.4710
vn 0.0895 0.9943 0.0583
vn 0.0697 0.9520 -0.2981
vn 0.1846 0.9809 0.0616
vn 0.1809 0.9395 0.2908
vn 0.0172 0.9586 0.2842
vn -0.2753 0.9088 0.3136
vn -0.4953 0.8625 0.1036
vn -0.5908 0.7847 -0.1877
vn -0.5531 0.7791 -0.2952
vn -0.4644 0.8305 -0.3076
vn -0.4487 0.8878 -0.1022
vn -0.5266 0.8372 0.1479
vn -0.5694 0.7586 0.3168
vn -0.4919 0.7825 0.3817
vn -0.2652 0.9614 0.0736
vn -0.0243 0.8755 -0.4826
vn 0.0693 0.6988 -0.7120
vn 0.0698 0.7810 -0.6206
vn 0.0630 0.9236 -0.3782
vn 0.0734 0.9872 -0.1417
vn 0.1400 0.9898 -0.0267
vn 0.2817 0.9582 0.0494
vn 0.3736 0.9272 -0.0265
vn 0.2672 0.9008 -0.3422
vn 0.0585 0.8115 -0.5814
vn -0.0730 0.7725 -0.6308
vn -0.0942 0.8064 -0.5838
vn -0.0819 0.8301 -0.5516
vn -0.0612 0.8463 -0.5291
vn -0.0390 0.8985 -0.4373
vn -0.0191 0.9723 -0.2329
vn -0.0096 0.9955 -0.0947
vn 0.0384 0.9977 0.0555
vn 0.0340 0.9894 0.1411
vn 0.0332 0.9556 0.2927
vn 0.0626 0.9193 0.3885
vn 0.1095 0.9150 0.3884
vn 0.1209 0.9346 0.3345
vn 0.1135 0.9383 0.3266
vn 0.1370 0.9373 0.3205
vn 0.1376 0.9365 0.3225
vn 0.0510 0.9634 0.2631
vn -0.0949 0.9720 0.2151
vn -0.3124 0.9152 0.2544
vn -0.5971 0.7848 0.1658
vn -0.8064 0.5875 -0.0677
vn -0.8045 0.4749 -0.3566
vn -0.6182 0.6037 -0.5033
vn -0.3545 0.9026 -0.2441
vn -0.1243 0.9847 0.1218
vn 0.1353 0.9905 -0.0225
vn 0.4697 0.8817 -0.0455
vn 0.6973 0.7010 0.1498
vn 0.7797 0.4849 0.3961
vn 0.7820 0.4341 0.4472
vn 0.7392 0.6272 0.2453
vn 0.6206 0.7233 0.3028
vn 0.5493 0.7654 0.3354
vn 0.6034 0.7207 0.3413
vn 0.6705 0.6699 0.3189
vn 0.7506 0.6606 0.0144
vn 0.7011 0.6974 -0.1487
vn 0.6265 0.7701 0.1199
vn 0.4879 0.8009 0.3472
vn 0.3386 0.8482 0.4073
vn 0.2085 0.8518 0.4806
vn 0.0359 0.9699 0.2408
vn -0.2170 0.9717 -0.0934
vn -0.3824 0.8584 -0.3419
vn -0.3903 0.8507 -0.3521
vn -0.4614 0.8871 -0.0087
vn -0.5784 0.7609 0.2940
vn -0.6417 0.7060 0.2998
vn -0.5765 0.8019 0.1572
vn -0.3458 0.9146 -0.2098
vn -0.0501 0.7759 -0.6289
vn -0.0120 0.7099 -0.7042
vn -0.0954 0.8025 -0.5889
vn -0.1706 0.9135 -0.3693
vn -0.1339 0.9712 -0.1971
vn 0.0247 0.9884 -0.1496
vn 0.2435 0.9632 -0.1142
vn 0.4175 0.9036 -0.0963
vn 0.4395 0.8671 -0.2344
vn 0.3010 0.8371 -0.4569
vn 0.1370 0.8010 -0.5827
vn 0.0398 0.8171 -0.5751
vn 0.0023 0.8326 -0.5538
vn -0.0065 0.8434 -0.5373
vn -0.0071 0.8951 -0.4457
vn -0.0060 0.9704 -0.2413
vn -0.0047 0.9944 -0.1057
vn 0.0128 0.9983 0.0560
vn 0.0135 0.9894 0.1446
vn 0.0267 0.9590 0.2822
vn 0.0697 0.9335 0.3518
vn 0.1279 0.9253 0.3570
vn 0.1693 0.9290 0.3292
vn 0.2206 0.9309 0.2910
vn 0.3105 0.9166 0.2519
vn 0.3895 0.8776 0.2796
vn 0.3974 0.8699 0.2922
vn 0.3117 0.8988 0.3081
vn 0.1401 0.9033 0.4055
vn -0.1491 0.8827 0.4457
vn -0.4834 0.8397 0.2475
vn -0.7074 0.6391 -0.3017
vn -0.6269 0.4295 -0.6501
vn -0.5085 0.6814 -0.5264
vn -0.1876 0.9707 -0.1503
vn 0.1345 0.9763 -0.1695
vn 0.3724 0.8718 -0.3181
vn 0.5926 0.8039 -0.0506
vn 0.7607 0.6160 0.2046
vn 0.7876 0.4124 0.4577
vn 0.8319 0.4558 0.3165
vn 0.8300 0.5165 0.2107
vn 0.8379 0.5027 0.2126
vn 0.8475 0.4957 0.1898
vn 0.8512 0.4905 0.1870
vn 0.8218 0.5658 0.0675
vn 0.7120 0.7015 0.0301
vn 0.5384 0.7906 0.2917
vn 0.3568 0.7967 0.4878
vn 0.2601 0.8426 0.4716
vn 0.2545 0.8274 0.5006
vn 0.1269 0.8765 0.4644
vn -0.2965 0.9367 0.1865
vn -0.5501 0.7982 -0.2455
vn -0.5797 0.7490 -0.3208
vn -0.6189 0.7821 0.0731
vn -0.5840 0.7175 0.3797
vn -0.5691 0.7744 0.2766
vn -0.5862 0.8072 0.0693
vn -0.5333 0.7696 -0.3512
vn -0.3033 0.6684 -0.6791
vn -0.2313 0.6986 -0.6771
vn -0.3124 0.7982 -0.5151
vn -0.3509 0.8586 -0.3737
vn -0.2242 0.9183 -0.3263
vn 0.0116 0.9484 -0.3169
vn 0.2218 0.9374 -0.2687
vn 0.3567 0.9125 -0.2003
vn 0.4176 0.8803 -0.2252
vn 0.3948 0.8392 -0.3739
vn 0.3083 0.8092 -0.5002
vn 0.2166 0.8253 -0.5215
vn 0.1442 0.8369 -0.5280
vn 0.0904 0.8490 -0.5206
vn 0.0435 0.9016 -0.4304
vn 0.0105 0.9720 -0.2349
vn -0.0003 0.9940 -0.1096
vn 0.0175 0.9983 0.0561
vn 0.0136 0.9889 0.1477
vn 0.0107 0.9616 0.2742
vn 0.0254 0.9455 0.3245
vn 0.0554 0.9415 0.3325
vn 0.0955 0.9459 0.3100
vn 0.1735 0.9569 0.2328
vn 0.2928 0.9418 0.1650
vn 0.3866 0.8935 0.2287
vn 0.3811 0.8620 0.3342
vn 0.2688 0.8706 0.4120
vn 0.1979 0.8703 0.4510
vn 0.2672 0.8306 0.4887
vn 0.2127 0.8819 0.4207
vn 0.0062 0.9806 -0.1957
vn -0.2272 0.6272 -0.7450
vn -0.5078 0.5482 -0.6645
vn -0.3402 0.8102 -0.4774
vn 0.2430 0.8735 -0.4219
vn 0.4972 0.7661 -0.4074
vn 0.5856 0.7827 -0.2106
vn 0.6812 0.7302 0.0533
vn 0.7191 0.5908 0.3659
vn 0.7658 0.4976 0.4072
vn 0.8247 0.5300 0.1973
vn 0.8456 0.5035 0.1774
vn 0.8683 0.4752 0.1423
vn 0.8663 0.4606 0.1933
vn 0.8261 0.5120 0.2354
vn 0.6973 0.6614 0.2762
vn 0.4123 0.7476 0.5206
vn 0.0442 0.7700 0.6365
vn -0.1661 0.8551 0.4912
vn -0.1520 0.8717 0.4659
vn -0.1427 0.7929 0.5925
vn -0.3720 0.8246 0.4262
vn -0.5643 0.8179 -0.1124
vn -0.5438 0.7487 -0.3791
vn -0.4316 0.9018 0.0208
vn -0.1216 0.9101 0.3962
vn -0.1252 0.9132 0.3878
vn -0.3299 0.9113 0.2465
vn -0.4183 0.8492 -0.3222
vn -0.2835 0.5990 -0.7489
vn -0.1927 0.7036 -0.6840
vn -0.2401 0.8482 -0.4722
vn -0.2808 0.8689 -0.4077
vn -0.1764 0.8626 -0.4741
vn 0.0200 0.8858 -0.4636
vn 0.1766 0.9129 -0.3681
vn 0.2700 0.9224 -0.2762
vn 0.3464 0.8954 -0.2797
vn 0.3815 0.8470 -0.3701
vn 0.3485 0.8250 -0.4450
vn 0.2853 0.8380 -0.4652
vn 0.2143 0.8489 -0.4832
vn 0.1348 0.8684 -0.4772
vn 0.0600 0.9180 -0.3920
vn 0.0138 0.9758 -0.2183
vn 0.0010 0.9940 -0.1090
vn 0.0253 0.9981 0.0563
vn 0.0217 0.9878 0.1541
vn 0.0124 0.9605 0.2781
vn 0.0061 0.9484 0.3170
vn 0.0142 0.9483 0.3171
vn 0.0477 0.9589 0.2798
vn 0.1182 0.9793 0.1642
vn 0.2090 0.9741 0.0861
vn 0.2734 0.9412 0.1986
vn 0.2860 0.8834 0.3712
vn 0.2663 0.8445 0.4646
vn 0.3164 0.8671 0.3846
vn 0.4711 0.8153 0.3366
vn 0.5815 0.7226 0.3738
vn 0.5257 0.8482 -0.0642
vn -0.0824 0.8162 -0.5719
vn -0.4585 0.6470 -0.6092
vn -0.4554 0.6233 -0.6357
vn -0.1132 0.7456 -0.6567
vn 0.2574 0.8004 -0.5413
vn 0.4362 0.8426 -0.3158
vn 0.5048 0.8632 -0.0116
vn 0.5235 0.7872 0.3259
vn 0.5797 0.6895 0.4342
vn 0.6849 0.6831 0.2535
vn 0.7138 0.6740 0.1904
vn 0.7423 0.6557 0.1378
vn 0.7553 0.6085 0.2435
vn 0.7439 0.5496 0.3802
vn 0.6585 0.5833 0.4756
vn 0.4358 0.6049 0.6665
vn 0.1182 0.6571 0.7445
vn -0.0927 0.8739 0.4772
vn -0.0326 0.9308 0.3642
vn 0.2177 0.7843 0.5810
vn 0.2615 0.8108 0.5236
vn 0.1819 0.9828 -0.0304
vn 0.1833 0.8573 -0.4811
vn 0.4127 0.9022 -0.1252
vn 0.5285 0.8008 0.2818
vn 0.5159 0.7419 0.4283
vn 0.3888 0.8547 0.3440
vn 0.2946 0.9153 -0.2748
vn 0.1890 0.6415 -0.7435
vn 0.0506 0.7292 -0.6825
vn -0.0116 0.9101 -0.4143
vn -0.0834 0.9111 -0.4036
vn -0.0962 0.8359 -0.5404
vn -0.0427 0.8407 -0.5398
vn 0.0209 0.9049 -0.4251
vn 0.0942 0.9338 -0.3453
vn 0.1882 0.9121 -0.3643
vn 0.2541 0.8761 -0.4097
vn 0.2623 0.8627 -0.4324
vn 0.2331 0.8691 -0.4362
vn 0.1790 0.8786 -0.4427
vn 0.1073 0.8977 -0.4273
vn 0.0436 0.9350 -0.3519
vn 0.0092 0.9791 -0.2031
vn 0.0008 0.9942 -0.1076
vn 0.0345 0.9980 0.0534
vn 0.0355 0.9870 0.1568
vn 0.0288 0.9575 0.2869
vn 0.0119 0.9460 0.3240
vn -0.0029 0.9492 0.3146
vn 0.0041 0.9668 0.2557
vn 0.0454 0.9928 0.1109
vn 0.0938 0.9946 0.0434
vn 0.1210 0.9736 0.1934
vn 0.1468 0.9141 0.3781
vn 0.2102 0.8672 0.4514
vn 0.3351 0.8921 0.3030
vn 0.4843 0.8561 0.1807
vn 0.6169 0.7364 0.2777
vn 0.5795 0.8047 0.1289
vn 0.2491 0.8947 -0.3707
vn 0.0874 0.7437 -0.6628
vn -0.0879 0.6967 -0.7120
vn -0.2823 0.6495 -0.7060
vn -0.1960 0.7253 -0.6599
vn 0.0811 0.8938 -0.4410
vn 0.3008 0.9494 -0.0906
vn 0.3942 0.8769 0.2751
vn 0.4674 0.8034 0.3691
vn 0.5342 0.7960 0.2847
vn 0.5345 0.8124 0.2333
vn 0.4840 0.8538 0.1918
vn 0.4344 0.8469 0.3066
vn 0.4575 0.7424 0.4894
vn 0.4867 0.6320 0.6030
vn 0.4816 0.5456 0.6858
vn 0.4735 0.5187 0.7119
vn 0.3797 0.7867 0.4868
vn 0.3188 0.8897 0.3268
vn 0.3789 0.8535 0.3578
vn 0.6525 0.6957 0.3004
vn 0.7900 0.6120 -0.0366
vn 0.7430 0.5971 -0.3025
vn 0.7461 0.6623 -0.0682
vn 0.7089 0.6672 0.2287
vn 0.7000 0.6213 0.3522
vn 0.7612 0.5929 0.2628
vn 0.7578 0.6355 -0.1479
vn 0.4725 0.6894 -0.5490
vn 0.0887 0.8131 -0.5753
vn -0.1244 0.9361 -0.3289
vn -0.2517 0.9066 -0.3387
vn -0.3146 0.8002 -0.5106
vn -0.3241 0.7776 -0.5388
vn -0.2901 0.8425 -0.4540
vn -0.2079 0.8896 -0.4067
vn -0.0957 0.8918 -0.4421
vn 0.0119 0.8834 -0.4684
vn 0.0872 0.8854 -0.4566
vn 0.1151 0.8947 -0.4317
vn 0.0991 0.9046 -0.4146
vn 0.0590 0.9196 -0.3883
vn 0.0212 0.9459 -0.3238
vn 0.0027 0.9809 -0.1944
vn -0.0010 0.9942 -0.1078
vn 0.0421 0.9980 0.0464
vn 0.0455 0.9869 0.1547
vn 0.0365 0.9533 0.2998
vn 0.0057 0.9394 0.3429
vn -0.0226 0.9461 0.3230
vn -0.0300 0.9696 0.2429
vn -0.0289 0.9958 0.0867
vn -0.0241 0.9992 0.0326
vn -0.0064 0.9810 0.1937
vn 0.0134 0.9266 0.3759
vn 0.0304 0.8997 0.4354
vn 0.0808 0.9666 0.2430
vn 0.2208 0.9735 0.0596
vn 0.4404 0.8840 0.1569
vn 0.6303 0.7614 0.1518
vn 0.6388 0.7325 -0.2353
vn 0.4129 0.7329 -0.5407
vn 0.1167 0.8269 -0.5501
vn -0.3156 0.7490 -0.5826
vn -0.5314 0.5670 -0.6294
vn -0.3325 0.7336 -0.5926
vn 0.0651 0.9592 -0.2752
vn 0.3550 0.9172 0.1811
vn 0.4692 0.8249 0.3155
vn 0.5071 0.8144 0.2822
vn 0.4770 0.8304 0.2878
vn 0.3581 0.8843 0.2997
vn 0.1874 0.9034 0.3856
vn 0.1167 0.8405 0.5290
vn 0.1716 0.7351 0.6559
vn 0.3521 0.6387 0.6842
vn 0.5188 0.5409 0.6620
vn 0.5248 0.5550 0.6454
vn 0.2194 0.7986 0.5605
vn -0.1141 0.9566 0.2681
vn 0.1597 0.9742 -0.1592
vn 0.5237 0.7726 -0.3588
vn 0.6403 0.7051 -0.3046
vn 0.6832 0.7299 -0.0206
vn 0.6919 0.6891 0.2153
vn 0.7232 0.6317 0.2792
vn 0.7453 0.6229 0.2378
vn 0.6698 0.7397 0.0654
vn 0.3041 0.9142 -0.2678
vn -0.1783 0.9025 -0.3920
vn -0.4176 0.8822 -0.2174
vn -0.5101 0.8276 -0.2344
vn -0.5484 0.7361 -0.3968
vn -0.5803 0.6695 -0.4636
vn -0.5580 0.6929 -0.4568
vn -0.4742 0.7598 -0.4448
vn -0.3455 0.7980 -0.4938
vn -0.2038 0.8231 -0.5300
vn -0.0804 0.8599 -0.5041
vn -0.0053 0.8937 -0.4487
vn 0.0171 0.9144 -0.4045
vn 0.0067 0.9304 -0.3666
vn -0.0074 0.9504 -0.3108
vn -0.0082 0.9809 -0.1943
vn -0.0050 0.9937 -0.1124
vn 0.0473 0.9982 0.0371
vn 0.0561 0.9875 0.1471
vn 0.0630 0.9494 0.3076
vn 0.0449 0.9305 0.3634
vn 0.0094 0.9411 0.3381
vn -0.0246 0.9684 0.2482
vn -0.0656 0.9928 0.1000
vn -0.1103 0.9927 0.0494
vn -0.1230 0.9731 0.1949
vn -0.1132 0.9183 0.3793
vn -0.1164 0.8938 0.4332
vn -0.1457 0.9673 0.2075
vn -0.1377 0.9904 -0.0119
vn -0.0139 0.9987 0.0484
vn 0.1837 0.9799 0.0775
vn 0.2467 0.9402 -0.2350
vn 0.0618 0.8744 -0.4813
vn -0.1327 0.9139 -0.3835
vn -0.3930 0.8479 -0.3559
vn -0.6107 0.5971 -0.5201
vn -0.5989 0.4583 -0.6567
vn -0.2634 0.8169 -0.5131
vn 0.2300 0.9731 -0.0113
vn 0.4653 0.8464 0.2591
vn 0.5157 0.8091 0.2816
vn 0.4811 0.8110 0.3329
vn 0.3673 0.8352 0.4092
vn 0.1811 0.8577 0.4811
vn 0.0127 0.8149 0.5795
vn -0.0228 0.7632 0.6458
vn 0.1262 0.7808 0.6119
vn 0.2685 0.6902 0.6719
vn 0.2076 0.5558 0.8050
vn -0.1392 0.6007 0.7872
vn -0.5692 0.7917 0.2217
vn -0.4333 0.7347 -0.5219
vn 0.0045 0.7621 -0.6474
vn 0.2857 0.8480 -0.4464
vn 0.4971 0.8589 -0.1233
vn 0.6382 0.7596 0.1255
vn 0.7081 0.6780 0.1971
vn 0.7215 0.6400 0.2642
vn 0.6471 0.7038 0.2932
vn 0.4342 0.8974 0.0779
vn 0.1792 0.9763 -0.1215
vn -0.0500 0.9977 -0.0458
vn -0.2227 0.9663 -0.1291
vn -0.4127 0.8567 -0.3095
vn -0.5362 0.7421 -0.4022
vn -0.5550 0.6644 -0.5006
vn -0.5032 0.6936 -0.5155
vn -0.3936 0.7279 -0.5615
vn -0.2699 0.7585 -0.5932
vn -0.1711 0.8151 -0.5535
vn -0.1023 0.8721 -0.4784
vn -0.0588 0.9086 -0.4134
vn -0.0362 0.9303 -0.3651
vn -0.0221 0.9495 -0.3129
vn -0.0100 0.9795 -0.2011
vn -0.0044 0.9928 -0.1194
vn 0.0496 0.9984 0.0272
vn 0.0639 0.9892 0.1319
vn 0.0943 0.9509 0.2949
vn 0.1118 0.9229 0.3684
vn 0.0708 0.9255 0.3722
vn -0.0311 0.9557 0.2927
vn -0.1444 0.9779 0.1509
vn -0.2374 0.9662 0.1008
vn -0.2938 0.9310 0.2166
vn -0.3097 0.8687 0.3867
vn -0.3221 0.8469 0.4231
vn -0.3483 0.9185 0.1870
vn -0.3206 0.9465 -0.0371
vn -0.2297 0.9723 -0.0441
vn -0.0926 0.9955 -0.0176
vn -0.0932 0.9756 -0.1989
vn -0.2368 0.8970 -0.3734
vn -0.3002 0.9016 -0.3115
vn -0.2508 0.9187 -0.3050
vn -0.3322 0.7981 -0.5026
vn -0.4400 0.4898 -0.7527
vn -0.2779 0.6152 -0.7378
vn 0.1690 0.9467 -0.2742
vn 0.4906 0.8653 0.1031
vn 0.5650 0.7737 0.2868
vn 0.4973 0.7773 0.3853
vn 0.3874 0.7869 0.4803
vn 0.2521 0.7925 0.5553
vn 0.1119 0.7634 0.6361
vn 0.0496 0.7891 0.6123
vn 0.0556 0.8405 0.5389
vn 0.0186 0.7219 0.6918
vn -0.0998 0.4824 0.8703
vn -0.2412 0.5209 0.8188
vn -0.4029 0.8864 0.2279
vn -0.3525 0.7179 -0.6003
vn -0.1543 0.6222 -0.7675
vn 0.0780 0.7929 -0.6044
vn 0.3578 0.8739 -0.3290
vn 0.5755 0.8152 -0.0649
vn 0.6713 0.7326 0.1129
vn 0.6871 0.6824 0.2494
vn 0.7131 0.6220 0.3233
vn 0.7526 0.6288 0.1957
vn 0.7437 0.6620 0.0928
vn 0.6130 0.7695 0.1792
vn 0.3768 0.9237 0.0687
vn 0.1150 0.9851 -0.1281
vn -0.0602 0.9393 -0.3377
vn -0.1435 0.8106 -0.5677
vn -0.1647 0.7586 -0.6304
vn -0.1178 0.7482 -0.6529
vn -0.0966 0.7608 -0.6418
vn -0.1307 0.8070 -0.5758
vn -0.1459 0.8537 -0.5000
vn -0.1136 0.8909 -0.4398
vn -0.0594 0.9194 -0.3887
vn -0.0187 0.9450 -0.3266
vn -0.0027 0.9783 -0.2074
vn 0.0002 0.9925 -0.1226
vn 0.0502 0.9986 0.0181
vn 0.0616 0.9914 0.1154
vn 0.0860 0.9577 0.2746
vn 0.1137 0.9269 0.3576
vn 0.1324 0.9112 0.3901
vn 0.0821 0.9323 0.3522
vn -0.0794 0.9643 0.2526
vn -0.2757 0.9399 0.2015
vn -0.4029 0.8736 0.2728
vn -0.4465 0.7987 0.4034
vn -0.4302 0.8267 0.3626
vn -0.3080 0.9488 0.0702
vn -0.1054 0.9823 -0.1551
vn 0.0835 0.9850 -0.1509
vn 0.1664 0.9831 -0.0770
vn 0.0909 0.9841 -0.1524
vn -0.0597 0.9505 -0.3051
vn -0.0850 0.9302 -0.3572
vn 0.0218 0.9256 -0.3780
vn 0.0385 0.8806 -0.4723
vn -0.0922 0.6226 -0.7771
vn -0.1435 0.5388 -0.8301
vn 0.0560 0.8706 -0.4887
vn 0.3296 0.9406 -0.0815
vn 0.4675 0.8360 0.2874
vn 0.4496 0.7685 0.4553
vn 0.3645 0.7611 0.5365
vn 0.2326 0.7451 0.6251
vn 0.1085 0.7300 0.6748
vn 0.0349 0.7802 0.6245
vn -0.0583 0.8205 0.5686
vn -0.1457 0.6324 0.7608
vn -0.1496 0.4436 0.8837
vn 0.0505 0.6441 0.7633
vn 0.2646 0.9568 0.1204
vn 0.3131 0.7573 -0.5732
vn 0.2251 0.5678 -0.7918
vn 0.3385 0.7095 -0.6181
vn 0.4238 0.8133 -0.3986
vn 0.4729 0.8556 -0.2104
vn 0.5086 0.8592 0.0551
vn 0.5623 0.8026 0.1992
vn 0.6602 0.7185 0.2190
vn 0.7409 0.6568 0.1402
vn 0.7199 0.6650 0.1987
vn 0.5973 0.6900 0.4087
vn 0.4040 0.8298 0.3849
vn 0.2081 0.9771 0.0435
vn 0.1581 0.9314 -0.3278
vn 0.1081 0.8415 -0.5293
vn 0.0579 0.7597 -0.6477
vn 0.0744 0.7329 -0.6763
vn 0.0563 0.7829 -0.6196
vn -0.0180 0.8348 -0.5503
vn -0.0750 0.8613 -0.5025
vn -0.0735 0.8793 -0.4705
vn -0.0360 0.9062 -0.4213
vn -0.0072 0.9400 -0.3411
vn 0.0017 0.9777 -0.2101
vn 0.0027 0.9927 -0.1204
vn 0.0513 0.9987 0.0081
vn 0.0588 0.9929 0.1037
vn 0.0725 0.9624 0.2620
vn 0.1013 0.9367 0.3352
vn 0.1768 0.9200 0.3497
vn 0.2398 0.9007 0.3621
vn 0.1454 0.9164 0.3729
vn -0.1021 0.9302 0.3526
vn -0.2901 0.8837 0.3672
vn -0.2788 0.8698 0.4072
vn -0.1033 0.9682 0.2280
vn 0.1058 0.9875 -0.1168
vn 0.3008 0.9065 -0.2964
vn 0.3935 0.9007 -0.1840
vn 0.3360 0.9408 -0.0452
vn 0.2076 0.9753 -0.0750
vn 0.0443 0.9708 -0.2358
vn -0.0713 0.9236 -0.3766
vn -0.0286 0.8945 -0.4461
vn 0.0727 0.8702 -0.4873
vn -0.0632 0.6667 -0.7427
vn -0.2911 0.4970 -0.8175
vn -0.2281 0.7484 -0.6228
vn 0.0055 0.9719 -0.2354
vn 0.1648 0.9705 0.1762
vn 0.2709 0.8083 0.5228
vn 0.2248 0.7455 0.6274
vn 0.0744 0.7151 0.6951
vn -0.0555 0.6958 0.7161
vn -0.1630 0.7800 0.6042
vn -0.1234 0.8046 0.5809
vn 0.0526 0.5566 0.8291
vn 0.2525 0.5185 0.8170
vn 0.5814 0.6858 0.4377
vn 0.8162 0.5659 -0.1163
vn 0.7208 0.5063 -0.4733
vn 0.6053 0.5021 -0.6176
vn 0.6271 0.6747 -0.3894
vn 0.5062 0.8148 -0.2826
vn 0.3718 0.9108 -0.1793
vn 0.3316 0.9431 0.0240
vn 0.3967 0.9120 0.1040
vn 0.4456 0.8867 0.1228
vn 0.4206 0.8977 0.1312
vn 0.3236 0.8946 0.3083
vn 0.1858 0.7861 0.5895
vn 0.0025 0.8165 0.5774
vn -0.0797 0.9949 0.0618
vn -0.0208 0.9278 -0.3724
vn 0.0068 0.8659 -0.5001
vn -0.0039 0.7665 -0.6422
vn 0.0126 0.7232 -0.6905
vn 0.0407 0.7957 -0.6043
vn 0.0471 0.8503 -0.5242
vn 0.0433 0.8675 -0.4956
vn 0.0406 0.8764 -0.4798
vn 0.0326 0.9018 -0.4310
vn 0.0223 0.9391 -0.3428
vn 0.0115 0.9784 -0.2063
vn 0.0056 0.9935 -0.1141
vn 0.0512 0.9987 -0.0040
vn 0.0611 0.9938 0.0926
vn 0.0816 0.9649 0.2497
vn 0.1227 0.9461 0.2997
vn 0.2133 0.9384 0.2719
vn 0.3132 0.8976 0.3101
vn 0.3284 0.8480 0.4159
vn 0.1992 0.8618 0.4665
vn 0.0901 0.9105 0.4035
vn 0.2171 0.9422 0.2551
vn 0.4187 0.9073 0.0397
vn 0.5047 0.8340 -0.2232
vn 0.4821 0.8249 -0.2953
vn 0.3925 0.9130 -0.1110
vn 0.2164 0.9721 0.0909
vn -0.0808 0.9933 0.0826
vn -0.3512 0.9286 -0.1200
vn -0.4277 0.8363 -0.3430
vn -0.3507 0.7973 -0.4914
vn -0.2156 0.8149 -0.5380
vn -0.2854 0.7207 -0.6318
vn -0.4204 0.4895 -0.7640
vn -0.3497 0.6265 -0.6966
vn -0.2547 0.9199 -0.2981
vn -0.1666 0.9778 0.1272
vn -0.0184 0.8172 0.5760
vn -0.0098 0.6823 0.7310
vn -0.1052 0.6847 0.7212
vn -0.1258 0.6685 0.7330
vn -0.1113 0.8426 0.5269
vn 0.1345 0.8844 0.4470
vn 0.4755 0.6077 0.6361
vn 0.7085 0.4447 0.5480
vn 0.8665 0.4880 0.1048
vn 0.8776 0.4572 -0.1444
vn 0.7965 0.4705 -0.3798
vn 0.6777 0.5949 -0.4324
vn 0.5546 0.8186 -0.1492
vn 0.3458 0.9345 -0.0847
vn 0.1835 0.9796 -0.0820
vn 0.1910 0.9805 -0.0468
vn 0.2451 0.9690 0.0323
vn 0.1514 0.9697 0.1915
vn -0.0514 0.9719 0.2296
vn -0.1736 0.9165 0.3605
vn -0.1364 0.7766 0.6150
vn 0.0439 0.8419 0.5379
vn 0.2059 0.9786 -0.0035
vn 0.3093 0.8651 -0.3948
vn 0.3406 0.8200 -0.4599
vn 0.3075 0.7484 -0.5877
vn 0.2322 0.7110 -0.6638
vn 0.2027 0.7747 -0.5990
vn 0.2082 0.8363 -0.5071
vn 0.1923 0.8568 -0.4784
vn 0.1575 0.8749 -0.4579
vn 0.1128 0.9053 -0.4094
vn 0.0711 0.9434 -0.3239
vn 0.0320 0.9818 -0.1873
vn 0.0125 0.9949 -0.1003
vn 0.0498 0.9986 -0.0182
vn 0.0659 0.9950 0.0753
vn 0.1013 0.9685 0.2273
vn 0.1502 0.9544 0.2581
vn 0.2182 0.9545 0.2035
vn 0.2907 0.9233 0.2510
vn 0.3407 0.8502 0.4015
vn 0.3483 0.7968 0.4937
vn 0.3523 0.8598 0.3697
vn 0.4333 0.8985 0.0707
vn 0.5361 0.8362 -0.1156
vn 0.5493 0.8108 -0.2021
vn 0.4381 0.8784 -0.1908
vn 0.3114 0.9502 -0.0089
vn 0.1757 0.9583 0.2252
vn -0.1100 0.9547 0.2765
vn -0.4329 0.9004 0.0439
vn -0.6183 0.7376 -0.2714
vn -0.6036 0.6476 -0.4651
vn -0.5200 0.6602 -0.5420
vn -0.4447 0.7017 -0.5566
vn -0.4515 0.5030 -0.7370
vn -0.4903 0.5104 -0.7064
vn -0.5160 0.7859 -0.3408
vn -0.3690 0.9253 0.0875
vn -0.1643 0.8026 0.5735
vn -0.0854 0.6453 0.7592
vn -0.1039 0.6745 0.7309
vn 0.0196 0.7150 0.6989
vn 0.1849 0.8899 0.4171
vn 0.3808 0.8981 0.2198
vn 0.6201 0.7205 0.3104
vn 0.8161 0.5106 0.2708
vn 0.8736 0.4842 0.0494
vn 0.8461 0.5315 -0.0408
vn 0.6967 0.6700 -0.2564
vn 0.3541 0.9168 -0.1846
vn 0.0789 0.9943 0.0723
vn -0.0946 0.9944 0.0476
vn -0.0902 0.9893 -0.1144
vn 0.0594 0.9789 -0.1954
vn 0.1501 0.9884 0.0250
vn 0.0403 0.9321 0.3598
vn -0.2079 0.8894 0.4072
vn -0.3292 0.8646 0.3797
vn -0.1111 0.8718 0.4770
vn 0.3622 0.8698 0.3349
vn 0.6269 0.7681 -0.1305
vn 0.6862 0.6528 -0.3210
vn 0.6623 0.6639 -0.3473
vn 0.5637 0.6806 -0.4680
vn 0.4463 0.6938 -0.5652
vn 0.3796 0.7521 -0.5388
vn 0.3332 0.8225 -0.4610
vn 0.2796 0.8519 -0.4428
vn 0.2332 0.8778 -0.4185
vn 0.1800 0.9126 -0.3672
vn 0.1123 0.9534 -0.2801
vn 0.0462 0.9875 -0.1504
vn 0.0170 0.9968 -0.0777
vn 0.0450 0.9985 -0.0326
vn 0.0611 0.9967 0.0537
vn 0.0965 0.9751 0.1997
vn 0.1333 0.9644 0.2285
vn 0.1578 0.9716 0.1764
vn 0.1790 0.9576 0.2257
vn 0.2038 0.8956 0.3955
vn 0.2157 0.8266 0.5199
vn 0.2223 0.8823 0.4149
vn 0.2109 0.9768 0.0371
vn 0.2252 0.9573 -0.1815
vn 0.2703 0.9481 -0.1674
vn 0.2350 0.9686 -0.0818
vn 0.1459 0.9852 0.0899
vn 0.0818 0.9510 0.2983
vn 0.0097 0.9193 0.3934
vn -0.2456 0.9489 0.1981
vn -0.5425 0.8246 -0.1605
vn -0.6546 0.6218 -0.4300
vn -0.6148 0.5600 -0.5554
vn -0.5392 0.6216 -0.5682
vn -0.5904 0.5180 -0.6190
vn -0.6603 0.3454 -0.6668
vn -0.6162 0.6331 -0.4685
vn -0.4078 0.9131 -0.0006
vn -0.1198 0.8416 0.5267
vn 0.1121 0.6837 0.7211
vn 0.2565 0.6967 0.6700
vn 0.4133 0.7129 0.5666
vn 0.5105 0.7710 0.3807
vn 0.5050 0.8509 0.1448
vn 0.5135 0.8534 0.0898
vn 0.6073 0.7922 0.0602
vn 0.6549 0.7556 0.0141
vn 0.6275 0.7671 0.1333
vn 0.3820 0.9121 0.1490
vn -0.1092 0.9733 0.2019
vn -0.4348 0.8636 0.2551
vn -0.5626 0.8257 0.0425
vn -0.4276 0.8396 -0.3350
vn -0.1491 0.9025 -0.4041
vn 0.0258 0.9994 -0.0221
vn 0.0857 0.8983 0.4309
vn 0.0192 0.8302 0.5572
vn -0.0624 0.9184 0.3906
vn 0.0839 0.9737 0.2117
vn 0.4241 0.9054 -0.0188
vn 0.5746 0.7524 -0.3221
vn 0.5716 0.7462 -0.3411
vn 0.5571 0.7571 -0.3412
vn 0.5261 0.7264 -0.4422
vn 0.4882 0.7072 -0.5113
vn 0.4275 0.7737 -0.4676
vn 0.3478 0.8436 -0.4092
vn 0.2869 0.8655 -0.4105
vn 0.2467 0.8895 -0.3845
vn 0.1942 0.9287 -0.3160
vn 0.1151 0.9692 -0.2176
vn 0.0423 0.9934 -0.1071
vn 0.0142 0.9985 -0.0537
vn 0.0349 0.9985 -0.0421
vn 0.0431 0.9983 0.0382
vn 0.0616 0.9816 0.1806
vn 0.0690 0.9722 0.2237
vn 0.0499 0.9805 0.1899
vn 0.0273 0.9722 0.2327
vn 0.0179 0.9147 0.4037
vn -0.0181 0.8292 0.5587
vn -0.1296 0.8600 0.4936
vn -0.2722 0.9569 0.1013
vn -0.2410 0.9486 -0.2050
vn -0.1482 0.9765 -0.1566
vn -0.1226 0.9925 0.0015
vn -0.1679 0.9687 0.1829
vn -0.1918 0.9189 0.3448
vn -0.1501 0.8980 0.4136
vn -0.2054 0.9243 0.3217
vn -0.3919 0.9188 -0.0471
vn -0.4309 0.7671 -0.4753
vn -0.4005 0.6459 -0.6499
vn -0.4827 0.6517 -0.5851
vn -0.6534 0.6073 -0.4519
vn -0.6452 0.3686 -0.6692
vn -0.5364 0.5058 -0.6756
vn -0.3969 0.9007 -0.1768
vn -0.0213 0.9755 0.2192
vn 0.3340 0.7610 0.5562
vn 0.4970 0.6681 0.5537
vn 0.5772 0.6697 0.4672
vn 0.5735 0.6961 0.4320
vn 0.4617 0.8420 0.2791
vn 0.2613 0.9585 0.1141
vn 0.1767 0.9808 -0.0820
vn 0.2727 0.9539 -0.1252
vn 0.3307 0.9150 0.2311
vn 0.1252 0.8410 0.5264
vn -0.2810 0.7807 0.5581
vn -0.5976 0.6726 0.4364
vn -0.7817 0.6228 0.0329
vn -0.6181 0.5734 -0.5377
vn -0.3228 0.7167 -0.6182
vn -0.0311 0.9809 -0.1920
vn 0.2320 0.9117 0.3392
vn 0.3245 0.7691 0.5507
vn 0.3386 0.8452 0.4136
vn 0.3628 0.9294 0.0676
vn 0.4132 0.8834 -0.2209
vn 0.4000 0.8330 -0.3822
vn 0.3776 0.8464 -0.3754
vn 0.4320 0.8088 -0.3991
vn 0.4961 0.7267 -0.4752
vn 0.4981 0.7277 -0.4714
vn 0.4544 0.8023 -0.3871
vn 0.3891 0.8521 -0.3501
vn 0.3233 0.8724 -0.3667
vn 0.2544 0.9050 -0.3409
vn 0.1760 0.9505 -0.2563
vn 0.0930 0.9839 -0.1526
vn 0.0312 0.9971 -0.0695
vn 0.0101 0.9993 -0.0350
vn 0.0239 0.9988 -0.0434
vn 0.0242 0.9991 0.0340
vn 0.0275 0.9845 0.1734
vn 0.0175 0.9712 0.2377
vn -0.0303 0.9731 0.2283
vn -0.0988 0.9583 0.2683
vn -0.1552 0.8879 0.4330
vn -0.2123 0.7768 0.5929
vn -0.3394 0.7738 0.5348
vn -0.4999 0.8531 0.1496
vn -0.5313 0.8221 -0.2045
vn -0.4651 0.8718 -0.1535
vn -0.4350 0.8980 0.0661
vn -0.4487 0.8598 0.2437
vn -0.4379 0.8316 0.3415
vn -0.3831 0.8439 0.3757
vn -0.3689 0.8548 0.3651
vn -0.4556 0.8901 -0.0099
vn -0.3362 0.7607 -0.5553
vn -0.2411 0.6912 -0.6813
vn -0.3899 0.7667 -0.5100
vn -0.5988 0.7420 -0.3017
vn -0.6186 0.4436 -0.6485
vn -0.5010 0.3611 -0.7865
vn -0.4391 0.8095 -0.3896
vn -0.1419 0.9896 -0.0239
vn 0.0846 0.8978 0.4322
vn 0.2966 0.7494 0.5920
vn 0.3582 0.7772 0.5173
vn 0.3537 0.7763 0.5219
vn 0.3037 0.8309 0.4663
vn 0.1538 0.9547 0.2547
vn 0.0624 0.9886 -0.1371
vn 0.0989 0.9675 -0.2325
vn 0.1265 0.9616 0.2436
vn 0.0621 0.7446 0.6646
vn -0.1306 0.6485 0.7499
vn -0.3081 0.6529 0.6920
vn -0.4809 0.8563 0.1887
vn -0.5153 0.5772 -0.6335
vn -0.2947 0.5490 -0.7821
vn -0.0227 0.8929 -0.4496
vn 0.2815 0.9555 0.0876
vn 0.4316 0.7859 0.4427
vn 0.5203 0.7519 0.4050
vn 0.5731 0.8171 0.0622
vn 0.5375 0.8191 -0.2004
vn 0.4523 0.8365 -0.3094
vn 0.3941 0.8400 -0.3728
vn 0.4056 0.7822 -0.4729
vn 0.4168 0.7467 -0.5184
vn 0.4039 0.7931 -0.4559
vn 0.3794 0.8573 -0.3481
vn 0.3439 0.8844 -0.3155
vn 0.2916 0.9013 -0.3204
vn 0.2170 0.9350 -0.2807
vn 0.1320 0.9725 -0.1917
vn 0.0618 0.9931 -0.0998
vn 0.0200 0.9989 -0.0431
vn 0.0067 0.9997 -0.0221
vn 0.0169 0.9991 -0.0398
vn 0.0121 0.9992 0.0388
vn 0.0036 0.9844 0.1757
vn -0.0130 0.9664 0.2567
vn -0.0657 0.9581 0.2788
vn -0.1518 0.9330 0.3262
vn -0.2223 0.8501 0.4773
vn -0.2422 0.7446 0.6220
vn -0.2506 0.7985 0.5474
vn -0.2851 0.9458 0.1556
vn -0.3369 0.9129 -0.2304
vn -0.4351 0.8841 -0.1706
vn -0.4737 0.8740 0.1083
vn -0.4629 0.8473 0.2603
vn -0.4308 0.8407 0.3282
vn -0.4250 0.8311 0.3586
vn -0.4696 0.7914 0.3913
vn -0.6179 0.7856 0.0311
vn -0.5633 0.6410 -0.5213
vn -0.4905 0.6131 -0.6192
vn -0.5336 0.7473 -0.3960
vn -0.6181 0.7630 -0.1892
vn -0.7363 0.4851 -0.4718
vn -0.5966 0.1396 -0.7903
vn -0.5249 0.5284 -0.6672
vn -0.3807 0.9045 -0.1920
vn -0.2851 0.9185 0.2740
vn -0.0528 0.8212 0.5682
vn 0.1557 0.8309 0.5342
vn 0.1832 0.8156 0.5488
vn 0.1742 0.8294 0.5308
vn 0.1127 0.9244 0.3645
vn -0.0352 0.9954 -0.0887
vn -0.1726 0.9618 -0.2125
vn -0.2132 0.9459 0.2445
vn -0.1620 0.7354 0.6580
vn -0.1280 0.5889 0.7980
vn -0.1719 0.6230 0.7631
vn -0.2983 0.9035 0.3078
vn -0.3318 0.7695 -0.5456
vn -0.2935 0.4562 -0.8401
vn -0.2338 0.7480 -0.6212
vn -0.0335 0.9836 -0.1770
vn 0.2057 0.9357 0.2867
vn 0.4241 0.8315 0.3588
vn 0.5306 0.8449 0.0680
vn 0.5009 0.8543 -0.1385
vn 0.4401 0.8625 -0.2496
vn 0.4161 0.8281 -0.3757
vn 0.3963 0.7752 -0.4919
vn 0.3550 0.7832 -0.5105
vn 0.2924 0.8543 -0.4297
vn 0.2389 0.9125 -0.3321
vn 0.2088 0.9295 -0.3039
vn 0.1741 0.9420 -0.2869
vn 0.1211 0.9663 -0.2271
vn 0.0658 0.9878 -0.1413
vn 0.0279 0.9973 -0.0680
vn 0.0091 0.9996 -0.0284
vn 0.0033 0.9999 -0.0144
vn 0.0127 0.9992 -0.0370
vn 0.0076 0.9989 0.0468
vn -0.0063 0.9826 0.1855
vn -0.0285 0.9609 0.2755
vn -0.0750 0.9424 0.3260
vn -0.1471 0.9113 0.3845
vn -0.2007 0.8312 0.5185
vn -0.1753 0.7659 0.6186
vn -0.0203 0.8797 0.4751
vn 0.1217 0.9887 0.0877
vn 0.1006 0.9692 -0.2248
vn -0.0626 0.9873 -0.1457
vn -0.1563 0.9826 0.1007
vn -0.1096 0.9712 0.2113
vn -0.0039 0.9630 0.2696
vn 0.0989 0.9436 0.3159
vn -0.0396 0.8480 0.5286
vn -0.3701 0.9108 0.1829
vn -0.5605 0.6655 -0.4930
vn -0.5450 0.5769 -0.6085
vn -0.6104 0.6845 -0.3987
vn -0.6539 0.7482 -0.1127
vn -0.7581 0.6015 -0.2520
vn -0.4900 0.1701 -0.8550
vn -0.1523 0.3729 -0.9153
vn -0.2789 0.9068 -0.3162
vn -0.2516 0.9524 0.1722
vn -0.0297 0.9054 0.4235
vn 0.1356 0.8550 0.5006
vn 0.1583 0.8180 0.5530
vn 0.1145 0.8196 0.5614
vn -0.0528 0.8663 0.4968
vn -0.4057 0.9051 0.1276
vn -0.5855 0.8040 -0.1036
vn -0.6045 0.7644 0.2242
vn -0.5180 0.6279 0.5809
vn -0.4680 0.5110 0.7210
vn -0.4960 0.6504 0.5753
vn -0.3407 0.9281 0.1499
vn -0.2137 0.8542 -0.4740
vn -0.3517 0.4740 -0.8073
vn -0.5194 0.5727 -0.6342
vn -0.4958 0.7840 -0.3736
vn -0.3008 0.9526 0.0446
vn -0.0463 0.9773 0.2065
vn 0.1416 0.9899 -0.0048
vn 0.2051 0.9699 -0.1311
vn 0.2280 0.9338 -0.2758
vn 0.2711 0.8574 -0.4374
vn 0.2905 0.8100 -0.5095
vn 0.2565 0.8395 -0.4790
vn 0.1848 0.9068 -0.3788
vn 0.1149 0.9450 -0.3061
vn 0.0758 0.9535 -0.2918
vn 0.0488 0.9636 -0.2629
vn 0.0232 0.9803 -0.1963
vn 0.0061 0.9930 -0.1182
vn 0.0000 0.9983 -0.0577
vn -0.0003 0.9997 -0.0241
vn -0.0000 0.9999 -0.0119
vn 0.0074 0.9993 -0.0367
vn 0.0036 0.9985 0.0539
vn -0.0112 0.9798 0.1997
vn -0.0348 0.9553 0.2937
vn -0.0644 0.9317 0.3574
vn -0.0933 0.9035 0.4183
vn -0.0969 0.8363 0.5397
vn -0.0107 0.8265 0.5628
vn 0.1699 0.9252 0.3394
vn 0.3274 0.9449 0.0042
vn 0.3168 0.9345 -0.1621
vn 0.2015 0.9778 -0.0582
vn 0.1074 0.9908 0.0825
vn 0.1398 0.9832 0.1170
vn 0.3129 0.9445 0.0999
vn 0.5190 0.8459 0.1229
vn 0.6073 0.6830 0.4059
vn 0.3588 0.8745 0.3264
vn 0.1867 0.9218 -0.3398
vn -0.0498 0.7278 -0.6839
vn -0.3172 0.8559 -0.4085
vn -0.5224 0.8527 -0.0040
vn -0.5712 0.8030 -0.1700
vn -0.3968 0.3596 -0.8445
vn 0.1757 -0.0669 -0.9822
vn 0.1074 0.7627 -0.6378
vn -0.1179 0.9927 0.0266
vn -0.0394 0.9462 0.3212
vn 0.0095 0.8770 0.4804
vn -0.0061 0.8266 0.5627
vn -0.0393 0.8052 0.5917
vn -0.1853 0.7551 0.6288
vn -0.5275 0.7649 0.3696
vn -0.7106 0.7028 0.0333
vn -0.7289 0.6531 0.2054
vn -0.6213 0.5457 0.5623
vn -0.5440 0.4968 0.6763
vn -0.4831 0.8420 0.2400
vn -0.1616 0.9644 -0.2093
vn -0.0740 0.8799 -0.4693
vn -0.3984 0.6473 -0.6499
vn -0.6780 0.5291 -0.5102
vn -0.7471 0.5213 -0.4125
vn -0.7005 0.6890 -0.1861
vn -0.5792 0.8130 -0.0588
vn -0.3989 0.9040 -0.1538
vn -0.2645 0.9449 -0.1930
vn -0.1679 0.9259 -0.3384
vn -0.0670 0.8566 -0.5116
vn 0.0142 0.8346 -0.5506
vn 0.0572 0.8792 -0.4731
vn 0.0496 0.9399 -0.3380
vn 0.0057 0.9627 -0.2705
vn -0.0376 0.9618 -0.2713
vn -0.0592 0.9666 -0.2493
vn -0.0581 0.9797 -0.1920
vn -0.0428 0.9917 -0.1214
vn -0.0237 0.9976 -0.0646
vn -0.0086 0.9996 -0.0286
vn -0.0030 0.9999 -0.0142
vn 0.0006 0.9993 -0.0372
vn -0.0017 0.9983 0.0587
vn -0.0107 0.9772 0.2121
vn -0.0278 0.9505 0.3094
vn -0.0491 0.9258 0.3747
vn -0.0525 0.9053 0.4214
vn 0.0066 0.8610 0.5086
vn 0.1507 0.8683 0.4726
vn 0.3004 0.9271 0.2241
vn 0.3605 0.9322 -0.0322
vn 0.3397 0.9341 -0.1096
vn 0.2913 0.9566 -0.0026
vn 0.2447 0.9659 0.0849
vn 0.2082 0.9743 0.0857
vn 0.2364 0.9716 0.0001
vn 0.3837 0.9234 0.0102
vn 0.5859 0.7721 0.2463
vn 0.7345 0.5737 0.3625
vn 0.7629 0.6344 -0.1249
vn 0.5766 0.6996 -0.4220
vn 0.2988 0.9416 -0.1552
vn -0.0066 0.9867 0.1621
vn -0.0192 0.9872 -0.1583
vn -0.0439 0.5789 -0.8142
vn -0.0870 -0.2036 -0.9752
vn 0.1066 0.2868 -0.9521
vn 0.0499 0.9987 0.0069
vn -0.0478 0.9550 0.2927
vn -0.1209 0.8548 0.5047
vn -0.1894 0.7995 0.5701
vn -0.2634 0.7501 0.6066
vn -0.3520 0.6493 0.6742
vn -0.5426 0.6763 0.4983
vn -0.6332 0.7689 0.0881
vn -0.5861 0.7787 0.2240
vn -0.3306 0.6530 0.6814
vn -0.0694 0.7217 0.6887
vn 0.0866 0.9927 0.0834
vn 0.2054 0.9008 -0.3825
vn 0.1493 0.9296 -0.3368
vn -0.1244 0.9484 -0.2917
vn -0.5818 0.7894 -0.1959
vn -0.7885 0.5497 -0.2759
vn -0.8172 0.4856 -0.3105
vn -0.7912 0.5645 -0.2352
vn -0.7014 0.6588 -0.2722
vn -0.5997 0.7493 -0.2809
vn -0.4665 0.7919 -0.3942
vn -0.3064 0.7753 -0.5522
vn -0.1793 0.7880 -0.5890
vn -0.0986 0.8630 -0.4956
vn -0.0617 0.9418 -0.3305
vn -0.0703 0.9686 -0.2386
vn -0.1060 0.9640 -0.2441
vn -0.1253 0.9615 -0.2444
vn -0.1120 0.9719 -0.2069
vn -0.0783 0.9865 -0.1437
vn -0.0413 0.9955 -0.0852
vn -0.0144 0.9991 -0.0403
vn -0.0048 0.9998 -0.0202
vn -0.0051 0.9992 -0.0385
vn -0.0045 0.9982 0.0600
vn -0.0072 0.9758 0.2186
vn -0.0229 0.9458 0.3239
vn -0.0503 0.9190 0.3911
vn -0.0685 0.9048 0.4203
vn -0.0220 0.8891 0.4572
vn 0.1324 0.9169 0.3766
vn 0.3151 0.9392 0.1366
vn 0.4017 0.9145 -0.0483
vn 0.3923 0.9165 -0.0785
vn 0.3554 0.9346 0.0146
vn 0.3669 0.9287 0.0536
vn 0.3822 0.9213 0.0722
vn 0.2987 0.9543 -0.0099
vn 0.3023 0.9504 -0.0738
vn 0.4642 0.8834 0.0650
vn 0.6371 0.7519 0.1695
vn 0.7484 0.6632 0.0098
vn 0.6799 0.7221 -0.1278
vn 0.5144 0.8523 0.0949
vn 0.4107 0.8834 0.2257
vn 0.4888 0.8568 -0.1644
vn 0.4248 0.5477 -0.7208
vn 0.2065 -0.0242 -0.9782
vn 0.0818 0.3988 -0.9134
vn 0.1503 0.9861 0.0705
vn -0.0054 0.9428 0.3334
vn -0.1339 0.8254 0.5485
vn -0.2571 0.7493 0.6103
vn -0.3566 0.6839 0.6364
vn -0.3334 0.6258 0.7052
vn -0.2558 0.7927 0.5534
vn -0.2067 0.9729 0.1041
vn -0.2311 0.9473 0.2219
vn -0.1398 0.7651 0.6285
vn 0.0979 0.8344 0.5424
vn 0.3990 0.9163 -0.0352
vn 0.3732 0.8752 -0.3078
vn 0.2580 0.9506 -0.1729
vn 0.0466 0.9948 0.0909
vn -0.3293 0.9020 0.2792
vn -0.6504 0.7552 0.0818
vn -0.7437 0.5768 -0.3380
vn -0.7382 0.5589 -0.3778
vn -0.7108 0.5924 -0.3792
vn -0.6538 0.6468 -0.3928
vn -0.5258 0.6963 -0.4886
vn -0.3782 0.7064 -0.5984
vn -0.3002 0.7334 -0.6099
vn -0.2595 0.8147 -0.5186
vn -0.2037 0.9111 -0.3583
vn -0.1513 0.9591 -0.2391
vn -0.1417 0.9647 -0.2219
vn -0.1553 0.9584 -0.2396
vn -0.1432 0.9626 -0.2300
vn -0.0996 0.9787 -0.1797
vn -0.0497 0.9920 -0.1157
vn -0.0162 0.9983 -0.0562
vn -0.0051 0.9996 -0.0279
vn -0.0113 0.9991 -0.0409
vn -0.0098 0.9983 0.0582
vn -0.0107 0.9749 0.2223
vn -0.0150 0.9429 0.3329
vn -0.0184 0.9162 0.4003
vn -0.0306 0.9037 0.4270
vn 0.0010 0.9147 0.4041
vn 0.1392 0.9567 0.2557
vn 0.2905 0.9558 0.0456
vn 0.3597 0.9307 -0.0668
vn 0.3698 0.9273 -0.0579
vn 0.3581 0.9332 0.0312
vn 0.3594 0.9328 0.0273
vn 0.4107 0.9109 0.0408
vn 0.4297 0.9025 0.0291
vn 0.3987 0.9101 -0.1134
vn 0.4267 0.8948 -0.1315
vn 0.4554 0.8900 -0.0215
vn 0.4363 0.8996 0.0206
vn 0.3486 0.9372 0.0143
vn 0.2827 0.9467 0.1546
vn 0.3672 0.9119 0.1834
vn 0.5253 0.8147 -0.2455
vn 0.5249 0.5143 -0.6782
vn 0.0915 -0.0118 -0.9957
vn -0.0378 0.6132 -0.7891
vn 0.1082 0.9854 0.1313
vn -0.0373 0.9093 0.4146
vn -0.1861 0.7862 0.5893
vn -0.2874 0.6976 0.6563
vn -0.3406 0.6664 0.6633
vn -0.3112 0.6663 0.6776
vn -0.1915 0.8357 0.5148
vn -0.0769 0.9901 0.1173
vn -0.1414 0.9515 0.2733
vn -0.1041 0.8379 0.5359
vn 0.1681 0.9595 0.2261
vn 0.4244 0.8877 -0.1788
vn 0.4725 0.8608 -0.1890
vn 0.3173 0.9474 0.0414
vn 0.0719 0.9428 0.3255
vn -0.0512 0.8458 0.5311
vn -0.0676 0.9643 0.2562
vn -0.0266 0.9357 -0.3518
vn -0.0493 0.8405 -0.5395
vn -0.2507 0.8789 -0.4057
vn -0.4682 0.7491 -0.4686
vn -0.4583 0.6774 -0.5755
vn -0.3932 0.6718 -0.6278
vn -0.4001 0.6974 -0.5946
vn -0.4093 0.7437 -0.5286
vn -0.3511 0.8373 -0.4192
vn -0.2428 0.9239 -0.2958
vn -0.1654 0.9596 -0.2276
vn -0.1479 0.9606 -0.2353
vn -0.1326 0.9578 -0.2550
vn -0.0899 0.9710 -0.2214
vn -0.0431 0.9880 -0.1482
vn -0.0135 0.9973 -0.0721
vn -0.0039 0.9994 -0.0348
vn -0.0189 0.9989 -0.0425
vn -0.0185 0.9982 0.0565
vn -0.0148 0.9751 0.2214
vn 0.0041 0.9464 0.3230
vn 0.0305 0.9200 0.3907
vn 0.0417 0.9027 0.4283
vn 0.0838 0.9338 0.3478
vn 0.1859 0.9708 0.1517
vn 0.2439 0.9698 0.0062
vn 0.1976 0.9798 -0.0316
vn 0.1407 0.9897 -0.0258
vn 0.1530 0.9871 0.0470
vn 0.1923 0.9803 0.0458
vn 0.1921 0.9794 0.0628
vn 0.2172 0.9736 0.0703
vn 0.2348 0.9657 -0.1105
vn 0.1814 0.9693 -0.1660
vn 0.0770 0.9970 -0.0122
vn -0.0324 0.9952 0.0921
vn -0.0503 0.9977 0.0465
vn 0.0694 0.9945 0.0782
vn 0.2564 0.9648 0.0584
vn 0.3755 0.8792 -0.2932
vn 0.2612 0.5633 -0.7839
vn -0.0516 0.3378 -0.9398
vn 0.0094 0.8922 -0.4516
vn 0.1218 0.9680 0.2193
vn -0.0708 0.8535 0.5162
vn -0.1897 0.7625 0.6185
vn -0.2084 0.6824 0.7006
vn -0.3145 0.6370 0.7038
vn -0.4347 0.6275 0.6459
vn -0.5258 0.7960 0.2997
vn -0.3640 0.9314 -0.0050
vn -0.1095 0.9748 0.1945
vn 0.2947 0.9117 0.2861
vn 0.5756 0.8178 -0.0011
vn 0.6379 0.7400 -0.2134
vn 0.6361 0.7657 -0.0952
vn 0.5737 0.7911 0.2122
vn 0.4298 0.7998 0.4190
vn 0.4298 0.7710 0.4700
vn 0.5979 0.7811 0.1800
vn 0.7092 0.6260 -0.3244
vn 0.6941 0.6932 -0.1939
vn 0.4212 0.9040 -0.0727
vn 0.0493 0.9447 -0.3243
vn -0.1484 0.7738 -0.6158
vn -0.2165 0.7159 -0.6637
vn -0.3224 0.7504 -0.5771
vn -0.4028 0.7390 -0.5400
vn -0.3828 0.7804 -0.4945
vn -0.2784 0.8769 -0.3918
vn -0.1664 0.9467 -0.2759
vn -0.1016 0.9631 -0.2492
vn -0.0722 0.9586 -0.2756
vn -0.0486 0.9665 -0.2522
vn -0.0236 0.9847 -0.1725
vn -0.0066 0.9965 -0.0834
vn -0.0014 0.9992 -0.0388
vn -0.0244 0.9988 -0.0433
vn -0.0253 0.9981 0.0561
vn -0.0241 0.9757 0.2177
vn -0.0116 0.9518 0.3066
vn 0.0059 0.9255 0.3787
vn 0.0085 0.9014 0.4328
vn 0.0010 0.9419 0.3359
vn -0.0075 0.9913 0.1316
vn -0.0561 0.9967 0.0591
vn -0.1558 0.9851 0.0733
vn -0.2172 0.9759 0.0216
vn -0.1813 0.9823 0.0472
vn -0.1535 0.9828 0.1023
vn -0.1800 0.9739 0.1379
vn -0.1896 0.9777 0.0902
vn -0.1777 0.9789 -0.1005
vn -0.2128 0.9714 -0.1056
vn -0.2649 0.9635 0.0382
vn -0.2294 0.9690 0.0915
vn -0.0678 0.9963 -0.0532
vn 0.1459 0.9850 -0.0920
vn 0.2871 0.9570 -0.0421
vn 0.3466 0.9008 -0.2616
vn 0.4102 0.5509 -0.7269
vn 0.3549 0.4017 -0.8442
vn 0.2383 0.9114 -0.3355
vn 0.0464 0.9507 0.3067
vn -0.1190 0.8012 0.5865
vn -0.1596 0.7838 0.6002
vn -0.1093 0.7000 0.7057
vn -0.1920 0.5847 0.7882
vn -0.3748 0.5814 0.7221
vn -0.4355 0.8855 0.1621
vn -0.2343 0.9328 -0.2739
vn 0.1452 0.9732 -0.1786
vn 0.5334 0.8360 -0.1287
vn 0.6719 0.7283 -0.1349
vn 0.6790 0.7113 -0.1818
vn 0.6616 0.7476 -0.0582
vn 0.6268 0.7454 0.2271
vn 0.6131 0.6863 0.3914
vn 0.6740 0.6656 0.3205
vn 0.7754 0.6301 -0.0407
vn 0.7566 0.5746 -0.3121
vn 0.7532 0.6577 -0.0027
vn 0.6100 0.7305 0.3070
vn 0.3513 0.9357 -0.0315
vn -0.0090 0.8342 -0.5514
vn -0.2007 0.7583 -0.6202
vn -0.2849 0.7922 -0.5397
vn -0.3349 0.7785 -0.5309
vn -0.3392 0.7650 -0.5475
vn -0.2786 0.8322 -0.4794
vn -0.1799 0.9195 -0.3495
vn -0.0866 0.9528 -0.2910
vn -0.0347 0.9555 -0.2929
vn -0.0170 0.9639 -0.2656
vn -0.0071 0.9826 -0.1855
vn -0.0003 0.9961 -0.0883
vn 0.0010 0.9992 -0.0391
vn -0.0280 0.9986 -0.0455
vn -0.0305 0.9979 0.0574
vn -0.0373 0.9749 0.2195
vn -0.0454 0.9517 0.3035
vn -0.0641 0.9204 0.3857
vn -0.0979 0.8874 0.4504
vn -0.1499 0.9207 0.3603
vn -0.2343 0.9543 0.1857
vn -0.3411 0.9283 0.1483
vn -0.4182 0.8961 0.1484
vn -0.3964 0.9181 0.0017
vn -0.2704 0.9625 -0.0230
vn -0.1829 0.9764 0.1147
vn -0.2126 0.9577 0.1939
vn -0.2890 0.9471 0.1394
vn -0.3999 0.9165 -0.0133
vn -0.4750 0.8784 -0.0524
vn -0.4016 0.9148 -0.0419
vn -0.1714 0.9828 -0.0684
vn 0.1143 0.9692 -0.2179
vn 0.3330 0.9090 -0.2507
vn 0.4286 0.8976 -0.1030
vn 0.5309 0.8078 -0.2563
vn 0.6262 0.3767 -0.6826
vn 0.6132 0.3556 -0.7054
vn 0.2585 0.9578 -0.1255
vn -0.1164 0.8954 0.4299
vn -0.2308 0.7545 0.6144
vn -0.2964 0.7843 0.5450
vn -0.2076 0.7315 0.6495
vn -0.0783 0.5890 0.8043
vn -0.0447 0.6022 0.7971
vn 0.0288 0.9847 0.1717
vn 0.1431 0.8883 -0.4364
vn 0.2788 0.8544 -0.4386
vn 0.3790 0.8489 -0.3685
vn 0.4002 0.8854 -0.2365
vn 0.3566 0.9168 -0.1799
vn 0.2871 0.9557 -0.0656
vn 0.2932 0.9328 0.2095
vn 0.3543 0.8568 0.3748
vn 0.4894 0.8325 0.2597
vn 0.5905 0.7880 -0.1741
vn 0.5185 0.7681 -0.3758
vn 0.5067 0.8615 0.0314
vn 0.4659 0.7550 0.4614
vn 0.2955 0.9041 0.3086
vn -0.1261 0.9570 -0.2613
vn -0.4105 0.7438 -0.5275
vn -0.4443 0.7393 -0.5059
vn -0.3970 0.7570 -0.5189
vn -0.3490 0.7485 -0.5639
vn -0.3141 0.7892 -0.5277
vn -0.2472 0.8724 -0.4217
vn -0.1421 0.9239 -0.3552
vn -0.0572 0.9447 -0.3228
vn -0.0172 0.9610 -0.2762
vn -0.0024 0.9812 -0.1929
vn 0.0022 0.9960 -0.0893
vn 0.0022 0.9993 -0.0367
vn -0.0299 0.9983 -0.0506
vn -0.0308 0.9978 0.0582
vn -0.0374 0.9733 0.2263
vn -0.0502 0.9492 0.3107
vn -0.0667 0.9133 0.4018
vn -0.0823 0.8809 0.4660
vn -0.1040 0.9179 0.3830
vn -0.1790 0.9474 0.2652
vn -0.3003 0.9216 0.2460
vn -0.3619 0.9173 0.1659
vn -0.3095 0.9471 -0.0853
vn -0.1442 0.9718 -0.1868
vn 0.0174 0.9996 0.0206
vn 0.0127 0.9717 0.2358
vn -0.1506 0.9520 0.2667
vn -0.3394 0.9314 0.1316
vn -0.3853 0.9204 -0.0666
vn -0.2439 0.9405 -0.2364
vn 0.0045 0.9560 -0.2932
vn 0.2188 0.9020 -0.3721
vn 0.3531 0.8564 -0.3768
vn 0.4410 0.8748 -0.2004
vn 0.6459 0.6336 -0.4259
vn 0.6475 0.2707 -0.7123
vn 0.5494 0.6684 -0.5014
vn 0.1548 0.9822 0.1061
vn -0.1331 0.8049 0.5783
vn -0.3242 0.6815 0.6561
vn -0.4447 0.7318 0.5164
vn -0.3626 0.7639 0.5338
vn -0.0932 0.6845 0.7230
vn 0.2118 0.5874 0.7811
vn 0.4246 0.8683 0.2563
vn 0.3140 0.8849 -0.3439
vn 0.0396 0.9008 -0.4323
vn -0.1881 0.9099 -0.3697
vn -0.2989 0.9167 -0.2654
vn -0.3253 0.9249 -0.1969
vn -0.3192 0.9427 -0.0967
vn -0.2804 0.9486 0.1468
vn -0.2354 0.9234 0.3031
vn -0.1768 0.9657 0.1901
vn -0.1641 0.9579 -0.2357
vn -0.1441 0.8820 -0.4488
vn -0.0646 0.9964 -0.0545
vn 0.1009 0.8928 0.4390
vn 0.2335 0.8386 0.4921
vn 0.1007 0.9944 0.0329
vn -0.1628 0.9078 -0.3866
vn -0.3852 0.7719 -0.5058
vn -0.4056 0.7321 -0.5473
vn -0.3698 0.7324 -0.5717
vn -0.3570 0.7572 -0.5470
vn -0.3117 0.8175 -0.4843
vn -0.2081 0.8782 -0.4306
vn -0.1047 0.9224 -0.3717
vn -0.0395 0.9533 -0.2993
vn -0.0073 0.9791 -0.2034
vn 0.0027 0.9960 -0.0895
vn 0.0029 0.9995 -0.0327
vn -0.0306 0.9977 -0.0597
vn -0.0234 0.9984 0.0512
vn -0.0064 0.9751 0.2217
vn 0.0119 0.9517 0.3068
vn 0.0343 0.9183 0.3943
vn 0.0635 0.8887 0.4542
vn 0.0727 0.9171 0.3921
vn -0.0027 0.9381 0.3463
vn -0.1342 0.9297 0.3429
vn -0.1623 0.9757 0.1473
vn -0.0751 0.9815 -0.1762
vn 0.0208 0.9503 -0.3107
vn 0.0752 0.9932 -0.0894
vn 0.0580 0.9624 0.2654
vn -0.0412 0.9216 0.3859
vn -0.1300 0.9655 0.2254
vn -0.1292 0.9868 -0.0973
vn -0.0501 0.9304 -0.3631
vn 0.0134 0.9116 -0.4109
vn 0.0462 0.8830 -0.4671
vn 0.1101 0.8529 -0.5103
vn 0.2507 0.8869 -0.3881
vn 0.4512 0.5636 -0.6920
vn 0.4413 0.5502 -0.7088
vn 0.3220 0.9292 -0.1816
vn 0.0935 0.9511 0.2944
vn -0.1616 0.7245 0.6701
vn -0.3714 0.6016 0.7072
vn -0.5176 0.6844 0.5135
vn -0.4997 0.7815 0.3734
vn -0.3097 0.7733 0.5533
vn -0.0532 0.7153 0.6968
vn 0.2733 0.8636 0.4237
vn 0.1697 0.9851 -0.0291
vn -0.2571 0.9551 -0.1473
vn -0.5853 0.8055 -0.0932
vn -0.7195 0.6802 -0.1404
vn -0.6964 0.6760 -0.2408
vn -0.6476 0.7501 -0.1342
vn -0.6434 0.7600 0.0917
vn -0.6305 0.7536 0.1860
vn -0.6261 0.7716 0.1127
vn -0.6356 0.7577 -0.1477
vn -0.5742 0.7018 -0.4216
vn -0.4818 0.8453 -0.2308
vn -0.2135 0.9518 0.2203
vn 0.1619 0.9070 0.3887
vn 0.3887 0.9136 0.1197
vn 0.3347 0.9194 -0.2066
vn 0.1368 0.9041 -0.4049
vn -0.0964 0.8274 -0.5532
vn -0.2499 0.7763 -0.5787
vn -0.2911 0.7680 -0.5705
vn -0.2696 0.7969 -0.5407
vn -0.2012 0.8412 -0.5020
vn -0.1159 0.8959 -0.4289
vn -0.0458 0.9409 -0.3356
vn -0.0059 0.9758 -0.2185
vn 0.0045 0.9960 -0.0891
vn 0.0038 0.9996 -0.0276
vn -0.0317 0.9969 -0.0715
vn -0.0165 0.9993 0.0321
vn 0.0268 0.9810 0.1919
vn 0.0853 0.9580 0.2739
vn 0.1509 0.9251 0.3485
vn 0.2135 0.8872 0.4089
vn 0.2235 0.8901 0.3972
vn 0.1201 0.8910 0.4378
vn -0.0268 0.8977 0.4398
vn -0.0744 0.9850 0.1557
vn -0.0326 0.9758 -0.2161
vn -0.0224 0.9446 -0.3274
vn -0.0649 0.9924 -0.1050
vn -0.1043 0.9557 0.2751
vn -0.1108 0.8968 0.4284
vn -0.0885 0.9615 0.2602
vn -0.0245 0.9927 -0.1178
vn 0.0174 0.9234 -0.3836
vn -0.0515 0.9223 -0.3830
vn -0.1623 0.8899 -0.4263
vn -0.1863 0.8029 -0.5663
vn -0.0737 0.8075 -0.5852
vn 0.1412 0.5549 -0.8198
vn 0.1527 0.7172 -0.6800
vn -0.0037 0.9990 -0.0452
vn -0.1355 0.9118 0.3876
vn -0.2794 0.6630 0.6945
vn -0.3007 0.5871 0.7515
vn -0.3095 0.7712 0.5563
vn -0.3560 0.8722 0.3355
vn -0.3469 0.8179 0.4590
vn -0.2206 0.8027 0.5540
vn 0.0139 0.9450 0.3268
vn 0.2019 0.9658 0.1630
vn 0.0633 0.9774 0.2018
vn -0.2086 0.9334 0.2919
vn -0.3540 0.9341 0.0472
vn -0.5186 0.8144 -0.2604
vn -0.6639 0.7362 -0.1310
vn -0.7042 0.7060 0.0753
vn -0.6623 0.7432 0.0953
vn -0.5619 0.8266 0.0320
vn -0.4327 0.8832 -0.1808
vn -0.4153 0.7985 -0.4358
vn -0.4606 0.7914 -0.4019
vn -0.2870 0.9523 -0.1036
vn 0.1412 0.9874 0.0717
vn 0.4676 0.8839 -0.0082
vn 0.5724 0.8097 -0.1296
vn 0.5277 0.8132 -0.2454
vn 0.3536 0.8497 -0.3911
vn 0.1684 0.8390 -0.5175
vn 0.0463 0.8202 -0.5702
vn -0.0569 0.8315 -0.5526
vn -0.1037 0.8347 -0.5409
vn -0.0739 0.8760 -0.4766
vn -0.0249 0.9288 -0.3697
vn 0.0022 0.9730 -0.2307
vn 0.0063 0.9962 -0.0870
vn 0.0043 0.9998 -0.0213
vn -0.0344 0.9960 -0.0830
vn -0.0159 0.9999 0.0048
vn 0.0379 0.9889 0.1438
vn 0.1138 0.9690 0.2195
vn 0.2000 0.9383 0.2822
vn 0.2762 0.8943 0.3521
vn 0.2903 0.8648 0.4096
vn 0.2290 0.8352 0.5001
vn 0.1892 0.8653 0.4642
vn 0.1605 0.9709 0.1775
vn 0.0216 0.9898 -0.1412
vn -0.1462 0.9540 -0.2617
vn -0.2587 0.9640 -0.0609
vn -0.2927 0.9141 0.2808
vn -0.2378 0.8882 0.3931
vn -0.1474 0.9619 0.2302
vn -0.0777 0.9890 -0.1261
vn -0.0595 0.9283 -0.3670
vn -0.1114 0.9439 -0.3109
vn -0.1833 0.9240 -0.3358
vn -0.2564 0.8199 -0.5119
vn -0.3205 0.7211 -0.6142
vn -0.2634 0.5264 -0.8084
vn -0.1109 0.7316 -0.6726
vn -0.1572 0.9875 0.0081
vn -0.2744 0.8515 0.4468
vn -0.2661 0.6855 0.6777
vn -0.0730 0.6610 0.7468
vn 0.1430 0.7440 0.6527
vn 0.1884 0.8967 0.4005
vn 0.1396 0.8818 0.4504
vn 0.1849 0.8466 0.4992
vn 0.3441 0.9227 0.1739
vn 0.5525 0.8328 0.0347
vn 0.5940 0.7603 0.2629
vn 0.4702 0.7590 0.4503
vn 0.2841 0.9148 0.2872
vn 0.0232 0.9989 -0.0401
vn -0.2842 0.9585 0.0226
vn -0.3206 0.9450 0.0651
vn -0.2207 0.9752 -0.0143
vn -0.1189 0.9894 -0.0833
vn -0.0448 0.9688 -0.2436
vn -0.1078 0.9246 -0.3653
vn -0.2614 0.8695 -0.4190
vn -0.2299 0.9013 -0.3672
vn 0.0862 0.9537 -0.2883
vn 0.3932 0.8906 -0.2283
vn 0.5095 0.8424 -0.1754
vn 0.5196 0.8337 -0.1871
vn 0.5137 0.8104 -0.2817
vn 0.4655 0.7800 -0.4183
vn 0.3471 0.8252 -0.4457
vn 0.1666 0.8709 -0.4623
vn 0.0190 0.8536 -0.5206
vn -0.0204 0.8660 -0.4996
vn -0.0032 0.9205 -0.3908
vn 0.0101 0.9716 -0.2363
vn 0.0086 0.9965 -0.0826
vn 0.0050 0.9999 -0.0141
vn -0.0394 0.9952 -0.0894
vn -0.0230 0.9995 -0.0231
vn 0.0289 0.9955 0.0902
vn 0.1047 0.9817 0.1589
vn 0.1882 0.9584 0.2144
vn 0.2664 0.9171 0.2965
vn 0.3164 0.8625 0.3950
vn 0.3574 0.8064 0.4712
vn 0.4291 0.8084 0.4029
vn 0.4551 0.8689 0.1945
vn 0.3436 0.9391 -0.0016
vn 0.1214 0.9878 -0.0973
vn -0.1213 0.9926 0.0009
vn -0.1803 0.9487 0.2596
vn -0.1057 0.9382 0.3295
vn -0.0727 0.9727 0.2204
vn -0.1912 0.9815 -0.0063
vn -0.3653 0.8939 -0.2598
vn -0.3904 0.8669 -0.3100
vn -0.2921 0.8895 -0.3514
vn -0.2074 0.8616 -0.4632
vn -0.2241 0.7932 -0.5663
vn -0.2300 0.5622 -0.7944
vn -0.2210 0.7077 -0.6711
vn -0.1015 0.9948 -0.0092
vn -0.1024 0.8937 0.4367
vn -0.0771 0.7501 0.6569
vn 0.1273 0.7360 0.6649
vn 0.3247 0.7348 0.5955
vn 0.4477 0.7719 0.4514
vn 0.5170 0.7849 0.3414
vn 0.5899 0.7240 0.3575
vn 0.7014 0.7045 0.1080
vn 0.7300 0.6827 -0.0314
vn 0.6809 0.7008 0.2127
vn 0.5804 0.6575 0.4804
vn 0.5162 0.7156 0.4706
vn 0.3881 0.8838 0.2611
vn 0.2300 0.9554 0.1854
vn 0.2567 0.9665 0.0056
vn 0.3804 0.9194 -0.1000
vn 0.4005 0.9090 -0.1154
vn 0.3970 0.8881 -0.2316
vn 0.3251 0.9249 -0.1969
vn 0.1604 0.9444 -0.2871
vn 0.0423 0.9013 -0.4312
vn 0.0657 0.8821 -0.4665
vn 0.1853 0.9080 -0.3758
vn 0.2716 0.9330 -0.2362
vn 0.3249 0.9179 -0.2276
vn 0.3653 0.8685 -0.3351
vn 0.3603 0.8408 -0.4040
vn 0.3194 0.8775 -0.3577
vn 0.2527 0.8951 -0.3673
vn 0.1647 0.8726 -0.4598
vn 0.0874 0.8697 -0.4858
vn 0.0519 0.9186 -0.3918
vn 0.0333 0.9728 -0.2290
vn 0.0134 0.9972 -0.0731
vn 0.0046 1.0000 -0.0067
vn -0.0444 0.9952 -0.0873
vn -0.0326 0.9984 -0.0456
vn 0.0091 0.9991 0.0405
vn 0.0737 0.9919 0.1031
vn 0.1510 0.9770 0.1502
vn 0.2417 0.9430 0.2286
vn 0.3331 0.8821 0.3332
vn 0.4176 0.8170 0.3976
vn 0.4878 0.7946 0.3614
vn 0.5330 0.8213 0.2035
vn 0.5466 0.8338 0.0773
vn 0.4567 0.8824 0.1135
vn 0.2264 0.9640 0.1393
vn 0.1033 0.9766 0.1886
vn 0.1497 0.9533 0.2624
vn 0.0952 0.9519 0.2911
vn -0.1515 0.9569 0.2479
vn -0.3727 0.9264 -0.0547
vn -0.3872 0.8410 -0.3780
vn -0.2273 0.8338 -0.5032
vn -0.0181 0.8527 -0.5221
vn 0.0951 0.8331 -0.5449
vn 0.1425 0.5726 -0.8073
vn 0.1235 0.6666 -0.7351
vn 0.0621 0.9957 -0.0688
vn 0.0039 0.9123 0.4095
vn 0.0555 0.7990 0.5988
vn 0.2001 0.7931 0.5753
vn 0.3232 0.7752 0.5428
vn 0.4214 0.7798 0.4631
vn 0.5346 0.7949 0.2870
vn 0.6465 0.7380 0.1933
vn 0.7322 0.6737 0.1007
vn 0.7136 0.6993 0.0422
vn 0.5984 0.7594 0.2554
vn 0.4943 0.7138 0.4961
vn 0.5103 0.6776 0.5296
vn 0.5326 0.7372 0.4159
vn 0.4961 0.8321 0.2481
vn 0.4848 0.8740 -0.0325
vn 0.4750 0.8703 -0.1303
vn 0.5352 0.8266 -0.1739
vn 0.5844 0.7857 -0.2029
vn 0.5705 0.8200 -0.0470
vn 0.4982 0.8565 -0.1346
vn 0.3912 0.8578 -0.3333
vn 0.2776 0.8569 -0.4343
vn 0.1839 0.9009 -0.3932
vn 0.1720 0.9451 -0.2779
vn 0.2086 0.9398 -0.2707
vn 0.2120 0.9052 -0.3683
vn 0.1958 0.8910 -0.4096
vn 0.2154 0.9090 -0.3569
vn 0.2517 0.9006 -0.3544
vn 0.2415 0.8784 -0.4125
vn 0.1786 0.8813 -0.4375
vn 0.1105 0.9259 -0.3613
vn 0.0553 0.9781 -0.2005
vn 0.0157 0.9983 -0.0559
vn 0.0020 1.0000 -0.0016
vn -0.0450 0.9959 -0.0783
vn -0.0383 0.9974 -0.0602
vn -0.0075 1.0000 -0.0012
vn 0.0463 0.9974 0.0549
vn 0.1105 0.9896 0.0921
vn 0.1883 0.9694 0.1576
vn 0.2780 0.9248 0.2595
vn 0.3716 0.8667 0.3328
vn 0.4530 0.8275 0.3318
vn 0.5001 0.8378 0.2189
vn 0.5025 0.8599 0.0903
vn 0.4853 0.8527 0.1935
vn 0.4067 0.8633 0.2988
vn 0.2757 0.9400 0.2007
vn 0.2370 0.9501 0.2027
vn 0.2258 0.9089 0.3506
vn 0.1118 0.8997 0.4220
vn 0.0338 0.9972 0.0674
vn 0.0327 0.9138 -0.4049
vn 0.0793 0.7999 -0.5949
vn 0.1549 0.7938 -0.5881
vn 0.2087 0.8011 -0.5609
vn 0.1070 0.6005 -0.7925
vn 0.0423 0.6975 -0.7154
vn 0.0138 0.9937 -0.1115
vn 0.0082 0.9354 0.3535
vn 0.0737 0.8477 0.5253
vn 0.1765 0.8385 0.5155
vn 0.2681 0.8243 0.4987
vn 0.4062 0.8110 0.4211
vn 0.5352 0.8063 0.2519
vn 0.5981 0.7939 0.1094
vn 0.6156 0.7829 0.0896
vn 0.5760 0.8034 0.1507
vn 0.4738 0.8173 0.3278
vn 0.4149 0.7704 0.4842
vn 0.4847 0.7229 0.4925
vn 0.5809 0.6964 0.4214
vn 0.6200 0.7282 0.2922
vn 0.5976 0.8000 0.0547
vn 0.5330 0.8402 -0.0995
vn 0.5211 0.8157 -0.2511
vn 0.5515 0.8026 -0.2273
vn 0.5798 0.8141 -0.0333
vn 0.5918 0.8023 -0.0781
vn 0.5580 0.7986 -0.2253
vn 0.4632 0.8304 -0.3096
vn 0.3588 0.8822 -0.3050
vn 0.2917 0.9181 -0.2682
vn 0.2822 0.9160 -0.2851
vn 0.2711 0.8976 -0.3475
vn 0.2350 0.8903 -0.3901
vn 0.2149 0.9043 -0.3688
vn 0.2202 0.9002 -0.3756
vn 0.2221 0.8903 -0.3976
vn 0.1897 0.9007 -0.3909
vn 0.1252 0.9420 -0.3113
vn 0.0585 0.9858 -0.1574
vn 0.0141 0.9993 -0.0347
vn 0.0001 1.0000 -0.0000
vn -0.0420 0.9968 -0.0673
vn -0.0413 0.9970 -0.0661
vn -0.0242 0.9992 -0.0325
vn 0.0162 0.9998 0.0144
vn 0.0667 0.9967 0.0462
vn 0.1270 0.9870 0.0987
vn 0.2008 0.9606 0.1920
vn 0.2860 0.9196 0.2691
vn 0.3724 0.8822 0.2881
vn 0.4308 0.8715 0.2344
vn 0.4146 0.8992 0.1396
vn 0.3883 0.9035 0.1815
vn 0.4239 0.8460 0.3235
vn 0.4285 0.8596 0.2784
vn 0.3360 0.9205 0.1994
vn 0.2752 0.8973 0.3451
vn 0.3203 0.8504 0.4174
vn 0.4314 0.8984 0.0818
vn 0.4584 0.8176 -0.3484
vn 0.3770 0.7721 -0.5116
vn 0.2527 0.7814 -0.5706
vn 0.1920 0.8038 -0.5631
vn 0.1069 0.6970 -0.7091
vn -0.0276 0.6928 -0.7206
vn -0.0364 0.9827 -0.1813
vn 0.0312 0.9526 0.3027
vn 0.1040 0.8815 0.4606
vn 0.1586 0.8613 0.4827
vn 0.2484 0.8631 0.4397
vn 0.3587 0.8609 0.3609
vn 0.4337 0.8643 0.2549
vn 0.4535 0.8820 0.1282
vn 0.4199 0.9016 0.1041
vn 0.3657 0.9061 0.2126
vn 0.3244 0.8740 0.3618
vn 0.3557 0.8247 0.4398
vn 0.4550 0.7845 0.4213
vn 0.5561 0.7469 0.3645
vn 0.6305 0.7171 0.2971
vn 0.6687 0.7278 0.1524
vn 0.6502 0.7595 -0.0209
vn 0.6022 0.7675 -0.2198
vn 0.5727 0.7878 -0.2266
vn 0.5864 0.8066 -0.0743
vn 0.5902 0.8044 -0.0681
vn 0.5514 0.8183 -0.1623
vn 0.5034 0.8318 -0.2340
vn 0.4711 0.8515 -0.2303
vn 0.4502 0.8620 -0.2329
vn 0.4515 0.8480 -0.2775
vn 0.4508 0.8369 -0.3103
vn 0.4080 0.8538 -0.3233
vn 0.3229 0.8912 -0.3185
vn 0.2434 0.9002 -0.3611
vn 0.2078 0.8965 -0.3914
vn 0.1787 0.9181 -0.3537
vn 0.1198 0.9594 -0.2553
vn 0.0521 0.9925 -0.1109
vn 0.0109 0.9998 -0.0156
vn -0.0380 0.9977 -0.0566
vn -0.0427 0.9971 -0.0630
vn -0.0393 0.9979 -0.0515
vn -0.0131 0.9998 -0.0175
vn 0.0247 0.9996 0.0114
vn 0.0706 0.9961 0.0530
vn 0.1299 0.9823 0.1346
vn 0.1995 0.9569 0.2109
vn 0.2701 0.9323 0.2406
vn 0.3322 0.9163 0.2237
vn 0.3548 0.9158 0.1880
vn 0.3451 0.9217 0.1768
vn 0.3948 0.8878 0.2367
vn 0.4975 0.8266 0.2631
vn 0.5116 0.8254 0.2388
vn 0.4430 0.8398 0.3139
vn 0.4839 0.8196 0.3069
vn 0.6215 0.7834 -0.0051
vn 0.6473 0.7115 -0.2735
vn 0.5818 0.7308 -0.3570
vn 0.4826 0.7516 -0.4496
vn 0.4171 0.7604 -0.4978
vn 0.3741 0.6645 -0.6469
vn 0.3012 0.6901 -0.6580
vn 0.1702 0.9713 -0.1660
vn 0.0603 0.9593 0.2758
vn 0.0462 0.9066 0.4194
vn 0.0538 0.8815 0.4691
vn 0.1200 0.9157 0.3836
vn 0.1664 0.9201 0.3547
vn 0.1546 0.9438 0.2922
vn 0.1597 0.9732 0.1656
vn 0.1606 0.9784 0.1301
vn 0.1524 0.9636 0.2196
vn 0.1752 0.9240 0.3400
vn 0.2362 0.8895 0.3912
vn 0.3170 0.8717 0.3738
vn 0.4108 0.8546 0.3177
vn 0.4919 0.8256 0.2764
vn 0.5602 0.8091 0.1775
vn 0.6072 0.7945 0.0043
vn 0.6027 0.7810 -0.1637
vn 0.5605 0.8046 -0.1960
vn 0.5192 0.8512 -0.0761
vn 0.4902 0.8701 -0.0511
vn 0.4832 0.8623 -0.1516
vn 0.4889 0.8435 -0.2224
vn 0.5045 0.8342 -0.2227
vn 0.5257 0.8188 -0.2309
vn 0.5297 0.8040 -0.2701
vn 0.5170 0.8075 -0.2840
vn 0.4845 0.8384 -0.2498
vn 0.4162 0.8798 -0.2295
vn 0.3209 0.8979 -0.3013
vn 0.2380 0.9016 -0.3613
vn 0.1787 0.9323 -0.3145
vn 0.1091 0.9749 -0.1939
vn 0.0376 0.9971 -0.0658
vn 0.0044 1.0000 -0.0038
vn -0.0331 0.9984 -0.0462
vn -0.0402 0.9977 -0.0539
vn -0.0463 0.9972 -0.0585
vn -0.0338 0.9986 -0.0403
vn -0.0081 0.9999 -0.0141
vn 0.0233 0.9995 0.0198
vn 0.0654 0.9939 0.0892
vn 0.1171 0.9794 0.1646
vn 0.1694 0.9648 0.2014
vn 0.2174 0.9557 0.1982
vn 0.2502 0.9484 0.1950
vn 0.2787 0.9441 0.1761
vn 0.3358 0.9294 0.1532
vn 0.4368 0.8835 0.1694
vn 0.5250 0.8204 0.2266
vn 0.5760 0.7725 0.2673
vn 0.6412 0.7454 0.1820
vn 0.6951 0.7154 -0.0712
vn 0.6777 0.7001 -0.2249
vn 0.6507 0.7056 -0.2805
vn 0.6214 0.7039 -0.3440
vn 0.5955 0.6757 -0.4345
vn 0.5394 0.5863 -0.6044
vn 0.4044 0.7772 -0.4821
vn 0.1722 0.9849 0.0150
vn 0.0003 0.9549 0.2971
vn -0.0827 0.9026 0.4226
vn -0.0978 0.8920 0.4413
vn -0.0515 0.9408 0.3351
vn -0.0458 0.9280 0.3697
vn -0.0696 0.9447 0.3204
vn -0.0676 0.9834 0.1686
vn -0.0451 0.9916 0.1214
vn -0.0017 0.9833 0.1819
vn 0.0603 0.9563 0.2861
vn 0.1085 0.9282 0.3559
vn 0.1341 0.9255 0.3542
vn 0.1963 0.9425 0.2707
vn 0.3015 0.9287 0.2159
vn 0.4167 0.8989 0.1354
vn 0.5054 0.8619 -0.0411
vn 0.5339 0.8320 -0.1506
vn 0.4998 0.8546 -0.1411
vn 0.4372 0.8989 -0.0291
vn 0.4013 0.9152 -0.0375
vn 0.4128 0.8912 -0.1880
vn 0.4514 0.8555 -0.2536
vn 0.4844 0.8392 -0.2472
vn 0.4918 0.8351 -0.2463
vn 0.4765 0.8369 -0.2696
vn 0.4506 0.8498 -0.2735
vn 0.4295 0.8760 -0.2193
vn 0.4120 0.8931 -0.1808
vn 0.3682 0.8992 -0.2364
vn 0.2857 0.9106 -0.2985
vn 0.1875 0.9492 -0.2526
vn 0.0899 0.9882 -0.1244
vn 0.0214 0.9994 -0.0277
vn 0.0002 1.0000 -0.0002
vn -0.0270 0.9990 -0.0353
vn -0.0342 0.9985 -0.0430
vn -0.0463 0.9974 -0.0553
vn -0.0471 0.9975 -0.0525
vn -0.0321 0.9989 -0.0331
vn -0.0096 1.0000 -0.0026
vn 0.0192 0.9982 0.0560
vn 0.0565 0.9901 0.1286
vn 0.0969 0.9807 0.1700
vn 0.1364 0.9756 0.1721
vn 0.1784 0.9686 0.1732
vn 0.2303 0.9619 0.1475
vn 0.2908 0.9520 0.0954
vn 0.3580 0.9299 0.0837
vn 0.4370 0.8873 0.1474
vn 0.5516 0.8155 0.1751
vn 0.6675 0.7415 0.0682
vn 0.7060 0.7054 -0.0629
vn 0.6744 0.7194 -0.1661
vn 0.6245 0.7353 -0.2633
vn 0.5877 0.7408 -0.3253
vn 0.5680 0.6744 -0.4717
vn 0.5018 0.6684 -0.5491
vn 0.3335 0.9127 -0.2361
vn 0.0896 0.9812 0.1709
vn -0.0316 0.9307 0.3643
vn -0.1240 0.8730 0.4717
vn -0.1388 0.9022 0.4085
vn -0.1203 0.9387 0.3231
vn -0.1297 0.9184 0.3738
vn -0.1157 0.9375 0.3282
vn -0.0844 0.9829 0.1636
vn -0.0528 0.9942 0.0940
vn -0.0144 0.9909 0.1335
vn 0.0376 0.9737 0.2247
vn 0.0899 0.9426 0.3216
vn 0.1073 0.9292 0.3538
vn 0.1109 0.9628 0.2464
vn 0.1624 0.9775 0.1345
vn 0.3065 0.9516 0.0216
vn 0.4437 0.8873 -0.1261
vn 0.4840 0.8621 -0.1502
vn 0.4578 0.8846 -0.0885
vn 0.4141 0.9100 0.0190
vn 0.3811 0.9243 -0.0224
vn 0.3776 0.8988 -0.2226
vn 0.4077 0.8617 -0.3020
vn 0.4404 0.8567 -0.2686
vn 0.4421 0.8625 -0.2463
vn 0.4204 0.8704 -0.2564
vn 0.3858 0.8875 -0.2519
vn 0.3601 0.9094 -0.2083
vn 0.3535 0.9186 -0.1765
vn 0.3355 0.9207 -0.1996
vn 0.2672 0.9373 -0.2237
vn 0.1544 0.9742 -0.1644
vn 0.0528 0.9969 -0.0589
vn 0.0074 1.0000 -0.0059
vn -0.0128 0.9996 -0.0265
vn -0.0179 0.9993 -0.0336
vn -0.0290 0.9985 -0.0470
vn -0.0374 0.9978 -0.0541
vn -0.0342 0.9984 -0.0460
vn -0.0184 0.9996 -0.0201
vn 0.0074 0.9995 0.0294
vn 0.0461 0.9945 0.0938
vn 0.0924 0.9864 0.1363
vn 0.1360 0.9804 0.1423
vn 0.1777 0.9743 0.1382
vn 0.2224 0.9687 0.1098
vn 0.2652 0.9626 0.0555
vn 0.2994 0.9533 0.0386
vn 0.3475 0.9349 0.0720
vn 0.4472 0.8930 0.0519
vn 0.5432 0.8390 -0.0316
vn 0.5741 0.8161 -0.0666
vn 0.5633 0.8168 -0.1251
vn 0.5211 0.8187 -0.2412
vn 0.5128 0.7805 -0.3576
vn 0.5100 0.6941 -0.5080
vn 0.3851 0.8334 -0.3963
vn 0.1367 0.9904 0.0231
vn -0.0608 0.9630 0.2625
vn -0.1316 0.9083 0.3971
vn -0.1513 0.8592 0.4887
vn -0.1164 0.9163 0.3833
vn -0.1118 0.9333 0.3412
vn -0.1203 0.9223 0.3672
vn -0.0580 0.9536 0.2953
vn 0.0398 0.9903 0.1332
vn 0.1037 0.9925 0.0643
vn 0.1274 0.9864 0.1039
vn 0.1637 0.9727 0.1644
vn 0.2365 0.9385 0.2516
vn 0.2855 0.8987 0.3329
vn 0.2635 0.9232 0.2798
vn 0.2532 0.9629 0.0932
vn 0.3415 0.9330 -0.1134
vn 0.4554 0.8649 -0.2112
vn 0.5017 0.8519 -0.1501
vn 0.5069 0.8600 -0.0592
vn 0.4993 0.8655 0.0405
vn 0.4801 0.8772 0.0022
vn 0.4431 0.8719 -0.2085
vn 0.4115 0.8543 -0.3176
vn 0.4144 0.8663 -0.2790
vn 0.4157 0.8775 -0.2393
vn 0.3928 0.8901 -0.2311
vn 0.3542 0.9089 -0.2203
vn 0.3232 0.9262 -0.1941
vn 0.3028 0.9375 -0.1717
vn 0.2660 0.9492 -0.1681
vn 0.1863 0.9716 -0.1457
vn 0.0840 0.9935 -0.0774
vn 0.0173 0.9997 -0.0167
vn 0.0002 1.0000 -0.0001
vn 0.0713 0.9968 -0.0348
vn 0.0785 0.9963 -0.0358
vn 0.0824 0.9958 -0.0404
vn 0.0718 0.9963 -0.0476
vn 0.0591 0.9971 -0.0474
vn 0.0543 0.9981 -0.0300
vn 0.0648 0.9979 0.0074
vn 0.0966 0.9937 0.0562
vn 0.1474 0.9847 0.0927
vn 0.2023 0.9739 0.1031
vn 0.2498 0.9631 0.1001
vn 0.2876 0.9547 0.0771
vn 0.3130 0.9492 0.0330
vn 0.3265 0.9450 0.0201
vn 0.3480 0.9372 0.0254
vn 0.3846 0.9227 -0.0258
vn 0.4006 0.9131 -0.0761
vn 0.3986 0.9139 -0.0764
vn 0.4085 0.9039 -0.1270
vn 0.4390 0.8628 -0.2508
vn 0.4827 0.7711 -0.4153
vn 0.4273 0.7821 -0.4536
vn 0.2242 0.9600 -0.1675
vn -0.0477 0.9750 0.2169
vn -0.2209 0.9159 0.3352
vn -0.2678 0.8757 0.4017
vn -0.1644 0.8905 0.4242
vn -0.0483 0.9362 0.3481
vn -0.0051 0.9366 0.3504
vn 0.0499 0.9426 0.3301
vn 0.1647 0.9621 0.2172
vn 0.2643 0.9608 0.0833
vn 0.3058 0.9513 0.0397
vn 0.3265 0.9422 0.0749
vn 0.3752 0.9220 0.0960
vn 0.4461 0.8822 0.1507
vn 0.5022 0.8266 0.2539
vn 0.5239 0.8046 0.2795
vn 0.5320 0.8421 0.0889
vn 0.5493 0.8206 -0.1577
vn 0.5550 0.8009 -0.2246
vn 0.5650 0.8102 -0.1559
vn 0.5814 0.8116 -0.0572
vn 0.5938 0.8040 0.0319
vn 0.6015 0.7987 0.0154
vn 0.5681 0.8097 -0.1472
vn 0.4974 0.8259 -0.2654
vn 0.4442 0.8576 -0.2592
vn 0.4150 0.8823 -0.2221
vn 0.3836 0.9017 -0.1993
vn 0.3445 0.9201 -0.1862
vn 0.3039 0.9377 -0.1684
vn 0.2553 0.9563 -0.1428
vn 0.1841 0.9762 -0.1148
vn 0.0948 0.9931 -0.0695
vn 0.0268 0.9994 -0.0222
vn 0.0024 1.0000 -0.0018
vn 0.1349 0.9889 -0.0620
vn 0.1458 0.9880 -0.0502
vn 0.1536 0.9875 -0.0357
vn 0.1414 0.9893 -0.0351
vn 0.1218 0.9919 -0.0357
vn 0.1046 0.9942 -0.0261
vn 0.1002 0.9950 -0.0034
vn 0.1173 0.9928 0.0259
vn 0.1563 0.9865 0.0496
vn 0.2070 0.9765 0.0598
vn 0.2587 0.9641 0.0604
vn 0.3022 0.9521 0.0473
vn 0.3254 0.9453 0.0226
vn 0.3323 0.9431 0.0133
vn 0.3387 0.9409 0.0063
vn 0.3325 0.9426 -0.0317
vn 0.3056 0.9500 -0.0643
vn 0.2920 0.9530 -0.0813
vn 0.3096 0.9387 -0.1516
vn 0.3349 0.8924 -0.3024
vn 0.2785 0.8511 -0.4450
vn 0.1275 0.9382 -0.3217
vn -0.0665 0.9966 0.0481
vn -0.2057 0.9224 0.3270
vn -0.2548 0.8882 0.3824
vn -0.1964 0.9152 0.3519
vn -0.0605 0.9458 0.3190
vn 0.0692 0.9554 0.2872
vn 0.1695 0.9382 0.3017
vn 0.2791 0.9276 0.2481
vn 0.3855 0.9143 0.1240
vn 0.4431 0.8953 0.0464
vn 0.4572 0.8889 0.0286
vn 0.4750 0.8792 0.0369
vn 0.5180 0.8548 0.0307
vn 0.5645 0.8226 0.0686
vn 0.6117 0.7751 0.1582
vn 0.6672 0.7175 0.2001
vn 0.7152 0.6947 0.0768
vn 0.7032 0.7039 -0.0998
vn 0.6527 0.7395 -0.1647
vn 0.6171 0.7746 -0.1385
vn 0.6086 0.7910 -0.0622
vn 0.6221 0.7829 0.0063
vn 0.6432 0.7657 0.0018
vn 0.6365 0.7662 -0.0881
vn 0.5797 0.7959 -0.1746
vn 0.5046 0.8405 -0.1972
vn 0.4394 0.8802 -0.1793
vn 0.3820 0.9107 -0.1573
vn 0.3220 0.9359 -0.1431
vn 0.2508 0.9604 -0.1211
vn 0.1685 0.9818 -0.0876
vn 0.0860 0.9950 -0.0512
vn 0.0268 0.9995 -0.0185
vn 0.0034 1.0000 -0.0026
vn 0.0707 0.9941 -0.0820
vn 0.0740 0.9953 -0.0617
vn 0.0742 0.9968 -0.0307
vn 0.0623 0.9978 -0.0209
vn 0.0463 0.9987 -0.0215
vn 0.0355 0.9992 -0.0175
vn 0.0350 0.9994 -0.0070
vn 0.0485 0.9988 0.0069
vn 0.0753 0.9970 0.0191
vn 0.1104 0.9936 0.0259
vn 0.1477 0.9886 0.0274
vn 0.1815 0.9831 0.0229
vn 0.2047 0.9787 0.0146
vn 0.2159 0.9764 0.0102
vn 0.2177 0.9760 0.0048
vn 0.2083 0.9780 -0.0141
vn 0.1893 0.9810 -0.0424
vn 0.1733 0.9815 -0.0811
vn 0.1535 0.9754 -0.1579
vn 0.0763 0.9561 -0.2830
vn -0.0812 0.9356 -0.3436
vn -0.2209 0.9588 -0.1788
vn -0.2760 0.9516 0.1352
vn -0.2117 0.9195 0.3314
vn -0.0865 0.9342 0.3460
vn 0.0340 0.9605 0.2764
vn 0.1327 0.9644 0.2286
vn 0.2179 0.9526 0.2124
vn 0.3108 0.9265 0.2120
vn 0.4032 0.9005 0.1627
vn 0.4548 0.8873 0.0758
vn 0.4702 0.8820 0.0304
vn 0.4838 0.8750 0.0168
vn 0.5039 0.8637 0.0060
vn 0.5227 0.8525 -0.0052
vn 0.5432 0.8393 0.0233
vn 0.5839 0.8076 0.0828
vn 0.6473 0.7543 0.1098
vn 0.6985 0.7140 0.0484
vn 0.6975 0.7156 -0.0365
vn 0.6547 0.7507 -0.0887
vn 0.6008 0.7940 -0.0927
vn 0.5669 0.8219 -0.0559
vn 0.5649 0.8249 -0.0189
vn 0.5786 0.8153 -0.0204
vn 0.5748 0.8160 -0.0621
vn 0.5352 0.8383 -0.1041
vn 0.4656 0.8763 -0.1240
vn 0.3847 0.9156 -0.1173
vn 0.3030 0.9476 -0.1009
vn 0.2172 0.9726 -0.0829
vn 0.1311 0.9896 -0.0586
vn 0.0603 0.9977 -0.0314
vn 0.0175 0.9998 -0.0106
vn -0.0239 0.9963 -0.0825
vn -0.0291 0.9977 -0.0604
vn -0.0403 0.9989 -0.0234
vn -0.0527 0.9986 -0.0088
vn -0.0644 0.9979 -0.0110
vn -0.0709 0.9974 -0.0129
vn -0.0680 0.9976 -0.0114
vn -0.0548 0.9985 -0.0071
vn -0.0335 0.9994 -0.0017
vn -0.0078 1.0000 0.0025
vn 0.0195 0.9998 0.0039
vn 0.0453 0.9990 0.0033
vn 0.0648 0.9979 0.0037
vn 0.0725 0.9973 0.0084
vn 0.0660 0.9978 0.0118
vn 0.0474 0.9989 0.0026
vn 0.0217 0.9995 -0.0228
vn -0.0086 0.9979 -0.0644
vn -0.0529 0.9909 -0.1237
vn -0.1345 0.9731 -0.1869
vn -0.2564 0.9453 -0.2019
vn -0.3483 0.9321 -0.0997
vn -0.3135 0.9458 0.0852
vn -0.1559 0.9625 0.2220
vn 0.0271 0.9700 0.2415
vn 0.1554 0.9675 0.1995
vn 0.2303 0.9584 0.1687
vn 0.2875 0.9455 0.1529
vn 0.3442 0.9283 0.1410
vn 0.3928 0.9128 0.1116
vn 0.4154 0.9072 0.0666
vn 0.4188 0.9077 0.0267
vn 0.4247 0.9054 0.0031
vn 0.4344 0.9007 -0.0097
vn 0.4372 0.8993 -0.0134
vn 0.4409 0.8975 0.0027
vn 0.4662 0.8842 0.0297
vn 0.5125 0.8577 0.0402
vn 0.5498 0.8351 0.0190
vn 0.5560 0.8311 -0.0099
vn 0.5320 0.8461 -0.0345
vn 0.4889 0.8713 -0.0422
vn 0.4481 0.8934 -0.0337
vn 0.4236 0.9055 -0.0242
vn 0.4110 0.9112 -0.0277
vn 0.3896 0.9199 -0.0439
vn 0.3455 0.9368 -0.0557
vn 0.2795 0.9582 -0.0602
vn 0.2042 0.9774 -0.0548
vn 0.1332 0.9902 -0.0424
vn 0.0725 0.9970 -0.0270
vn 0.0284 0.9995 -0.0133
vn 0.0059 1.0000 -0.0043
vn 0.0001 1.0000 -0.0001
vn -0.1137 0.9913 -0.0670
vn -0.1269 0.9909 -0.0456
vn -0.1481 0.9889 -0.0125
vn -0.1598 0.9871 -0.0005
vn -0.1670 0.9860 -0.0037
vn -0.1705 0.9853 -0.0109
vn -0.1663 0.9859 -0.0170
vn -0.1535 0.9879 -0.0195
vn -0.1356 0.9906 -0.0177
vn -0.1155 0.9932 -0.0149
vn -0.0943 0.9954 -0.0141
vn -0.0721 0.9973 -0.0139
vn -0.0538 0.9985 -0.0072
vn -0.0507 0.9987 0.0112
vn -0.0690 0.9972 0.0284
vn -0.0999 0.9947 0.0253
vn -0.1322 0.9912 0.0012
vn -0.1659 0.9855 -0.0353
vn -0.2096 0.9748 -0.0763
vn -0.2684 0.9571 -0.1093
vn -0.3287 0.9373 -0.1162
vn -0.3575 0.9305 -0.0797
vn -0.3195 0.9476 -0.0018
vn -0.2015 0.9765 0.0770
vn -0.0400 0.9926 0.1146
vn 0.1000 0.9876 0.1207
vn 0.1903 0.9745 0.1193
vn 0.2463 0.9626 0.1127
vn 0.2871 0.9523 0.1031
vn 0.3139 0.9451 0.0904
vn 0.3187 0.9452 0.0706
vn 0.3040 0.9520 0.0371
vn 0.2862 0.9582 0.0030
vn 0.2765 0.9610 -0.0113
vn 0.2694 0.9630 -0.0098
vn 0.2658 0.9640 -0.0026
vn 0.2712 0.9625 0.0040
vn 0.2832 0.9591 0.0066
vn 0.2916 0.9565 0.0037
vn 0.2888 0.9574 -0.0014
vn 0.2733 0.9619 -0.0067
vn 0.2486 0.9686 -0.0089
vn 0.2225 0.9749 -0.0092
vn 0.1991 0.9799 -0.0111
vn 0.1761 0.9843 -0.0159
vn 0.1480 0.9888 -0.0200
vn 0.1146 0.9932 -0.0190
vn 0.0791 0.9967 -0.0159
vn 0.0449 0.9989 -0.0126
vn 0.0183 0.9998 -0.0081
vn 0.0040 1.0000 -0.0029
vn -0.1637 0.9850 -0.0550
vn -0.1778 0.9835 -0.0349
vn -0.1978 0.9802 -0.0063
vn -0.2068 0.9784 0.0026
vn -0.2119 0.9773 -0.0009
vn -0.2140 0.9768 -0.0102
vn -0.2095 0.9776 -0.0200
vn -0.1974 0.9800 -0.0254
vn -0.1811 0.9831 -0.0249
vn -0.1634 0.9863 -0.0224
vn -0.1442 0.9893 -0.0222
vn -0.1229 0.9922 -0.0223
vn -0.1040 0.9945 -0.0130
vn -0.1027 0.9946 0.0137
vn -0.1276 0.9910 0.0394
vn -0.1649 0.9856 0.0384
vn -0.1991 0.9799 0.0138
vn -0.2317 0.9726 -0.0199
vn -0.2724 0.9607 -0.0531
vn -0.3243 0.9427 -0.0781
vn -0.3725 0.9237 -0.0896
vn -0.3890 0.9179 -0.0784
vn -0.3470 0.9371 -0.0391
vn -0.2348 0.9720 0.0111
vn -0.0789 0.9957 0.0492
vn 0.0634 0.9951 0.0758
vn 0.1587 0.9829 0.0929
vn 0.2159 0.9718 0.0949
vn 0.2524 0.9635 0.0890
vn 0.2719 0.9586 0.0839
vn 0.2664 0.9609 0.0753
vn 0.2317 0.9717 0.0468
vn 0.1888 0.9820 0.0083
vn 0.1640 0.9864 -0.0087
vn 0.1549 0.9879 -0.0066
vn 0.1509 0.9886 -0.0028
vn 0.1474 0.9891 -0.0011
vn 0.1412 0.9900 0.0001
vn 0.1319 0.9913 0.0012
vn 0.1198 0.9928 0.0017
vn 0.1060 0.9944 0.0023
vn 0.0922 0.9957 0.0023
vn 0.0786 0.9969 0.0007
vn 0.0641 0.9979 -0.0026
vn 0.0471 0.9989 -0.0065
vn 0.0280 0.9996 -0.0075
vn 0.0116 0.9999 -0.0052
vn 0.0025 1.0000 -0.0018
usemtl Material.002
s 1
f 5/5/2 6/6/3 7/7/4 8/8/5
f 8/8/5 7/7/4 9/9/6 10/10/7
f 10/10/7 9/9/6 11/11/8 12/12/9
f 12/12/9 11/11/8 13/13/10 14/14/11
f 14/14/11 13/13/10 15/15/12 16/16/13
f 16/16/13 15/15/12 17/17/14 18/18/15
f 18/18/15 17/17/14 19/19/15 20/20/15
f 20/20/15 19/19/15 21/21/16 22/22/15
f 22/22/15 21/21/16 23/23/17 24/24/15
f 24/24/15 23/23/17 25/25/18 26/26/15
f 26/26/15 25/25/18 27/27/19 28/28/15
f 28/28/15 27/27/19 29/29/20 30/30/21
f 30/30/21 29/29/20 31/31/22 32/32/23
f 32/32/23 31/31/22 33/33/24 34/34/25
f 34/34/25 33/33/24 35/35/26 36/36/27
f 36/36/27 35/35/26 37/37/28 38/38/29
f 38/38/29 37/37/28 39/39/30 40/40/31
f 40/40/31 39/39/30 41/41/32 42/42/33
f 42/42/33 41/41/32 43/43/34 44/44/35
f 44/44/35 43/43/34 45/45/36 46/46/37
f 46/46/37 45/45/36 47/47/38 48/48/39
f 48/48/39 47/47/38 49/49/40 50/50/41
f 50/50/41 49/49/40 51/51/42 52/52/43
f 52/52/43 51/51/42 53/53/44 54/54/45
f 54/54/45 53/53/44 55/55/46 56/56/47
f 56/56/47 55/55/46 57/57/48 58/58/49
f 58/58/49 57/57/48 59/59/50 60/60/51
f 60/60/51 59/59/50 61/61/52 62/62/53
f 62/62/53 61/61/52 63/63/54 64/64/55
f 64/64/55 63/63/54 65/65/56 66/66/57
f 66/66/57 65/65/56 67/67/58 68/68/59
f 68/68/59 67/67/58 69/69/60 70/70/61
f 70/70/61 69/69/60 71/71/62 72/72/63
f 72/72/63 71/71/62 73/73/64 74/74/65
f 74/74/65 73/73/64 75/75/66 76/76/67
f 76/76/67 75/75/66 77/77/68 78/78/69
f 78/78/69 77/77/68 79/79/70 80/80/71
f 80/80/71 79/79/70 81/81/72 82/82/73
f 82/82/73 81/81/72 83/83/74 84/84/75
f 84/84/75 83/83/74 85/85/76 86/86/77
f 86/86/77 85/85/76 87/87/78 88/88/79
f 88/88/79 87/87/78 89/89/80 90/90/81
f 90/90/81 89/89/80 91/91/82 92/92/83
f 92/92/83 91/91/82 93/93/84 94/94/85
f 94/94/85 93/93/84 95/95/86 96/96/87
f 96/96/87 95/95/86 97/97/88 98/98/89
f 98/98/89 97/97/88 99/99/90 100/100/91
f 100/100/91 99/99/90 101/101/92 102/102/93
f 102/102/93 101/101/92 103/103/94 104/104/15
f 104/104/15 103/103/94 105/105/95 106/106/15
f 106/106/15 105/105/95 107/107/96 108/108/15
f 108/108/15 107/107/96 109/109/15 110/110/15
f 110/110/15 109/109/15 111/111/15 112/112/15
f 112/112/15 111/111/15 113/113/15 114/114/15
f 114/114/15 113/113/15 115/115/15 116/116/15
f 116/116/15 115/115/15 117/117/15 118/118/15
f 118/118/15 117/117/15 119/119/15 120/120/15
f 120/120/15 119/119/15 121/121/15 122/122/15
f 122/122/15 121/121/15 123/123/15 124/124/15
f 6/6/3 125/125/97 126/126/98 7/7/4
f 7/7/4 126/126/98 127/127/99 9/9/6
f 9/9/6 127/127/99 128/128/100 11/11/8
f 11/11/8 128/128/100 129/129/101 13/13/10
f 13/13/10 129/129/101 130/130/102 15/15/12
f 15/15/12 130/130/102 131/131/103 17/17/14
f 17/17/14 131/131/103 132/132/104 19/19/15
f 19/19/15 132/132/104 133/133/105 21/21/16
f 21/21/16 133/133/105 134/134/106 23/23/17
f 23/23/17 134/134/106 135/135/107 25/25/18
f 25/25/18 135/135/107 136/136/108 27/27/19
f 27/27/19 136/136/108 137/137/109 29/29/20
f 29/29/20 137/137/109 138/138/110 31/31/22
f 31/31/22 138/138/110 139/139/111 33/33/24
f 33/33/24 139/139/111 140/140/112 35/35/26
f 35/35/26 140/140/112 141/141/113 37/37/28
f 37/37/28 141/141/113 142/142/114 39/39/30
f 39/39/30 142/142/114 143/143/115 41/41/32
f 41/41/32 143/143/115 144/144/116 43/43/34
f 43/43/34 144/144/116 145/145/117 45/45/36
f 45/45/36 145/145/117 146/146/118 47/47/38
f 47/47/38 146/146/118 147/147/119 49/49/40
f 49/49/40 147/147/119 148/148/120 51/51/42
f 51/51/42 148/148/120 149/149/121 53/53/44
f 53/53/44 149/149/121 150/150/122 55/55/46
f 55/55/46 150/150/122 151/151/123 57/57/48
f 57/57/48 151/151/123 152/152/124 59/59/50
f 59/59/50 152/152/124 153/153/125 61/61/52
f 61/61/52 153/153/125 154/154/126 63/63/54
f 63/63/54 154/154/126 155/155/127 65/65/56
f 65/65/56 155/155/127 156/156/128 67/67/58
f 67/67/58 156/156/128 157/157/129 69/69/60
f 69/69/60 157/157/129 158/158/130 71/71/62
f 71/71/62 158/158/130 159/159/131 73/73/64
f 73/73/64 159/159/131 160/160/132 75/75/66
f 75/75/66 160/160/132 161/161/133 77/77/68
f 77/77/68 161/161/133 162/162/134 79/79/70
f 79/79/70 162/162/134 163/163/135 81/81/72
f 81/81/72 163/163/135 164/164/136 83/83/74
f 83/83/74 164/164/136 165/165/137 85/85/76
f 85/85/76 165/165/137 166/166/138 87/87/78
f 87/87/78 166/166/138 167/167/139 89/89/80
f 89/89/80 167/167/139 168/168/140 91/91/82
f 91/91/82 168/168/140 169/169/141 93/93/84
f 93/93/84 169/169/141 170/170/142 95/95/86
f 95/95/86 170/170/142 171/171/143 97/97/88
f 97/97/88 171/171/143 172/172/144 99/99/90
f 99/99/90 172/172/144 173/173/145 101/101/92
f 101/101/92 173/173/145 174/174/146 103/103/94
f 103/103/94 174/174/146 175/175/147 105/105/95
f 105/105/95 175/175/147 176/176/148 107/107/96
f 107/107/96 176/176/148 177/177/149 109/109/15
f 109/109/15 177/177/149 178/178/150 111/111/15
f 111/111/15 178/178/150 179/179/15 113/113/15
f 113/113/15 179/179/15 180/180/15 115/115/15
f 115/115/15 180/180/15 181/181/15 117/117/15
f 117/117/15 181/181/15 182/182/15 119/119/15
f 119/119/15 182/182/15 183/183/15 121/121/15
f 121/121/15 183/183/15 184/184/15 123/123/15
f 125/125/97 185/185/151 186/186/152 126/126/98
f 126/126/98 186/186/152 187/187/153 127/127/99
f 127/127/99 187/187/153 188/188/154 128/128/100
f 128/128/100 188/188/154 189/189/155 129/129/101
f 129/129/101 189/189/155 190/190/156 130/130/102
f 130/130/102 190/190/156 191/191/157 131/131/103
f 131/131/103 191/191/157 192/192/158 132/132/104
f 132/132/104 192/192/158 193/193/159 133/133/105
f 133/133/105 193/193/159 194/194/160 134/134/106
f 134/134/106 194/194/160 195/195/161 135/135/107
f 135/135/107 195/195/161 196/196/162 136/136/108
f 136/136/108 196/196/162 197/197/163 137/137/109
f 137/137/109 197/197/163 198/198/164 138/138/110
f 138/138/110 198/198/164 199/199/165 139/139/111
f 139/139/111 199/199/165 200/200/166 140/140/112
f 140/140/112 200/200/166 201/201/167 141/141/113
f 141/141/113 201/201/167 202/202/168 142/142/114
f 142/142/114 202/202/168 203/203/169 143/143/115
f 143/143/115 203/203/169 204/204/170 144/144/116
f 144/144/116 204/204/170 205/205/171 145/145/117
f 145/145/117 205/205/171 206/206/172 146/146/118
f 146/146/118 206/206/172 207/207/173 147/147/119
f 147/147/119 207/207/173 208/208/174 148/148/120
f 148/148/120 208/208/174 209/209/175 149/149/121
f 149/149/121 209/209/175 210/210/176 150/150/122
f 150/150/122 210/210/176 211/211/177 151/151/123
f 151/151/123 211/211/177 212/212/178 152/152/124
f 152/152/124 212/212/178 213/213/179 153/153/125
f 153/153/125 213/213/179 214/214/180 154/154/126
f 154/154/126 214/214/180 215/215/181 155/155/127
f 155/155/127 215/215/181 216/216/182 156/156/128
f 156/156/128 216/216/182 217/217/183 157/157/129
f 157/157/129 217/217/183 218/218/184 158/158/130
f 158/158/130 218/218/184 219/219/185 159/159/131
f 159/159/131 219/219/185 220/220/186 160/160/132
f 160/160/132 220/220/186 221/221/187 161/161/133
f 161/161/133 221/221/187 222/222/188 162/162/134
f 162/162/134 222/222/188 223/223/189 163/163/135
f 163/163/135 223/223/189 224/224/190 164/164/136
f 164/164/136 224/224/190 225/225/191 165/165/137
f 165/165/137 225/225/191 226/226/192 166/166/138
f 166/166/138 226/226/192 227/227/193 167/167/139
f 167/167/139 227/227/193 228/228/194 168/168/140
f 168/168/140 228/228/194 229/229/195 169/169/141
f 169/169/141 229/229/195 230/230/196 170/170/142
f 170/170/142 230/230/196 231/231/197 171/171/143
f 171/171/143 231/231/197 232/232/198 172/172/144
f 172/172/144 232/232/198 233/233/199 173/173/145
f 173/173/145 233/233/199 234/234/200 174/174/146
f 174/174/146 234/234/200 235/235/201 175/175/147
f 175/175/147 235/235/201 236/236/202 176/176/148
f 176/176/148 236/236/202 237/237/203 177/177/149
f 177/177/149 237/237/203 238/238/204 178/178/150
f 178/178/150 238/238/204 239/239/205 179/179/15
f 179/179/15 239/239/205 240/240/15 180/180/15
f 180/180/15 240/240/15 241/241/15 181/181/15
f 181/181/15 241/241/15 242/242/15 182/182/15
f 182/182/15 242/242/15 243/243/15 183/183/15
f 183/183/15 243/243/15 244/244/15 184/184/15
f 185/185/151 245/245/206 246/246/207 186/186/152
f 186/186/152 246/246/207 247/247/208 187/187/153
f 187/187/153 247/247/208 248/248/209 188/188/154
f 188/188/154 248/248/209 249/249/210 189/189/155
f 189/189/155 249/249/210 250/250/211 190/190/156
f 190/190/156 250/250/211 251/251/212 191/191/157
f 191/191/157 251/251/212 252/252/213 192/192/158
f 192/192/158 252/252/213 253/253/214 193/193/159
f 193/193/159 253/253/214 254/254/215 194/194/160
f 194/194/160 254/254/215 255/255/216 195/195/161
f 195/195/161 255/255/216 256/256/217 196/196/162
f 196/196/162 256/256/217 257/257/218 197/197/163
f 197/197/163 257/257/218 258/258/219 198/198/164
f 198/198/164 258/258/219 259/259/220 199/199/165
f 199/199/165 259/259/220 260/260/221 200/200/166
f 200/200/166 260/260/221 261/261/222 201/201/167
f 201/201/167 261/261/222 262/262/223 202/202/168
f 202/202/168 262/262/223 263/263/224 203/203/169
f 203/203/169 263/263/224 264/264/225 204/204/170
f 204/204/170 264/264/225 265/265/226 205/205/171
f 205/205/171 265/265/226 266/266/227 206/206/172
f 206/206/172 266/266/227 267/267/228 207/207/173
f 207/207/173 267/267/228 268/268/229 208/208/174
f 208/208/174 268/268/229 269/269/230 209/209/175
f 209/209/175 269/269/230 270/270/231 210/210/176
f 210/210/176 270/270/231 271/271/232 211/211/177
f 211/211/177 271/271/232 272/272/233 212/212/178
f 212/212/178 272/272/233 273/273/234 213/213/179
f 213/213/179 273/273/234 274/274/235 214/214/180
f 214/214/180 274/274/235 275/275/236 215/215/181
f 215/215/181 275/275/236 276/276/237 216/216/182
f 216/216/182 276/276/237 277/277/238 217/217/183
f 217/217/183 277/277/238 278/278/239 218/218/184
f 218/218/184 278/278/239 279/279/240 219/219/185
f 219/219/185 279/279/240 280/280/241 220/220/186
f 220/220/186 280/280/241 281/281/242 221/221/187
f 221/221/187 281/281/242 282/282/243 222/222/188
f 222/222/188 282/282/243 283/283/244 223/223/189
f 223/223/189 283/283/244 284/284/245 224/224/190
f 224/224/190 284/284/245 285/285/246 225/225/191
f 225/225/191 285/285/246 286/286/247 226/226/192
f 226/226/192 286/286/247 287/287/248 227/227/193
f 227/227/193 287/287/248 288/288/249 228/228/194
f 228/228/194 288/288/249 289/289/250 229/229/195
f 229/229/195 289/289/250 290/290/251 230/230/196
f 230/230/196 290/290/251 291/291/252 231/231/197
f 231/231/197 291/291/252 292/292/253 232/232/198
f 232/232/198 292/292/253 293/293/254 233/233/199
f 233/233/199 293/293/254 294/294/255 234/234/200
f 234/234/200 294/294/255 295/295/256 235/235/201
f 235/235/201 295/295/256 296/296/257 236/236/202
f 236/236/202 296/296/257 297/297/258 237/237/203
f 237/237/203 297/297/258 298/298/259 238/238/204
f 238/238/204 298/298/259 299/299/260 239/239/205
f 239/239/205 299/299/260 300/300/261 240/240/15
f 240/240/15 300/300/261 301/301/15 241/241/15
f 241/241/15 301/301/15 302/302/15 242/242/15
f 242/242/15 302/302/15 303/303/15 243/243/15
f 243/243/15 303/303/15 304/304/15 244/244/15
f 245/245/206 305/305/262 306/306/263 246/246/207
f 246/246/207 306/306/263 307/307/264 247/247/208
f 247/247/208 307/307/264 308/308/265 248/248/209
f 248/248/209 308/308/265 309/309/266 249/249/210
f 249/249/210 309/309/266 310/310/267 250/250/211
f 250/250/211 310/310/267 311/311/268 251/251/212
f 251/251/212 311/311/268 312/312/269 252/252/213
f 252/252/213 312/312/269 313/313/270 253/253/214
f 253/253/214 313/313/270 314/314/271 254/254/215
f 254/254/215 314/314/271 315/315/272 255/255/216
f 255/255/216 315/315/272 316/316/273 256/256/217
f 256/256/217 316/316/273 317/317/274 257/257/218
f 257/257/218 317/317/274 318/318/275 258/258/219
f 258/258/219 318/318/275 319/319/276 259/259/220
f 259/259/220 319/319/276 320/320/277 260/260/221
f 260/260/221 320/320/277 321/321/278 261/261/222
f 261/261/222 321/321/278 322/322/279 262/262/223
f 262/262/223 322/322/279 323/323/280 263/263/224
f 263/263/224 323/323/280 324/324/281 264/264/225
f 264/264/225 324/324/281 325/325/282 265/265/226
f 265/265/226 325/325/282 326/326/283 266/266/227
f 266/266/227 326/326/283 327/327/284 267/267/228
f 267/267/228 327/327/284 328/328/285 268/268/229
f 268/268/229 328/328/285 329/329/286 269/269/230
f 269/269/230 329/329/286 330/330/287 270/270/231
f 270/270/231 330/330/287 331/331/288 271/271/232
f 271/271/232 331/331/288 332/332/289 272/272/233
f 272/272/233 332/332/289 333/333/290 273/273/234
f 273/273/234 333/333/290 334/334/291 274/274/235
f 274/274/235 334/334/291 335/335/292 275/275/236
f 275/275/236 335/335/292 336/336/293 276/276/237
f 276/276/237 336/336/293 337/337/294 277/277/238
f 277/277/238 337/337/294 338/338/295 278/278/239
f 278/278/239 338/338/295 339/339/296 279/279/240
f 279/279/240 339/339/296 340/340/297 280/280/241
f 280/280/241 340/340/297 341/341/298 281/281/242
f 281/281/242 341/341/298 342/342/299 282/282/243
f 282/282/243 342/342/299 343/343/300 283/283/244
f 283/283/244 343/343/300 344/344/301 284/284/245
f 284/284/245 344/344/301 345/345/302 285/285/246
f 285/285/246 345/345/302 346/346/303 286/286/247
f 286/286/247 346/346/303 347/347/304 287/287/248
f 287/287/248 347/347/304 348/348/305 288/288/249
f 288/288/249 348/348/305 349/349/306 289/289/250
f 289/289/250 349/349/306 350/350/307 290/290/251
f 290/290/251 350/350/307 351/351/308 291/291/252
f 291/291/252 351/351/308 352/352/309 292/292/253
f 292/292/253 352/352/309 353/353/310 293/293/254
f 293/293/254 353/353/310 354/354/311 294/294/255
f 294/294/255 354/354/311 355/355/312 295/295/256
f 295/295/256 355/355/312 356/356/313 296/296/257
f 296/296/257 356/356/313 357/357/314 297/297/258
f 297/297/258 357/357/314 358/358/315 298/298/259
f 298/298/259 358/358/315 359/359/316 299/299/260
f 299/299/260 359/359/316 360/360/317 300/300/261
f 300/300/261 360/360/317 361/361/318 301/301/15
f 301/301/15 361/361/318 362/362/15 302/302/15
f 302/302/15 362/362/15 363/363/15 303/303/15
f 303/303/15 363/363/15 364/364/15 304/304/15
f 305/305/262 365/365/319 366/366/320 306/306/263
f 306/306/263 366/366/320 367/367/321 307/307/264
f 307/307/264 367/367/321 368/368/322 308/308/265
f 308/308/265 368/368/322 369/369/323 309/309/266
f 309/309/266 369/369/323 370/370/324 310/310/267
f 310/310/267 370/370/324 371/371/325 311/311/268
f 311/311/268 371/371/325 372/372/326 312/312/269
f 312/312/269 372/372/326 373/373/327 313/313/270
f 313/313/270 373/373/327 374/374/328 314/314/271
f 314/314/271 374/374/328 375/375/329 315/315/272
f 315/315/272 375/375/329 376/376/330 316/316/273
f 316/316/273 376/376/330 377/377/331 317/317/274
f 317/317/274 377/377/331 378/378/332 318/318/275
f 318/318/275 378/378/332 379/379/333 319/319/276
f 319/319/276 379/379/333 380/380/334 320/320/277
f 320/320/277 380/380/334 381/381/335 321/321/278
f 321/321/278 381/381/335 382/382/336 322/322/279
f 322/322/279 382/382/336 383/383/337 323/323/280
f 323/323/280 383/383/337 384/384/338 324/324/281
f 324/324/281 384/384/338 385/385/339 325/325/282
f 325/325/282 385/385/339 386/386/340 326/326/283
f 326/326/283 386/386/340 387/387/341 327/327/284
f 327/327/284 387/387/341 388/388/342 328/328/285
f 328/328/285 388/388/342 389/389/343 329/329/286
f 329/329/286 389/389/343 390/390/344 330/330/287
f 330/330/287 390/390/344 391/391/345 331/331/288
f 331/331/288 391/391/345 392/392/346 332/332/289
f 332/332/289 392/392/346 393/393/347 333/333/290
f 333/333/290 393/393/347 394/394/348 334/334/291
f 334/334/291 394/394/348 395/395/349 335/335/292
f 335/335/292 395/395/349 396/396/350 336/336/293
f 336/336/293 396/396/350 397/397/351 337/337/294
f 337/337/294 397/397/351 398/398/352 338/338/295
f 338/338/295 398/398/352 399/399/353 339/339/296
f 339/339/296 399/399/353 400/400/354 340/340/297
f 340/340/297 400/400/354 401/401/355 341/341/298
f 341/341/298 401/401/355 402/402/356 342/342/299
f 342/342/299 402/402/356 403/403/357 343/343/300
f 343/343/300 403/403/357 404/404/358 344/344/301
f 344/344/301 404/404/358 405/405/359 345/345/302
f 345/345/302 405/405/359 406/406/360 346/346/303
f 346/346/303 406/406/360 407/407/361 347/347/304
f 347/347/304 407/407/361 408/408/362 348/348/305
f 348/348/305 408/408/362 409/409/363 349/349/306
f 349/349/306 409/409/363 410/410/364 350/350/307
f 350/350/307 410/410/364 411/411/365 351/351/308
f 351/351/308 411/411/365 412/412/366 352/352/309
f 352/352/309 412/412/366 413/413/367 353/353/310
f 353/353/310 413/413/367 414/414/368 354/354/311
f 354/354/311 414/414/368 415/415/369 355/355/312
f 355/355/312 415/415/369 416/416/370 356/356/313
f 356/356/313 416/416/370 417/417/371 357/357/314
f 357/357/314 417/417/371 418/418/372 358/358/315
f 358/358/315 418/418/372 419/419/373 359/359/316
f 359/359/316 419/419/373 420/420/374 360/360/317
f 360/360/317 420/420/374 421/421/375 361/361/318
f 361/361/318 421/421/375 422/422/150 362/362/15
f 362/362/15 422/422/150 423/423/15 363/363/15
f 363/363/15 423/423/15 424/424/15 364/364/15
f 365/365/319 425/425/376 426/426/377 366/366/320
f 366/366/320 426/426/377 427/427/378 367/367/321
f 367/367/321 427/427/378 428/428/379 368/368/322
f 368/368/322 428/428/379 429/429/380 369/369/323
f 369/369/323 429/429/380 430/430/381 370/370/324
f 370/370/324 430/430/381 431/431/382 371/371/325
f 371/371/325 431/431/382 432/432/383 372/372/326
f 372/372/326 432/432/383 433/433/384 373/373/327
f 373/373/327 433/433/384 434/434/385 374/374/328
f 374/374/328 434/434/385 435/435/386 375/375/329
f 375/375/329 435/435/386 436/436/387 376/376/330
f 376/376/330 436/436/387 437/437/388 377/377/331
f 377/377/331 437/437/388 438/438/389 378/378/332
f 378/378/332 438/438/389 439/439/390 379/379/333
f 379/379/333 439/439/390 440/440/391 380/380/334
f 380/380/334 440/440/391 441/441/392 381/381/335
f 381/381/335 441/441/392 442/442/393 382/382/336
f 382/382/336 442/442/393 443/443/394 383/383/337
f 383/383/337 443/443/394 444/444/395 384/384/338
f 384/384/338 444/444/395 445/445/396 385/385/339
f 385/385/339 445/445/396 446/446/397 386/386/340
f 386/386/340 446/446/397 447/447/398 387/387/341
f 387/387/341 447/447/398 448/448/399 388/388/342
f 388/388/342 448/448/399 449/449/400 389/389/343
f 389/389/343 449/449/400 450/450/401 390/390/344
f 390/390/344 450/450/401 451/451/402 391/391/345
f 391/391/345 451/451/402 452/452/403 392/392/346
f 392/392/346 452/452/403 453/453/404 393/393/347
f 393/393/347 453/453/404 454/454/405 394/394/348
f 394/394/348 454/454/405 455/455/406 395/395/349
f 395/395/349 455/455/406 456/456/407 396/396/350
f 396/396/350 456/456/407 457/457/408 397/397/351
f 397/397/351 457/457/408 458/458/409 398/398/352
f 398/398/352 458/458/409 459/459/410 399/399/353
f 399/399/353 459/459/410 460/460/411 400/400/354
f 400/400/354 460/460/411 461/461/412 401/401/355
f 401/401/355 461/461/412 462/462/413 402/402/356
f 402/402/356 462/462/413 463/463/414 403/403/357
f 403/403/357 463/463/414 464/464/415 404/404/358
f 404/404/358 464/464/415 465/465/416 405/405/359
f 405/405/359 465/465/416 466/466/417 406/406/360
f 406/406/360 466/466/417 467/467/418 407/407/361
f 407/407/361 467/467/418 468/468/419 408/408/362
f 408/408/362 468/468/419 469/469/420 409/409/363
f 409/409/363 469/469/420 470/470/421 410/410/364
f 410/410/364 470/470/421 471/471/422 411/411/365
f 411/411/365 471/471/422 472/472/423 412/412/366
f 412/412/366 472/472/423 473/473/424 413/413/367
f 413/413/367 473/473/424 474/474/425 414/414/368
f 414/414/368 474/474/425 475/475/426 415/415/369
f 415/415/369 475/475/426 476/476/427 416/416/370
f 416/416/370 476/476/427 477/477/428 417/417/371
f 417/417/371 477/477/428 478/478/429 418/418/372
f 418/418/372 478/478/429 479/479/430 419/419/373
f 419/419/373 479/479/430 480/480/431 420/420/374
f 420/420/374 480/480/431 481/481/432 421/421/375
f 421/421/375 481/481/432 482/482/433 422/422/150
f 422/422/150 482/482/433 483/483/15 423/423/15
f 423/423/15 483/483/15 484/484/15 424/424/15
f 425/425/376 485/485/434 486/486/435 426/426/377
f 426/426/377 486/486/435 487/487/436 427/427/378
f 427/427/378 487/487/436 488/488/437 428/428/379
f 428/428/379 488/488/437 489/489/438 429/429/380
f 429/429/380 489/489/438 490/490/439 430/430/381
f 430/430/381 490/490/439 491/491/440 431/431/382
f 431/431/382 491/491/440 492/492/441 432/432/383
f 432/432/383 492/492/441 493/493/442 433/433/384
f 433/433/384 493/493/442 494/494/443 434/434/385
f 434/434/385 494/494/443 495/495/444 435/435/386
f 435/435/386 495/495/444 496/496/445 436/436/387
f 436/436/387 496/496/445 497/497/446 437/437/388
f 437/437/388 497/497/446 498/498/447 438/438/389
f 438/438/389 498/498/447 499/499/448 439/439/390
f 439/439/390 499/499/448 500/500/449 440/440/391
f 440/440/391 500/500/449 501/501/450 441/441/392
f 441/441/392 501/501/450 502/502/451 442/442/393
f 442/442/393 502/502/451 503/503/452 443/443/394
f 443/443/394 503/503/452 504/504/453 444/444/395
f 444/444/395 504/504/453 505/505/454 445/445/396
f 445/445/396 505/505/454 506/506/455 446/446/397
f 446/446/397 506/506/455 507/507/456 447/447/398
f 447/447/398 507/507/456 508/508/457 448/448/399
f 448/448/399 508/508/457 509/509/458 449/449/400
f 449/449/400 509/509/458 510/510/459 450/450/401
f 450/450/401 510/510/459 511/511/460 451/451/402
f 451/451/402 511/511/460 512/512/461 452/452/403
f 452/452/403 512/512/461 513/513/462 453/453/404
f 453/453/404 513/513/462 514/514/463 454/454/405
f 454/454/405 514/514/463 515/515/464 455/455/406
f 455/455/406 515/515/464 516/516/465 456/456/407
f 456/456/407 516/516/465 517/517/466 457/457/408
f 457/457/408 517/517/466 518/518/467 458/458/409
f 458/458/409 518/518/467 519/519/468 459/459/410
f 459/459/410 519/519/468 520/520/469 460/460/411
f 460/460/411 520/520/469 521/521/470 461/461/412
f 461/461/412 521/521/470 522/522/471 462/462/413
f 462/462/413 522/522/471 523/523/472 463/463/414
f 463/463/414 523/523/472 524/524/473 464/464/415
f 464/464/415 524/524/473 525/525/474 465/465/416
f 465/465/416 525/525/474 526/526/475 466/466/417
f 466/466/417 526/526/475 527/527/476 467/467/418
f 467/467/418 527/527/476 528/528/477 468/468/419
f 468/468/419 528/528/477 529/529/478 469/469/420
f 469/469/420 529/529/478 530/530/479 470/470/421
f 470/470/421 530/530/479 531/531/480 471/471/422
f 471/471/422 531/531/480 532/532/481 472/472/423
f 472/472/423 532/532/481 533/533/482 473/473/424
f 473/473/424 533/533/482 534/534/483 474/474/425
f 474/474/425 534/534/483 535/535/484 475/475/426
f 475/475/426 535/535/484 536/536/485 476/476/427
f 476/476/427 536/536/485 537/537/486 477/477/428
f 477/477/428 537/537/486 538/538/487 478/478/429
f 478/478/429 538/538/487 539/539/488 479/479/430
f 479/479/430 539/539/488 540/540/489 480/480/431
f 480/480/431 540/540/489 541/541/490 481/481/432
f 481/481/432 541/541/490 542/542/491 482/482/433
f 482/482/433 542/542/491 543/543/150 483/483/15
f 483/483/15 543/543/150 544/544/15 484/484/15
f 485/485/434 545/545/492 546/546/493 486/486/435
f 486/486/435 546/546/493 547/547/494 487/487/436
f 487/487/436 547/547/494 548/548/495 488/488/437
f 488/488/437 548/548/495 549/549/496 489/489/438
f 489/489/438 549/549/496 550/550/497 490/490/439
f 490/490/439 550/550/497 551/551/498 491/491/440
f 491/491/440 551/551/498 552/552/499 492/492/441
f 492/492/441 552/552/499 553/553/500 493/493/442
f 493/493/442 553/553/500 554/554/501 494/494/443
f 494/494/443 554/554/501 555/555/502 495/495/444
f 495/495/444 555/555/502 556/556/503 496/496/445
f 496/496/445 556/556/503 557/557/504 497/497/446
f 497/497/446 557/557/504 558/558/505 498/498/447
f 498/498/447 558/558/505 559/559/506 499/499/448
f 499/499/448 559/559/506 560/560/507 500/500/449
f 500/500/449 560/560/507 561/561/508 501/501/450
f 501/501/450 561/561/508 562/562/509 502/502/451
f 502/502/451 562/562/509 563/563/510 503/503/452
f 503/503/452 563/563/510 564/564/511 504/504/453
f 504/504/453 564/564/511 565/565/512 505/505/454
f 505/505/454 565/565/512 566/566/513 506/506/455
f 506/506/455 566/566/513 567/567/514 507/507/456
f 507/507/456 567/567/514 568/568/515 508/508/457
f 508/508/457 568/568/515 569/569/516 509/509/458
f 509/509/458 569/569/516 570/570/517 510/510/459
f 510/510/459 570/570/517 571/571/518 511/511/460
f 511/511/460 571/571/518 572/572/519 512/512/461
f 512/512/461 572/572/519 573/573/520 513/513/462
f 513/513/462 573/573/520 574/574/521 514/514/463
f 514/514/463 574/574/521 575/575/522 515/515/464
f 515/515/464 575/575/522 576/576/523 516/516/465
f 516/516/465 576/576/523 577/577/524 517/517/466
f 517/517/466 577/577/524 578/578/525 518/518/467
f 518/518/467 578/578/525 579/579/526 519/519/468
f 519/519/468 579/579/526 580/580/527 520/520/469
f 520/520/469 580/580/527 581/581/528 521/521/470
f 521/521/470 581/581/528 582/582/529 522/522/471
f 522/522/471 582/582/529 583/583/530 523/523/472
f 523/523/472 583/583/530 584/584/531 524/524/473
f 524/524/473 584/584/531 585/585/532 525/525/474
f 525/525/474 585/585/532 586/586/533 526/526/475
f 526/526/475 586/586/533 587/587/534 527/527/476
f 527/527/476 587/587/534 588/588/535 528/528/477
f 528/528/477 588/588/535 589/589/536 529/529/478
f 529/529/478 589/589/536 590/590/537 530/530/479
f 530/530/479 590/590/537 591/591/538 531/531/480
f 531/531/480 591/591/538 592/592/539 532/532/481
f 532/532/481 592/592/539 593/593/540 533/533/482
f 533/533/482 593/593/540 594/594/541 534/534/483
f 534/534/483 594/594/541 595/595/542 535/535/484
f 535/535/484 595/595/542 596/596/543 536/536/485
f 536/536/485 596/596/543 597/597/544 537/537/486
f 537/537/486 597/597/544 598/598/545 538/538/487
f 538/538/487 598/598/545 599/599/546 539/539/488
f 539/539/488 599/599/546 600/600/547 540/540/489
f 540/540/489 600/600/547 601/601/548 541/541/490
f 541/541/490 601/601/548 602/602/549 542/542/491
f 542/542/491 602/602/549 603/603/550 543/543/150
f 543/543/150 603/603/550 604/604/15 544/544/15
f 545/545/492 605/605/551 606/606/552 546/546/493
f 546/546/493 606/606/552 607/607/553 547/547/494
f 547/547/494 607/607/553 608/608/554 548/548/495
f 548/548/495 608/608/554 609/609/555 549/549/496
f 549/549/496 609/609/555 610/610/556 550/550/497
f 550/550/497 610/610/556 611/611/557 551/551/498
f 551/551/498 611/611/557 612/612/558 552/552/499
f 552/552/499 612/612/558 613/613/559 553/553/500
f 553/553/500 613/613/559 614/614/560 554/554/501
f 554/554/501 614/614/560 615/615/561 555/555/502
f 555/555/502 615/615/561 616/616/562 556/556/503
f 556/556/503 616/616/562 617/617/563 557/557/504
f 557/557/504 617/617/563 618/618/564 558/558/505
f 558/558/505 618/618/564 619/619/565 559/559/506
f 559/559/506 619/619/565 620/620/566 560/560/507
f 560/560/507 620/620/566 621/621/567 561/561/508
f 561/561/508 621/621/567 622/622/568 562/562/509
f 562/562/509 622/622/568 623/623/569 563/563/510
f 563/563/510 623/623/569 624/624/570 564/564/511
f 564/564/511 624/624/570 625/625/571 565/565/512
f 565/565/512 625/625/571 626/626/572 566/566/513
f 566/566/513 626/626/572 627/627/573 567/567/514
f 567/567/514 627/627/573 628/628/574 568/568/515
f 568/568/515 628/628/574 629/629/575 569/569/516
f 569/569/516 629/629/575 630/630/576 570/570/517
f 570/570/517 630/630/576 631/631/577 571/571/518
f 571/571/518 631/631/577 632/632/578 572/572/519
f 572/572/519 632/632/578 633/633/579 573/573/520
f 573/573/520 633/633/579 634/634/580 574/574/521
f 574/574/521 634/634/580 635/635/581 575/575/522
f 575/575/522 635/635/581 636/636/582 576/576/523
f 576/576/523 636/636/582 637/637/583 577/577/524
f 577/577/524 637/637/583 638/638/584 578/578/525
f 578/578/525 638/638/584 639/639/585 579/579/526
f 579/579/526 639/639/585 640/640/586 580/580/527
f 580/580/527 640/640/586 641/641/587 581/581/528
f 581/581/528 641/641/587 642/642/588 582/582/529
f 582/582/529 642/642/588 643/643/589 583/583/530
f 583/583/530 643/643/589 644/644/590 584/584/531
f 584/584/531 644/644/590 645/645/591 585/585/532
f 585/585/532 645/645/591 646/646/592 586/586/533
f 586/586/533 646/646/592 647/647/593 587/587/534
f 587/587/534 647/647/593 648/648/594 588/588/535
f 588/588/535 648/648/594 649/649/595 589/589/536
f 589/589/536 649/649/595 650/650/596 590/590/537
f 590/590/537 650/650/596 651/651/597 591/591/538
f 591/591/538 651/651/597 652/652/598 592/592/539
f 592/592/539 652/652/598 653/653/599 593/593/540
f 593/593/540 653/653/599 654/654/600 594/594/541
f 594/594/541 654/654/600 655/655/601 595/595/542
f 595/595/542 655/655/601 656/656/602 596/596/543
f 596/596/543 656/656/602 657/657/603 597/597/544
f 597/597/544 657/657/603 658/658/604 598/598/545
f 598/598/545 658/658/604 659/659/605 599/599/546
f 599/599/546 659/659/605 660/660/606 600/600/547
f 600/600/547 660/660/606 661/661/607 601/601/548
f 601/601/548 661/661/607 662/662/608 602/602/549
f 602/602/549 662/662/608 663/663/609 603/603/550
f 603/603/550 663/663/609 664/664/15 604/604/15
f 605/605/551 665/665/610 666/666/611 606/606/552
f 606/606/552 666/666/611 667/667/612 607/607/553
f 607/607/553 667/667/612 668/668/613 608/608/554
f 608/608/554 668/668/613 669/669/614 609/609/555
f 609/609/555 669/669/614 670/670/615 610/610/556
f 610/610/556 670/670/615 671/671/616 611/611/557
f 611/611/557 671/671/616 672/672/617 612/612/558
f 612/612/558 672/672/617 673/673/618 613/613/559
f 613/613/559 673/673/618 674/674/619 614/614/560
f 614/614/560 674/674/619 675/675/620 615/615/561
f 615/615/561 675/675/620 676/676/621 616/616/562
f 616/616/562 676/676/621 677/677/622 617/617/563
f 617/617/563 677/677/622 678/678/623 618/618/564
f 618/618/564 678/678/623 679/679/624 619/619/565
f 619/619/565 679/679/624 680/680/625 620/620/566
f 620/620/566 680/680/625 681/681/626 621/621/567
f 621/621/567 681/681/626 682/682/627 622/622/568
f 622/622/568 682/682/627 683/683/628 623/623/569
f 623/623/569 683/683/628 684/684/629 624/624/570
f 624/624/570 684/684/629 685/685/630 625/625/571
f 625/625/571 685/685/630 686/686/631 626/626/572
f 626/626/572 686/686/631 687/687/632 627/627/573
f 627/627/573 687/687/632 688/688/633 628/628/574
f 628/628/574 688/688/633 689/689/634 629/629/575
f 629/629/575 689/689/634 690/690/635 630/630/576
f 630/630/576 690/690/635 691/691/636 631/631/577
f 631/631/577 691/691/636 692/692/637 632/632/578
f 632/632/578 692/692/637 693/693/638 633/633/579
f 633/633/579 693/693/638 694/694/639 634/634/580
f 634/634/580 694/694/639 695/695/640 635/635/581
f 635/635/581 695/695/640 696/696/641 636/636/582
f 636/636/582 696/696/641 697/697/642 637/637/583
f 637/637/583 697/697/642 698/698/643 638/638/584
f 638/638/584 698/698/643 699/699/644 639/639/585
f 639/639/585 699/699/644 700/700/645 640/640/586
f 640/640/586 700/700/645 701/701/646 641/641/587
f 641/641/587 701/701/646 702/702/647 642/642/588
f 642/642/588 702/702/647 703/703/648 643/643/589
f 643/643/589 703/703/648 704/704/649 644/644/590
f 644/644/590 704/704/649 705/705/650 645/645/591
f 645/645/591 705/705/650 706/706/651 646/646/592
f 646/646/592 706/706/651 707/707/652 647/647/593
f 647/647/593 707/707/652 708/708/653 648/648/594
f 648/648/594 708/708/653 709/709/654 649/649/595
f 649/649/595 709/709/654 710/710/655 650/650/596
f 650/650/596 710/710/655 711/711/656 651/651/597
f 651/651/597 711/711/656 712/712/657 652/652/598
f 652/652/598 712/712/657 713/713/658 653/653/599
f 653/653/599 713/713/658 714/714/659 654/654/600
f 654/654/600 714/714/659 715/715/660 655/655/601
f 655/655/601 715/715/660 716/716/661 656/656/602
f 656/656/602 716/716/661 717/717/662 657/657/603
f 657/657/603 717/717/662 718/718/663 658/658/604
f 658/658/604 718/718/663 719/719/664 659/659/605
f 659/659/605 719/719/664 720/720/665 660/660/606
f 660/660/606 720/720/665 721/721/666 661/661/607
f 661/661/607 721/721/666 722/722/667 662/662/608
f 662/662/608 722/722/667 723/723/668 663/663/609
f 663/663/609 723/723/668 724/724/15 664/664/15
f 665/665/610 725/725/669 726/726/670 666/666/611
f 666/666/611 726/726/670 727/727/671 667/667/612
f 667/667/612 727/727/671 728/728/672 668/668/613
f 668/668/613 728/728/672 729/729/673 669/669/614
f 669/669/614 729/729/673 730/730/674 670/670/615
f 670/670/615 730/730/674 731/731/675 671/671/616
f 671/671/616 731/731/675 732/732/676 672/672/617
f 672/672/617 732/732/676 733/733/677 673/673/618
f 673/673/618 733/733/677 734/734/678 674/674/619
f 674/674/619 734/734/678 735/735/679 675/675/620
f 675/675/620 735/735/679 736/736/680 676/676/621
f 676/676/621 736/736/680 737/737/681 677/677/622
f 677/677/622 737/737/681 738/738/682 678/678/623
f 678/678/623 738/738/682 739/739/683 679/679/624
f 679/679/624 739/739/683 740/740/684 680/680/625
f 680/680/625 740/740/684 741/741/685 681/681/626
f 681/681/626 741/741/685 742/742/686 682/682/627
f 682/682/627 742/742/686 743/743/687 683/683/628
f 683/683/628 743/743/687 744/744/688 684/684/629
f 684/684/629 744/744/688 745/745/689 685/685/630
f 685/685/630 745/745/689 746/746/690 686/686/631
f 686/686/631 746/746/690 747/747/691 687/687/632
f 687/687/632 747/747/691 748/748/692 688/688/633
f 688/688/633 748/748/692 749/749/693 689/689/634
f 689/689/634 749/749/693 750/750/694 690/690/635
f 690/690/635 750/750/694 751/751/695 691/691/636
f 691/691/636 751/751/695 752/752/696 692/692/637
f 692/692/637 752/752/696 753/753/697 693/693/638
f 693/693/638 753/753/697 754/754/698 694/694/639
f 694/694/639 754/754/698 755/755/699 695/695/640
f 695/695/640 755/755/699 756/756/700 696/696/641
f 696/696/641 756/756/700 757/757/701 697/697/642
f 697/697/642 757/757/701 758/758/702 698/698/643
f 698/698/643 758/758/702 759/759/703 699/699/644
f 699/699/644 759/759/703 760/760/704 700/700/645
f 700/700/645 760/760/704 761/761/705 701/701/646
f 701/701/646 761/761/705 762/762/706 702/702/647
f 702/702/647 762/762/706 763/763/707 703/703/648
f 703/703/648 763/763/707 764/764/708 704/704/649
f 704/704/649 764/764/708 765/765/709 705/705/650
f 705/705/650 765/765/709 766/766/710 706/706/651
f 706/706/651 766/766/710 767/767/711 707/707/652
f 707/707/652 767/767/711 768/768/712 708/708/653
f 708/708/653 768/768/712 769/769/713 709/709/654
f 709/709/654 769/769/713 770/770/714 710/710/655
f 710/710/655 770/770/714 771/771/715 711/711/656
f 711/711/656 771/771/715 772/772/716 712/712/657
f 712/712/657 772/772/716 773/773/717 713/713/658
f 713/713/658 773/773/717 774/774/718 714/714/659
f 714/714/659 774/774/718 775/775/719 715/715/660
f 715/715/660 775/775/719 776/776/720 716/716/661
f 716/716/661 776/776/720 777/777/721 717/717/662
f 717/717/662 777/777/721 778/778/722 718/718/663
f 718/718/663 778/778/722 779/779/723 719/719/664
f 719/719/664 779/779/723 780/780/724 720/720/665
f 720/720/665 780/780/724 781/781/725 721/721/666
f 721/721/666 781/781/725 782/782/726 722/722/667
f 722/722/667 782/782/726 783/783/727 723/723/668
f 723/723/668 783/783/727 784/784/728 724/724/15
f 725/725/669 785/785/729 786/786/730 726/726/670
f 726/726/670 786/786/730 787/787/731 727/727/671
f 727/727/671 787/787/731 788/788/732 728/728/672
f 728/728/672 788/788/732 789/789/733 729/729/673
f 729/729/673 789/789/733 790/790/734 730/730/674
f 730/730/674 790/790/734 791/791/735 731/731/675
f 731/731/675 791/791/735 792/792/736 732/732/676
f 732/732/676 792/792/736 793/793/737 733/733/677
f 733/733/677 793/793/737 794/794/738 734/734/678
f 734/734/678 794/794/738 795/795/739 735/735/679
f 735/735/679 795/795/739 796/796/740 736/736/680
f 736/736/680 796/796/740 797/797/741 737/737/681
f 737/737/681 797/797/741 798/798/742 738/738/682
f 738/738/682 798/798/742 799/799/743 739/739/683
f 739/739/683 799/799/743 800/800/744 740/740/684
f 740/740/684 800/800/744 801/801/745 741/741/685
f 741/741/685 801/801/745 802/802/746 742/742/686
f 742/742/686 802/802/746 803/803/747 743/743/687
f 743/743/687 803/803/747 804/804/748 744/744/688
f 744/744/688 804/804/748 805/805/749 745/745/689
f 745/745/689 805/805/749 806/806/750 746/746/690
f 746/746/690 806/806/750 807/807/751 747/747/691
f 747/747/691 807/807/751 808/808/752 748/748/692
f 748/748/692 808/808/752 809/809/753 749/749/693
f 749/749/693 809/809/753 810/810/754 750/750/694
f 750/750/694 810/810/754 811/811/755 751/751/695
f 751/751/695 811/811/755 812/812/756 752/752/696
f 752/752/696 812/812/756 813/813/757 753/753/697
f 753/753/697 813/813/757 814/814/758 754/754/698
f 754/754/698 814/814/758 815/815/759 755/755/699
f 755/755/699 815/815/759 816/816/760 756/756/700
f 756/756/700 816/816/760 817/817/761 757/757/701
f 757/757/701 817/817/761 818/818/762 758/758/702
f 758/758/702 818/818/762 819/819/763 759/759/703
f 759/759/703 819/819/763 820/820/764 760/760/704
f 760/760/704 820/820/764 821/821/765 761/761/705
f 761/761/705 821/821/765 822/822/766 762/762/706
f 762/762/706 822/822/766 823/823/767 763/763/707
f 763/763/707 823/823/767 824/824/768 764/764/708
f 764/764/708 824/824/768 825/825/769 765/765/709
f 765/765/709 825/825/769 826/826/770 766/766/710
f 766/766/710 826/826/770 827/827/771 767/767/711
f 767/767/711 827/827/771 828/828/772 768/768/712
f 768/768/712 828/828/772 829/829/773 769/769/713
f 769/769/713 829/829/773 830/830/774 770/770/714
f 770/770/714 830/830/774 831/831/775 771/771/715
f 771/771/715 831/831/775 832/832/776 772/772/716
f 772/772/716 832/832/776 833/833/777 773/773/717
f 773/773/717 833/833/777 834/834/778 774/774/718
f 774/774/718 834/834/778 835/835/779 775/775/719
f 775/775/719 835/835/779 836/836/780 776/776/720
f 776/776/720 836/836/780 837/837/781 777/777/721
f 777/777/721 837/837/781 838/838/782 778/778/722
f 778/778/722 838/838/782 839/839/783 779/779/723
f 779/779/723 839/839/783 840/840/784 780/780/724
f 780/780/724 840/840/784 841/841/785 781/781/725
f 781/781/725 841/841/785 842/842/786 782/782/726
f 782/782/726 842/842/786 843/843/787 783/783/727
f 783/783/727 843/843/787 844/844/788 784/784/728
f 785/785/729 845/845/789 846/846/790 786/786/730
f 786/786/730 846/846/790 847/847/791 787/787/731
f 787/787/731 847/847/791 848/848/792 788/788/732
f 788/788/732 848/848/792 849/849/793 789/789/733
f 789/789/733 849/849/793 850/850/794 790/790/734
f 790/790/734 850/850/794 851/851/795 791/791/735
f 791/791/735 851/851/795 852/852/796 792/792/736
f 792/792/736 852/852/796 853/853/797 793/793/737
f 793/793/737 853/853/797 854/854/798 794/794/738
f 794/794/738 854/854/798 855/855/799 795/795/739
f 795/795/739 855/855/799 856/856/800 796/796/740
f 796/796/740 856/856/800 857/857/801 797/797/741
f 797/797/741 857/857/801 858/858/802 798/798/742
f 798/798/742 858/858/802 859/859/803 799/799/743
f 799/799/743 859/859/803 860/860/804 800/800/744
f 800/800/744 860/860/804 861/861/805 801/801/745
f 801/801/745 861/861/805 862/862/806 802/802/746
f 802/802/746 862/862/806 863/863/807 803/803/747
f 803/803/747 863/863/807 864/864/808 804/804/748
f 804/804/748 864/864/808 865/865/809 805/805/749
f 805/805/749 865/865/809 866/866/810 806/806/750
f 806/806/750 866/866/810 867/867/811 807/807/751
f 807/807/751 867/867/811 868/868/812 808/808/752
f 808/808/752 868/868/812 869/869/813 809/809/753
f 809/809/753 869/869/813 870/870/814 810/810/754
f 810/810/754 870/870/814 871/871/815 811/811/755
f 811/811/755 871/871/815 872/872/816 812/812/756
f 812/812/756 872/872/816 873/873/817 813/813/757
f 813/813/757 873/873/817 874/874/818 814/814/758
f 814/814/758 874/874/818 875/875/819 815/815/759
f 815/815/759 875/875/819 876/876/820 816/816/760
f 816/816/760 876/876/820 877/877/821 817/817/761
f 817/817/761 877/877/821 878/878/822 818/818/762
f 818/818/762 878/878/822 879/879/823 819/819/763
f 819/819/763 879/879/823 880/880/824 820/820/764
f 820/820/764 880/880/824 881/881/825 821/821/765
f 821/821/765 881/881/825 882/882/826 822/822/766
f 822/822/766 882/882/826 883/883/827 823/823/767
f 823/823/767 883/883/827 884/884/828 824/824/768
f 824/824/768 884/884/828 885/885/829 825/825/769
f 825/825/769 885/885/829 886/886/830 826/826/770
f 826/826/770 886/886/830 887/887/831 827/827/771
f 827/827/771 887/887/831 888/888/832 828/828/772
f 828/828/772 888/888/832 889/889/833 829/829/773
f 829/829/773 889/889/833 890/890/834 830/830/774
f 830/830/774 890/890/834 891/891/835 831/831/775
f 831/831/775 891/891/835 892/892/836 832/832/776
f 832/832/776 892/892/836 893/893/837 833/833/777
f 833/833/777 893/893/837 894/894/838 834/834/778
f 834/834/778 894/894/838 895/895/839 835/835/779
f 835/835/779 895/895/839 896/896/840 836/836/780
f 836/836/780 896/896/840 897/897/841 837/837/781
f 837/837/781 897/897/841 898/898/842 838/838/782
f 838/838/782 898/898/842 899/899/843 839/839/783
f 839/839/783 899/899/843 900/900/844 840/840/784
f 840/840/784 900/900/844 901/901/845 841/841/785
f 841/841/785 901/901/845 902/902/846 842/842/786
f 842/842/786 902/902/846 903/903/847 843/843/787
f 843/843/787 903/903/847 904/904/848 844/844/788
f 845/845/789 905/905/849 906/906/850 846/846/790
f 846/846/790 906/906/850 907/907/851 847/847/791
f 847/847/791 907/907/851 908/908/852 848/848/792
f 848/848/792 908/908/852 909/909/853 849/849/793
f 849/849/793 909/909/853 910/910/854 850/850/794
f 850/850/794 910/910/854 911/911/855 851/851/795
f 851/851/795 911/911/855 912/912/856 852/852/796
f 852/852/796 912/912/856 913/913/857 853/853/797
f 853/853/797 913/913/857 914/914/858 854/854/798
f 854/854/798 914/914/858 915/915/859 855/855/799
f 855/855/799 915/915/859 916/916/860 856/856/800
f 856/856/800 916/916/860 917/917/861 857/857/801
f 857/857/801 917/917/861 918/918/862 858/858/802
f 858/858/802 918/918/862 919/919/863 859/859/803
f 859/859/803 919/919/863 920/920/864 860/860/804
f 860/860/804 920/920/864 921/921/865 861/861/805
f 861/861/805 921/921/865 922/922/866 862/862/806
f 862/862/806 922/922/866 923/923/867 863/863/807
f 863/863/807 923/923/867 924/924/868 864/864/808
f 864/864/808 924/924/868 925/925/869 865/865/809
f 865/865/809 925/925/869 926/926/870 866/866/810
f 866/866/810 926/926/870 927/927/871 867/867/811
f 867/867/811 927/927/871 928/928/872 868/868/812
f 868/868/812 928/928/872 929/929/873 869/869/813
f 869/869/813 929/929/873 930/930/874 870/870/814
f 870/870/814 930/930/874 931/931/875 871/871/815
f 871/871/815 931/931/875 932/932/876 872/872/816
f 872/872/816 932/932/876 933/933/877 873/873/817
f 873/873/817 933/933/877 934/934/878 874/874/818
f 874/874/818 934/934/878 935/935/879 875/875/819
f 875/875/819 935/935/879 936/936/880 876/876/820
f 876/876/820 936/936/880 937/937/881 877/877/821
f 877/877/821 937/937/881 938/938/882 878/878/822
f 878/878/822 938/938/882 939/939/883 879/879/823
f 879/879/823 939/939/883 940/940/884 880/880/824
f 880/880/824 940/940/884 941/941/885 881/881/825
f 881/881/825 941/941/885 942/942/886 882/882/826
f 882/882/826 942/942/886 943/943/887 883/883/827
f 883/883/827 943/943/887 944/944/888 884/884/828
f 884/884/828 944/944/888 945/945/889 885/885/829
f 885/885/829 945/945/889 946/946/890 886/886/830
f 886/886/830 946/946/890 947/947/891 887/887/831
f 887/887/831 947/947/891 948/948/892 888/888/832
f 888/888/832 948/948/892 949/949/893 889/889/833
f 889/889/833 949/949/893 950/950/894 890/890/834
f 890/890/834 950/950/894 951/951/895 891/891/835
f 891/891/835 951/951/895 952/952/896 892/892/836
f 892/892/836 952/952/896 953/953/897 893/893/837
f 893/893/837 953/953/897 954/954/898 894/894/838
f 894/894/838 954/954/898 955/955/899 895/895/839
f 895/895/839 955/955/899 956/956/900 896/896/840
f 896/896/840 956/956/900 957/957/901 897/897/841
f 897/897/841 957/957/901 958/958/902 898/898/842
f 898/898/842 958/958/902 959/959/903 899/899/843
f 899/899/843 959/959/903 960/960/904 900/900/844
f 900/900/844 960/960/904 961/961/905 901/901/845
f 901/901/845 961/961/905 962/962/906 902/902/846
f 902/902/846 962/962/906 963/963/907 903/903/847
f 903/903/847 963/963/907 964/964/908 904/904/848
f 905/905/849 965/965/909 966/966/910 906/906/850
f 906/906/850 966/966/910 967/967/911 907/907/851
f 907/907/851 967/967/911 968/968/912 908/908/852
f 908/908/852 968/968/912 969/969/913 909/909/853
f 909/909/853 969/969/913 970/970/914 910/910/854
f 910/910/854 970/970/914 971/971/915 911/911/855
f 911/911/855 971/971/915 972/972/916 912/912/856
f 912/912/856 972/972/916 973/973/917 913/913/857
f 913/913/857 973/973/917 974/974/918 914/914/858
f 914/914/858 974/974/918 975/975/919 915/915/859
f 915/915/859 975/975/919 976/976/920 916/916/860
f 916/916/860 976/976/920 977/977/921 917/917/861
f 917/917/861 977/977/921 978/978/922 918/918/862
f 918/918/862 978/978/922 979/979/923 919/919/863
f 919/919/863 979/979/923 980/980/924 920/920/864
f 920/920/864 980/980/924 981/981/925 921/921/865
f 921/921/865 981/981/925 982/982/926 922/922/866
f 922/922/866 982/982/926 983/983/927 923/923/867
f 923/923/867 983/983/927 984/984/928 924/924/868
f 924/924/868 984/984/928 985/985/929 925/925/869
f 925/925/869 985/985/929 986/986/930 926/926/870
f 926/926/870 986/986/930 987/987/931 927/927/871
f 927/927/871 987/987/931 988/988/932 928/928/872
f 928/928/872 988/988/932 989/989/933 929/929/873
f 929/929/873 989/989/933 990/990/934 930/930/874
f 930/930/874 990/990/934 991/991/935 931/931/875
f 931/931/875 991/991/935 992/992/936 932/932/876
f 932/932/876 992/992/936 993/993/937 933/933/877
f 933/933/877 993/993/937 994/994/938 934/934/878
f 934/934/878 994/994/938 995/995/939 935/935/879
f 935/935/879 995/995/939 996/996/940 936/936/880
f 936/936/880 996/996/940 997/997/941 937/937/881
f 937/937/881 997/997/941 998/998/942 938/938/882
f 938/938/882 998/998/942 999/999/943 939/939/883
f 939/939/883 999/999/943 1000/1000/944 940/940/884
f 940/940/884 1000/1000/944 1001/1001/945 941/941/885
f 941/941/885 1001/1001/945 1002/1002/946 942/942/886
f 942/942/886 1002/1002/946 1003/1003/947 943/943/887
f 943/943/887 1003/1003/947 1004/1004/948 944/944/888
f 944/944/888 1004/1004/948 1005/1005/949 945/945/889
f 945/945/889 1005/1005/949 1006/1006/950 946/946/890
f 946/946/890 1006/1006/950 1007/1007/951 947/947/891
f 947/947/891 1007/1007/951 1008/1008/952 948/948/892
f 948/948/892 1008/1008/952 1009/1009/953 949/949/893
f 949/949/893 1009/1009/953 1010/1010/954 950/950/894
f 950/950/894 1010/1010/954 1011/1011/955 951/951/895
f 951/951/895 1011/1011/955 1012/1012/956 952/952/896
f 952/952/896 1012/1012/956 1013/1013/957 953/953/897
f 953/953/897 1013/1013/957 1014/1014/958 954/954/898
f 954/954/898 1014/1014/958 1015/1015/959 955/955/899
f 955/955/899 1015/1015/959 1016/1016/960 956/956/900
f 956/956/900 1016/1016/960 1017/1017/961 957/957/901
f 957/957/901 1017/1017/961 1018/1018/962 958/958/902
f 958/958/902 1018/1018/962 1019/1019/963 959/959/903
f 959/959/903 1019/1019/963 1020/1020/964 960/960/904
f 960/960/904 1020/1020/964 1021/1021/965 961/961/905
f 961/961/905 1021/1021/965 1022/1022/966 962/962/906
f 962/962/906 1022/1022/966 1023/1023/967 963/963/907
f 963/963/907 1023/1023/967 1024/1024/968 964/964/908
f 965/965/909 1025/1025/969 1026/1026/970 966/966/910
f 966/966/910 1026/1026/970 1027/1027/971 967/967/911
f 967/967/911 1027/1027/971 1028/1028/972 968/968/912
f 968/968/912 1028/1028/972 1029/1029/973 969/969/913
f 969/969/913 1029/1029/973 1030/1030/974 970/970/914
f 970/970/914 1030/1030/974 1031/1031/975 971/971/915
f 971/971/915 1031/1031/975 1032/1032/976 972/972/916
f 972/972/916 1032/1032/976 1033/1033/977 973/973/917
f 973/973/917 1033/1033/977 1034/1034/978 974/974/918
f 974/974/918 1034/1034/978 1035/1035/979 975/975/919
f 975/975/919 1035/1035/979 1036/1036/980 976/976/920
f 976/976/920 1036/1036/980 1037/1037/981 977/977/921
f 977/977/921 1037/1037/981 1038/1038/982 978/978/922
f 978/978/922 1038/1038/982 1039/1039/983 979/979/923
f 979/979/923 1039/1039/983 1040/1040/984 980/980/924
f 980/980/924 1040/1040/984 1041/1041/985 981/981/925
f 981/981/925 1041/1041/985 1042/1042/986 982/982/926
f 982/982/926 1042/1042/986 1043/1043/987 983/983/927
f 983/983/927 1043/1043/987 1044/1044/988 984/984/928
f 984/984/928 1044/1044/988 1045/1045/989 985/985/929
f 985/985/929 1045/1045/989 1046/1046/990 986/986/930
f 986/986/930 1046/1046/990 1047/1047/991 987/987/931
f 987/987/931 1047/1047/991 1048/1048/992 988/988/932
f 988/988/932 1048/1048/992 1049/1049/993 989/989/933
f 989/989/933 1049/1049/993 1050/1050/994 990/990/934
f 990/990/934 1050/1050/994 1051/1051/995 991/991/935
f 991/991/935 1051/1051/995 1052/1052/996 992/992/936
f 992/992/936 1052/1052/996 1053/1053/997 993/993/937
f 993/993/937 1053/1053/997 1054/1054/998 994/994/938
f 994/994/938 1054/1054/998 1055/1055/999 995/995/939
f 995/995/939 1055/1055/999 1056/1056/1000 996/996/940
f 996/996/940 1056/1056/1000 1057/1057/1001 997/997/941
f 997/997/941 1057/1057/1001 1058/1058/1002 998/998/942
f 998/998/942 1058/1058/1002 1059/1059/1003 999/999/943
f 999/999/943 1059/1059/1003 1060/1060/1004 1000/1000/944
f 1000/1000/944 1060/1060/1004 1061/1061/1005 1001/1001/945
f 1001/1001/945 1061/1061/1005 1062/1062/1006 1002/1002/946
f 1002/1002/946 1062/1062/1006 1063/1063/1007 1003/1003/947
f 1003/1003/947 1063/1063/1007 1064/1064/1008 1004/1004/948
f 1004/1004/948 1064/1064/1008 1065/1065/1009 1005/1005/949
f 1005/1005/949 1065/1065/1009 1066/1066/1010 1006/1006/950
f 1006/1006/950 1066/1066/1010 1067/1067/1011 1007/1007/951
f 1007/1007/951 1067/1067/1011 1068/1068/1012 1008/1008/952
f 1008/1008/952 1068/1068/1012 1069/1069/1013 1009/1009/953
f 1009/1009/953 1069/1069/1013 1070/1070/1014 1010/1010/954
f 1010/1010/954 1070/1070/1014 1071/1071/1015 1011/1011/955
f 1011/1011/955 1071/1071/1015 1072/1072/1016 1012/1012/956
f 1012/1012/956 1072/1072/1016 1073/1073/1017 1013/1013/957
f 1013/1013/957 1073/1073/1017 1074/1074/1018 1014/1014/958
f 1014/1014/958 1074/1074/1018 1075/1075/1019 1015/1015/959
f 1015/1015/959 1075/1075/1019 1076/1076/1020 1016/1016/960
f 1016/1016/960 1076/1076/1020 1077/1077/1021 1017/1017/961
f 1017/1017/961 1077/1077/1021 1078/1078/1022 1018/1018/962
f 1018/1018/962 1078/1078/1022 1079/1079/1023 1019/1019/963
f 1019/1019/963 1079/1079/1023 1080/1080/1024 1020/1020/964
f 1020/1020/964 1080/1080/1024 1081/1081/1025 1021/1021/965
f 1021/1021/965 1081/1081/1025 1082/1082/1026 1022/1022/966
f 1022/1022/966 1082/1082/1026 1083/1083/1027 1023/1023/967
f 1023/1023/967 1083/1083/1027 1084/1084/1028 1024/1024/968
f 1025/1025/969 1085/1085/1029 1086/1086/1030 1026/1026/970
f 1026/1026/970 1086/1086/1030 1087/1087/1031 1027/1027/971
f 1027/1027/971 1087/1087/1031 1088/1088/1032 1028/1028/972
f 1028/1028/972 1088/1088/1032 1089/1089/1033 1029/1029/973
f 1029/1029/973 1089/1089/1033 1090/1090/1034 1030/1030/974
f 1030/1030/974 1090/1090/1034 1091/1091/1035 1031/1031/975
f 1031/1031/975 1091/1091/1035 1092/1092/1036 1032/1032/976
f 1032/1032/976 1092/1092/1036 1093/1093/1037 1033/1033/977
f 1033/1033/977 1093/1093/1037 1094/1094/1038 1034/1034/978
f 1034/1034/978 1094/1094/1038 1095/1095/1039 1035/1035/979
f 1035/1035/979 1095/1095/1039 1096/1096/1040 1036/1036/980
f 1036/1036/980 1096/1096/1040 1097/1097/1041 1037/1037/981
f 1037/1037/981 1097/1097/1041 1098/1098/1042 1038/1038/982
f 1038/1038/982 1098/1098/1042 1099/1099/1043 1039/1039/983
f 1039/1039/983 1099/1099/1043 1100/1100/1044 1040/1040/984
f 1040/1040/984 1100/1100/1044 1101/1101/1045 1041/1041/985
f 1041/1041/985 1101/1101/1045 1102/1102/1046 1042/1042/986
f 1042/1042/986 1102/1102/1046 1103/1103/1047 1043/1043/987
f 1043/1043/987 1103/1103/1047 1104/1104/1048 1044/1044/988
f 1044/1044/988 1104/1104/1048 1105/1105/1049 1045/1045/989
f 1045/1045/989 1105/1105/1049 1106/1106/1050 1046/1046/990
f 1046/1046/990 1106/1106/1050 1107/1107/1051 1047/1047/991
f 1047/1047/991 1107/1107/1051 1108/1108/1052 1048/1048/992
f 1048/1048/992 1108/1108/1052 1109/1109/1053 1049/1049/993
f 1049/1049/993 1109/1109/1053 1110/1110/1054 1050/1050/994
f 1050/1050/994 1110/1110/1054 1111/1111/1055 1051/1051/995
f 1051/1051/995 1111/1111/1055 1112/1112/1056 1052/1052/996
f 1052/1052/996 1112/1112/1056 1113/1113/1057 1053/1053/997
f 1053/1053/997 1113/1113/1057 1114/1114/1058 1054/1054/998
f 1054/1054/998 1114/1114/1058 1115/1115/1059 1055/1055/999
f 1055/1055/999 1115/1115/1059 1116/1116/1060 1056/1056/1000
f 1056/1056/1000 1116/1116/1060 1117/1117/1061 1057/1057/1001
f 1057/1057/1001 1117/1117/1061 1118/1118/1062 1058/1058/1002
f 1058/1058/1002 1118/1118/1062 1119/1119/1063 1059/1059/1003
f 1059/1059/1003 1119/1119/1063 1120/1120/1064 1060/1060/1004
f 1060/1060/1004 1120/1120/1064 1121/1121/1065 1061/1061/1005
f 1061/1061/1005 1121/1121/1065 1122/1122/1066 1062/1062/1006
f 1062/1062/1006 1122/1122/1066 1123/1123/1067 1063/1063/1007
f 1063/1063/1007 1123/1123/1067 1124/1124/1068 1064/1064/1008
f 1064/1064/1008 1124/1124/1068 1125/1125/1069 1065/1065/1009
f 1065/1065/1009 1125/1125/1069 1126/1126/1070 1066/1066/1010
f 1066/1066/1010 1126/1126/1070 1127/1127/1071 1067/1067/1011
f 1067/1067/1011 1127/1127/1071 1128/1128/1072 1068/1068/1012
f 1068/1068/1012 1128/1128/1072 1129/1129/1073 1069/1069/1013
f 1069/1069/1013 1129/1129/1073 1130/1130/1074 1070/1070/1014
f 1070/1070/1014 1130/1130/1074 1131/1131/1075 1071/1071/1015
f 1071/1071/1015 1131/1131/1075 1132/1132/1076 1072/1072/1016
f 1072/1072/1016 1132/1132/1076 1133/1133/1077 1073/1073/1017
f 1073/1073/1017 1133/1133/1077 1134/1134/1078 1074/1074/1018
f 1074/1074/1018 1134/1134/1078 1135/1135/1079 1075/1075/1019
f 1075/1075/1019 1135/1135/1079 1136/1136/1080 1076/1076/1020
f 1076/1076/1020 1136/1136/1080 1137/1137/1081 1077/1077/1021
f 1077/1077/1021 1137/1137/1081 1138/1138/1082 1078/1078/1022
f 1078/1078/1022 1138/1138/1082 1139/1139/1083 1079/1079/1023
f 1079/1079/1023 1139/1139/1083 1140/1140/1084 1080/1080/1024
f 1080/1080/1024 1140/1140/1084 1141/1141/1085 1081/1081/1025
f 1081/1081/1025 1141/1141/1085 1142/1142/1086 1082/1082/1026
f 1082/1082/1026 1142/1142/1086 1143/1143/1087 1083/1083/1027
f 1083/1083/1027 1143/1143/1087 1144/1144/1088 1084/1084/1028
f 1085/1085/1029 1145/1145/1089 1146/1146/1090 1086/1086/1030
f 1086/1086/1030 1146/1146/1090 1147/1147/1091 1087/1087/1031
f 1087/1087/1031 1147/1147/1091 1148/1148/1092 1088/1088/1032
f 1088/1088/1032 1148/1148/1092 1149/1149/1093 1089/1089/1033
f 1089/1089/1033 1149/1149/1093 1150/1150/1094 1090/1090/1034
f 1090/1090/1034 1150/1150/1094 1151/1151/1095 1091/1091/1035
f 1091/1091/1035 1151/1151/1095 1152/1152/1096 1092/1092/1036
f 1092/1092/1036 1152/1152/1096 1153/1153/1097 1093/1093/1037
f 1093/1093/1037 1153/1153/1097 1154/1154/1098 1094/1094/1038
f 1094/1094/1038 1154/1154/1098 1155/1155/1099 1095/1095/1039
f 1095/1095/1039 1155/1155/1099 1156/1156/1100 1096/1096/1040
f 1096/1096/1040 1156/1156/1100 1157/1157/1101 1097/1097/1041
f 1097/1097/1041 1157/1157/1101 1158/1158/1102 1098/1098/1042
f 1098/1098/1042 1158/1158/1102 1159/1159/1103 1099/1099/1043
f 1099/1099/1043 1159/1159/1103 1160/1160/1104 1100/1100/1044
f 1100/1100/1044 1160/1160/1104 1161/1161/1105 1101/1101/1045
f 1101/1101/1045 1161/1161/1105 1162/1162/1106 1102/1102/1046
f 1102/1102/1046 1162/1162/1106 1163/1163/1107 1103/1103/1047
f 1103/1103/1047 1163/1163/1107 1164/1164/1108 1104/1104/1048
f 1104/1104/1048 1164/1164/1108 1165/1165/1109 1105/1105/1049
f 1105/1105/1049 1165/1165/1109 1166/1166/1110 1106/1106/1050
f 1106/1106/1050 1166/1166/1110 1167/1167/1111 1107/1107/1051
f 1107/1107/1051 1167/1167/1111 1168/1168/1112 1108/1108/1052
f 1108/1108/1052 1168/1168/1112 1169/1169/1113 1109/1109/1053
f 1109/1109/1053 1169/1169/1113 1170/1170/1114 1110/1110/1054
f 1110/1110/1054 1170/1170/1114 1171/1171/1115 1111/1111/1055
f 1111/1111/1055 1171/1171/1115 1172/1172/1116 1112/1112/1056
f 1112/1112/1056 1172/1172/1116 1173/1173/1117 1113/1113/1057
f 1113/1113/1057 1173/1173/1117 1174/1174/1118 1114/1114/1058
f 1114/1114/1058 1174/1174/1118 1175/1175/1119 1115/1115/1059
f 1115/1115/1059 1175/1175/1119 1176/1176/1120 1116/1116/1060
f 1116/1116/1060 1176/1176/1120 1177/1177/1121 1117/1117/1061
f 1117/1117/1061 1177/1177/1121 1178/1178/1122 1118/1118/1062
f 1118/1118/1062 1178/1178/1122 1179/1179/1123 1119/1119/1063
f 1119/1119/1063 1179/1179/1123 1180/1180/1124 1120/1120/1064
f 1120/1120/1064 1180/1180/1124 1181/1181/1125 1121/1121/1065
f 1121/1121/1065 1181/1181/1125 1182/1182/1126 1122/1122/1066
f 1122/1122/1066 1182/1182/1126 1183/1183/1127 1123/1123/1067
f 1123/1123/1067 1183/1183/1127 1184/1184/1128 1124/1124/1068
f 1124/1124/1068 1184/1184/1128 1185/1185/1129 1125/1125/1069
f 1125/1125/1069 1185/1185/1129 1186/1186/1130 1126/1126/1070
f 1126/1126/1070 1186/1186/1130 1187/1187/1131 1127/1127/1071
f 1127/1127/1071 1187/1187/1131 1188/1188/1132 1128/1128/1072
f 1128/1128/1072 1188/1188/1132 1189/1189/1133 1129/1129/1073
f 1129/1129/1073 1189/1189/1133 1190/1190/1134 1130/1130/1074
f 1130/1130/1074 1190/1190/1134 1191/1191/1135 1131/1131/1075
f 1131/1131/1075 1191/1191/1135 1192/1192/1136 1132/1132/1076
f 1132/1132/1076 1192/1192/1136 1193/1193/1137 1133/1133/1077
f 1133/1133/1077 1193/1193/1137 1194/1194/1138 1134/1134/1078
f 1134/1134/1078 1194/1194/1138 1195/1195/1139 1135/1135/1079
f 1135/1135/1079 1195/1195/1139 1196/1196/1140 1136/1136/1080
f 1136/1136/1080 1196/1196/1140 1197/1197/1141 1137/1137/1081
f 1137/1137/1081 1197/1197/1141 1198/1198/1142 1138/1138/1082
f 1138/1138/1082 1198/1198/1142 1199/1199/1143 1139/1139/1083
f 1139/1139/1083 1199/1199/1143 1200/1200/1144 1140/1140/1084
f 1140/1140/1084 1200/1200/1144 1201/1201/1145 1141/1141/1085
f 1141/1141/1085 1201/1201/1145 1202/1202/1146 1142/1142/1086
f 1142/1142/1086 1202/1202/1146 1203/1203/1147 1143/1143/1087
f 1143/1143/1087 1203/1203/1147 1204/1204/1148 1144/1144/1088
f 1145/1145/1089 1205/1205/1149 1206/1206/1150 1146/1146/1090
f 1146/1146/1090 1206/1206/1150 1207/1207/1151 1147/1147/1091
f 1147/1147/1091 1207/1207/1151 1208/1208/1152 1148/1148/1092
f 1148/1148/1092 1208/1208/1152 1209/1209/1153 1149/1149/1093
f 1149/1149/1093 1209/1209/1153 1210/1210/1154 1150/1150/1094
f 1150/1150/1094 1210/1210/1154 1211/1211/1155 1151/1151/1095
f 1151/1151/1095 1211/1211/1155 1212/1212/1156 1152/1152/1096
f 1152/1152/1096 1212/1212/1156 1213/1213/1157 1153/1153/1097
f 1153/1153/1097 1213/1213/1157 1214/1214/1158 1154/1154/1098
f 1154/1154/1098 1214/1214/1158 1215/1215/1159 1155/1155/1099
f 1155/1155/1099 1215/1215/1159 1216/1216/1160 1156/1156/1100
f 1156/1156/1100 1216/1216/1160 1217/1217/1161 1157/1157/1101
f 1157/1157/1101 1217/1217/1161 1218/1218/1162 1158/1158/1102
f 1158/1158/1102 1218/1218/1162 1219/1219/1163 1159/1159/1103
f 1159/1159/1103 1219/1219/1163 1220/1220/1164 1160/1160/1104
f 1160/1160/1104 1220/1220/1164 1221/1221/1165 1161/1161/1105
f 1161/1161/1105 1221/1221/1165 1222/1222/1166 1162/1162/1106
f 1162/1162/1106 1222/1222/1166 1223/1223/1167 1163/1163/1107
f 1163/1163/1107 1223/1223/1167 1224/1224/1168 1164/1164/1108
f 1164/1164/1108 1224/1224/1168 1225/1225/1169 1165/1165/1109
f 1165/1165/1109 1225/1225/1169 1226/1226/1170 1166/1166/1110
f 1166/1166/1110 1226/1226/1170 1227/1227/1171 1167/1167/1111
f 1167/1167/1111 1227/1227/1171 1228/1228/1172 1168/1168/1112
f 1168/1168/1112 1228/1228/1172 1229/1229/1173 1169/1169/1113
f 1169/1169/1113 1229/1229/1173 1230/1230/1174 1170/1170/1114
f 1170/1170/1114 1230/1230/1174 1231/1231/1175 1171/1171/1115
f 1171/1171/1115 1231/1231/1175 1232/1232/1176 1172/1172/1116
f 1172/1172/1116 1232/1232/1176 1233/1233/1177 1173/1173/1117
f 1173/1173/1117 1233/1233/1177 1234/1234/1178 1174/1174/1118
f 1174/1174/1118 1234/1234/1178 1235/1235/1179 1175/1175/1119
f 1175/1175/1119 1235/1235/1179 1236/1236/1180 1176/1176/1120
f 1176/1176/1120 1236/1236/1180 1237/1237/1181 1177/1177/1121
f 1177/1177/1121 1237/1237/1181 1238/1238/1182 1178/1178/1122
f 1178/1178/1122 1238/1238/1182 1239/1239/1183 1179/1179/1123
f 1179/1179/1123 1239/1239/1183 1240/1240/1184 1180/1180/1124
f 1180/1180/1124 1240/1240/1184 1241/1241/1185 1181/1181/1125
f 1181/1181/1125 1241/1241/1185 1242/1242/1186 1182/1182/1126
f 1182/1182/1126 1242/1242/1186 1243/1243/1187 1183/1183/1127
f 1183/1183/1127 1243/1243/1187 1244/1244/1188 1184/1184/1128
f 1184/1184/1128 1244/1244/1188 1245/1245/1189 1185/1185/1129
f 1185/1185/1129 1245/1245/1189 1246/1246/1190 1186/1186/1130
f 1186/1186/1130 1246/1246/1190 1247/1247/1191 1187/1187/1131
f 1187/1187/1131 1247/1247/1191 1248/1248/1192 1188/1188/1132
f 1188/1188/1132 1248/1248/1192 1249/1249/1193 1189/1189/1133
f 1189/1189/1133 1249/1249/1193 1250/1250/1194 1190/1190/1134
f 1190/1190/1134 1250/1250/1194 1251/1251/1195 1191/1191/1135
f 1191/1191/1135 1251/1251/1195 1252/1252/1196 1192/1192/1136
f 1192/1192/1136 1252/1252/1196 1253/1253/1197 1193/1193/1137
f 1193/1193/1137 1253/1253/1197 1254/1254/1198 1194/1194/1138
f 1194/1194/1138 1254/1254/1198 1255/1255/1199 1195/1195/1139
f 1195/1195/1139 1255/1255/1199 1256/1256/1200 1196/1196/1140
f 1196/1196/1140 1256/1256/1200 1257/1257/1201 1197/1197/1141
f 1197/1197/1141 1257/1257/1201 1258/1258/1202 1198/1198/1142
f 1198/1198/1142 1258/1258/1202 1259/1259/1203 1199/1199/1143
f 1199/1199/1143 1259/1259/1203 1260/1260/1204 1200/1200/1144
f 1200/1200/1144 1260/1260/1204 1261/1261/1205 1201/1201/1145
f 1201/1201/1145 1261/1261/1205 1262/1262/1206 1202/1202/1146
f 1202/1202/1146 1262/1262/1206 1263/1263/1207 1203/1203/1147
f 1203/1203/1147 1263/1263/1207 1264/1264/1208 1204/1204/1148
f 1205/1205/1149 1265/1265/1209 1266/1266/1210 1206/1206/1150
f 1206/1206/1150 1266/1266/1210 1267/1267/1211 1207/1207/1151
f 1207/1207/1151 1267/1267/1211 1268/1268/1212 1208/1208/1152
f 1208/1208/1152 1268/1268/1212 1269/1269/1213 1209/1209/1153
f 1209/1209/1153 1269/1269/1213 1270/1270/1214 1210/1210/1154
f 1210/1210/1154 1270/1270/1214 1271/1271/1215 1211/1211/1155
f 1211/1211/1155 1271/1271/1215 1272/1272/1216 1212/1212/1156
f 1212/1212/1156 1272/1272/1216 1273/1273/1217 1213/1213/1157
f 1213/1213/1157 1273/1273/1217 1274/1274/1218 1214/1214/1158
f 1214/1214/1158 1274/1274/1218 1275/1275/1219 1215/1215/1159
f 1215/1215/1159 1275/1275/1219 1276/1276/1220 1216/1216/1160
f 1216/1216/1160 1276/1276/1220 1277/1277/1221 1217/1217/1161
f 1217/1217/1161 1277/1277/1221 1278/1278/1222 1218/1218/1162
f 1218/1218/1162 1278/1278/1222 1279/1279/1223 1219/1219/1163
f 1219/1219/1163 1279/1279/1223 1280/1280/1224 1220/1220/1164
f 1220/1220/1164 1280/1280/1224 1281/1281/1225 1221/1221/1165
f 1221/1221/1165 1281/1281/1225 1282/1282/1226 1222/1222/1166
f 1222/1222/1166 1282/1282/1226 1283/1283/1227 1223/1223/1167
f 1223/1223/1167 1283/1283/1227 1284/1284/1228 1224/1224/1168
f 1224/1224/1168 1284/1284/1228 1285/1285/1229 1225/1225/1169
f 1225/1225/1169 1285/1285/1229 1286/1286/1230 1226/1226/1170
f 1226/1226/1170 1286/1286/1230 1287/1287/1231 1227/1227/1171
f 1227/1227/1171 1287/1287/1231 1288/1288/1232 1228/1228/1172
f 1228/1228/1172 1288/1288/1232 1289/1289/1233 1229/1229/1173
f 1229/1229/1173 1289/1289/1233 1290/1290/1234 1230/1230/1174
f 1230/1230/1174 1290/1290/1234 1291/1291/1235 1231/1231/1175
f 1231/1231/1175 1291/1291/1235 1292/1292/1236 1232/1232/1176
f 1232/1232/1176 1292/1292/1236 1293/1293/1237 1233/1233/1177
f 1233/1233/1177 1293/1293/1237 1294/1294/1238 1234/1234/1178
f 1234/1234/1178 1294/1294/1238 1295/1295/1239 1235/1235/1179
f 1235/1235/1179 1295/1295/1239 1296/1296/1240 1236/1236/1180
f 1236/1236/1180 1296/1296/1240 1297/1297/1241 1237/1237/1181
f 1237/1237/1181 1297/1297/1241 1298/1298/1242 1238/1238/1182
f 1238/1238/1182 1298/1298/1242 1299/1299/1243 1239/1239/1183
f 1239/1239/1183 1299/1299/1243 1300/1300/1244 1240/1240/1184
f 1240/1240/1184 1300/1300/1244 1301/1301/1245 1241/1241/1185
f 1241/1241/1185 1301/1301/1245 1302/1302/1246 1242/1242/1186
f 1242/1242/1186 1302/1302/1246 1303/1303/1247 1243/1243/1187
f 1243/1243/1187 1303/1303/1247 1304/1304/1248 1244/1244/1188
f 1244/1244/1188 1304/1304/1248 1305/1305/1249 1245/1245/1189
f 1245/1245/1189 1305/1305/1249 1306/1306/1250 1246/1246/1190
f 1246/1246/1190 1306/1306/1250 1307/1307/1251 1247/1247/1191
f 1247/1247/1191 1307/1307/1251 1308/1308/1252 1248/1248/1192
f 1248/1248/1192 1308/1308/1252 1309/1309/1253 1249/1249/1193
f 1249/1249/1193 1309/1309/1253 1310/1310/1254 1250/1250/1194
f 1250/1250/1194 1310/1310/1254 1311/1311/1255 1251/1251/1195
f 1251/1251/1195 1311/1311/1255 1312/1312/1256 1252/1252/1196
f 1252/1252/1196 1312/1312/1256 1313/1313/1257 1253/1253/1197
f 1253/1253/1197 1313/1313/1257 1314/1314/1258 1254/1254/1198
f 1254/1254/1198 1314/1314/1258 1315/1315/1259 1255/1255/1199
f 1255/1255/1199 1315/1315/1259 1316/1316/1260 1256/1256/1200
f 1256/1256/1200 1316/1316/1260 1317/1317/1261 1257/1257/1201
f 1257/1257/1201 1317/1317/1261 1318/1318/1262 1258/1258/1202
f 1258/1258/1202 1318/1318/1262 1319/1319/1263 1259/1259/1203
f 1259/1259/1203 1319/1319/1263 1320/1320/1264 1260/1260/1204
f 1260/1260/1204 1320/1320/1264 1321/1321/1265 1261/1261/1205
f 1261/1261/1205 1321/1321/1265 1322/1322/1266 1262/1262/1206
f 1262/1262/1206 1322/1322/1266 1323/1323/1267 1263/1263/1207
f 1263/1263/1207 1323/1323/1267 1324/1324/1268 1264/1264/1208
f 1265/1265/1209 1325/1325/1269 1326/1326/1270 1266/1266/1210
f 1266/1266/1210 1326/1326/1270 1327/1327/1271 1267/1267/1211
f 1267/1267/1211 1327/1327/1271 1328/1328/1272 1268/1268/1212
f 1268/1268/1212 1328/1328/1272 1329/1329/1273 1269/1269/1213
f 1269/1269/1213 1329/1329/1273 1330/1330/1274 1270/1270/1214
f 1270/1270/1214 1330/1330/1274 1331/1331/1275 1271/1271/1215
f 1271/1271/1215 1331/1331/1275 1332/1332/1276 1272/1272/1216
f 1272/1272/1216 1332/1332/1276 1333/1333/1277 1273/1273/1217
f 1273/1273/1217 1333/1333/1277 1334/1334/1278 1274/1274/1218
f 1274/1274/1218 1334/1334/1278 1335/1335/1279 1275/1275/1219
f 1275/1275/1219 1335/1335/1279 1336/1336/1280 1276/1276/1220
f 1276/1276/1220 1336/1336/1280 1337/1337/1281 1277/1277/1221
f 1277/1277/1221 1337/1337/1281 1338/1338/1282 1278/1278/1222
f 1278/1278/1222 1338/1338/1282 1339/1339/1283 1279/1279/1223
f 1279/1279/1223 1339/1339/1283 1340/1340/1284 1280/1280/1224
f 1280/1280/1224 1340/1340/1284 1341/1341/1285 1281/1281/1225
f 1281/1281/1225 1341/1341/1285 1342/1342/1286 1282/1282/1226
f 1282/1282/1226 1342/1342/1286 1343/1343/1287 1283/1283/1227
f 1283/1283/1227 1343/1343/1287 1344/1344/1288 1284/1284/1228
f 1284/1284/1228 1344/1344/1288 1345/1345/1289 1285/1285/1229
f 1285/1285/1229 1345/1345/1289 1346/1346/1290 1286/1286/1230
f 1286/1286/1230 1346/1346/1290 1347/1347/1291 1287/1287/1231
f 1287/1287/1231 1347/1347/1291 1348/1348/1292 1288/1288/1232
f 1288/1288/1232 1348/1348/1292 1349/1349/1293 1289/1289/1233
f 1289/1289/1233 1349/1349/1293 1350/1350/1294 1290/1290/1234
f 1290/1290/1234 1350/1350/1294 1351/1351/1295 1291/1291/1235
f 1291/1291/1235 1351/1351/1295 1352/1352/1296 1292/1292/1236
f 1292/1292/1236 1352/1352/1296 1353/1353/1297 1293/1293/1237
f 1293/1293/1237 1353/1353/1297 1354/1354/1298 1294/1294/1238
f 1294/1294/1238 1354/1354/1298 1355/1355/1299 1295/1295/1239
f 1295/1295/1239 1355/1355/1299 1356/1356/1300 1296/1296/1240
f 1296/1296/1240 1356/1356/1300 1357/1357/1301 1297/1297/1241
f 1297/1297/1241 1357/1357/1301 1358/1358/1302 1298/1298/1242
f 1298/1298/1242 1358/1358/1302 1359/1359/1303 1299/1299/1243
f 1299/1299/1243 1359/1359/1303 1360/1360/1304 1300/1300/1244
f 1300/1300/1244 1360/1360/1304 1361/1361/1305 1301/1301/1245
f 1301/1301/1245 1361/1361/1305 1362/1362/1306 1302/1302/1246
f 1302/1302/1246 1362/1362/1306 1363/1363/1307 1303/1303/1247
f 1303/1303/1247 1363/1363/1307 1364/1364/1308 1304/1304/1248
f 1304/1304/1248 1364/1364/1308 1365/1365/1309 1305/1305/1249
f 1305/1305/1249 1365/1365/1309 1366/1366/1310 1306/1306/1250
f 1306/1306/1250 1366/1366/1310 1367/1367/1311 1307/1307/1251
f 1307/1307/1251 1367/1367/1311 1368/1368/1312 1308/1308/1252
f 1308/1308/1252 1368/1368/1312 1369/1369/1313 1309/1309/1253
f 1309/1309/1253 1369/1369/1313 1370/1370/1314 1310/1310/1254
f 1310/1310/1254 1370/1370/1314 1371/1371/1315 1311/1311/1255
f 1311/1311/1255 1371/1371/1315 1372/1372/1316 1312/1312/1256
f 1312/1312/1256 1372/1372/1316 1373/1373/1317 1313/1313/1257
f 1313/1313/1257 1373/1373/1317 1374/1374/1318 1314/1314/1258
f 1314/1314/1258 1374/1374/1318 1375/1375/1319 1315/1315/1259
f 1315/1315/1259 1375/1375/1319 1376/1376/1320 1316/1316/1260
f 1316/1316/1260 1376/1376/1320 1377/1377/1321 1317/1317/1261
f 1317/1317/1261 1377/1377/1321 1378/1378/1322 1318/1318/1262
f 1318/1318/1262 1378/1378/1322 1379/1379/1323 1319/1319/1263
f 1319/1319/1263 1379/1379/1323 1380/1380/1324 1320/1320/1264
f 1320/1320/1264 1380/1380/1324 1381/1381/1325 1321/1321/1265
f 1321/1321/1265 1381/1381/1325 1382/1382/1326 1322/1322/1266
f 1322/1322/1266 1382/1382/1326 1383/1383/1327 1323/1323/1267
f 1323/1323/1267 1383/1383/1327 1384/1384/1328 1324/1324/1268
f 1325/1325/1269 1385/1385/1329 1386/1386/1330 1326/1326/1270
f 1326/1326/1270 1386/1386/1330 1387/1387/1331 1327/1327/1271
f 1327/1327/1271 1387/1387/1331 1388/1388/1332 1328/1328/1272
f 1328/1328/1272 1388/1388/1332 1389/1389/1333 1329/1329/1273
f 1329/1329/1273 1389/1389/1333 1390/1390/1334 1330/1330/1274
f 1330/1330/1274 1390/1390/1334 1391/1391/1335 1331/1331/1275
f 1331/1331/1275 1391/1391/1335 1392/1392/1336 1332/1332/1276
f 1332/1332/1276 1392/1392/1336 1393/1393/1337 1333/1333/1277
f 1333/1333/1277 1393/1393/1337 1394/1394/1338 1334/1334/1278
f 1334/1334/1278 1394/1394/1338 1395/1395/1339 1335/1335/1279
f 1335/1335/1279 1395/1395/1339 1396/1396/1340 1336/1336/1280
f 1336/1336/1280 1396/1396/1340 1397/1397/1341 1337/1337/1281
f 1337/1337/1281 1397/1397/1341 1398/1398/1342 1338/1338/1282
f 1338/1338/1282 1398/1398/1342 1399/1399/1343 1339/1339/1283
f 1339/1339/1283 1399/1399/1343 1400/1400/1344 1340/1340/1284
f 1340/1340/1284 1400/1400/1344 1401/1401/1345 1341/1341/1285
f 1341/1341/1285 1401/1401/1345 1402/1402/1346 1342/1342/1286
f 1342/1342/1286 1402/1402/1346 1403/1403/1347 1343/1343/1287
f 1343/1343/1287 1403/1403/1347 1404/1404/1348 1344/1344/1288
f 1344/1344/1288 1404/1404/1348 1405/1405/1349 1345/1345/1289
f 1345/1345/1289 1405/1405/1349 1406/1406/1350 1346/1346/1290
f 1346/1346/1290 1406/1406/1350 1407/1407/1351 1347/1347/1291
f 1347/1347/1291 1407/1407/1351 1408/1408/1352 1348/1348/1292
f 1348/1348/1292 1408/1408/1352 1409/1409/1353 1349/1349/1293
f 1349/1349/1293 1409/1409/1353 1410/1410/1354 1350/1350/1294
f 1350/1350/1294 1410/1410/1354 1411/1411/1355 1351/1351/1295
f 1351/1351/1295 1411/1411/1355 1412/1412/1356 1352/1352/1296
f 1352/1352/1296 1412/1412/1356 1413/1413/1357 1353/1353/1297
f 1353/1353/1297 1413/1413/1357 1414/1414/1358 1354/1354/1298
f 1354/1354/1298 1414/1414/1358 1415/1415/1359 1355/1355/1299
f 1355/1355/1299 1415/1415/1359 1416/1416/1360 1356/1356/1300
f 1356/1356/1300 1416/1416/1360 1417/1417/1361 1357/1357/1301
f 1357/1357/1301 1417/1417/1361 1418/1418/1362 1358/1358/1302
f 1358/1358/1302 1418/1418/1362 1419/1419/1363 1359/1359/1303
f 1359/1359/1303 1419/1419/1363 1420/1420/1364 1360/1360/1304
f 1360/1360/1304 1420/1420/1364 1421/1421/1365 1361/1361/1305
f 1361/1361/1305 1421/1421/1365 1422/1422/1366 1362/1362/1306
f 1362/1362/1306 1422/1422/1366 1423/1423/1367 1363/1363/1307
f 1363/1363/1307 1423/1423/1367 1424/1424/1368 1364/1364/1308
f 1364/1364/1308 1424/1424/1368 1425/1425/1369 1365/1365/1309
f 1365/1365/1309 1425/1425/1369 1426/1426/1370 1366/1366/1310
f 1366/1366/1310 1426/1426/1370 1427/1427/1371 1367/1367/1311
f 1367/1367/1311 1427/1427/1371 1428/1428/1372 1368/1368/1312
f 1368/1368/1312 1428/1428/1372 1429/1429/1373 1369/1369/1313
f 1369/1369/1313 1429/1429/1373 1430/1430/1374 1370/1370/1314
f 1370/1370/1314 1430/1430/1374 1431/1431/1375 1371/1371/1315
f 1371/1371/1315 1431/1431/1375 1432/1432/1376 1372/1372/1316
f 1372/1372/1316 1432/1432/1376 1433/1433/1377 1373/1373/1317
f 1373/1373/1317 1433/1433/1377 1434/1434/1378 1374/1374/1318
f 1374/1374/1318 1434/1434/1378 1435/1435/1379 1375/1375/1319
f 1375/1375/1319 1435/1435/1379 1436/1436/1380 1376/1376/1320
f 1376/1376/1320 1436/1436/1380 1437/1437/1381 1377/1377/1321
f 1377/1377/1321 1437/1437/1381 1438/1438/1382 1378/1378/1322
f 1378/1378/1322 1438/1438/1382 1439/1439/1383 1379/1379/1323
f 1379/1379/1323 1439/1439/1383 1440/1440/1384 1380/1380/1324
f 1380/1380/1324 1440/1440/1384 1441/1441/1385 1381/1381/1325
f 1381/1381/1325 1441/1441/1385 1442/1442/1386 1382/1382/1326
f 1382/1382/1326 1442/1442/1386 1443/1443/1387 1383/1383/1327
f 1383/1383/1327 1443/1443/1387 1444/1444/1388 1384/1384/1328
f 1385/1385/1329 1445/1445/1389 1446/1446/1390 1386/1386/1330
f 1386/1386/1330 1446/1446/1390 1447/1447/1391 1387/1387/1331
f 1387/1387/1331 1447/1447/1391 1448/1448/1392 1388/1388/1332
f 1388/1388/1332 1448/1448/1392 1449/1449/1393 1389/1389/1333
f 1389/1389/1333 1449/1449/1393 1450/1450/1394 1390/1390/1334
f 1390/1390/1334 1450/1450/1394 1451/1451/1395 1391/1391/1335
f 1391/1391/1335 1451/1451/1395 1452/1452/1396 1392/1392/1336
f 1392/1392/1336 1452/1452/1396 1453/1453/1397 1393/1393/1337
f 1393/1393/1337 1453/1453/1397 1454/1454/1398 1394/1394/1338
f 1394/1394/1338 1454/1454/1398 1455/1455/1399 1395/1395/1339
f 1395/1395/1339 1455/1455/1399 1456/1456/1400 1396/1396/1340
f 1396/1396/1340 1456/1456/1400 1457/1457/1401 1397/1397/1341
f 1397/1397/1341 1457/1457/1401 1458/1458/1402 1398/1398/1342
f 1398/1398/1342 1458/1458/1402 1459/1459/1403 1399/1399/1343
f 1399/1399/1343 1459/1459/1403 1460/1460/1404 1400/1400/1344
f 1400/1400/1344 1460/1460/1404 1461/1461/1405 1401/1401/1345
f 1401/1401/1345 1461/1461/1405 1462/1462/1406 1402/1402/1346
f 1402/1402/1346 1462/1462/1406 1463/1463/1407 1403/1403/1347
f 1403/1403/1347 1463/1463/1407 1464/1464/1408 1404/1404/1348
f 1404/1404/1348 1464/1464/1408 1465/1465/1409 1405/1405/1349
f 1405/1405/1349 1465/1465/1409 1466/1466/1410 1406/1406/1350
f 1406/1406/1350 1466/1466/1410 1467/1467/1411 1407/1407/1351
f 1407/1407/1351 1467/1467/1411 1468/1468/1412 1408/1408/1352
f 1408/1408/1352 1468/1468/1412 1469/1469/1413 1409/1409/1353
f 1409/1409/1353 1469/1469/1413 1470/1470/1414 1410/1410/1354
f 1410/1410/1354 1470/1470/1414 1471/1471/1415 1411/1411/1355
f 1411/1411/1355 1471/1471/1415 1472/1472/1416 1412/1412/1356
f 1412/1412/1356 1472/1472/1416 1473/1473/1417 1413/1413/1357
f 1413/1413/1357 1473/1473/1417 1474/1474/1418 1414/1414/1358
f 1414/1414/1358 1474/1474/1418 1475/1475/1419 1415/1415/1359
f 1415/1415/1359 1475/1475/1419 1476/1476/1420 1416/1416/1360
f 1416/1416/1360 1476/1476/1420 1477/1477/1421 1417/1417/1361
f 1417/1417/1361 1477/1477/1421 1478/1478/1422 1418/1418/1362
f 1418/1418/1362 1478/1478/1422 1479/1479/1423 1419/1419/1363
f 1419/1419/1363 1479/1479/1423 1480/1480/1424 1420/1420/1364
f 1420/1420/1364 1480/1480/1424 1481/1481/1425 1421/1421/1365
f 1421/1421/1365 1481/1481/1425 1482/1482/1426 1422/1422/1366
f 1422/1422/1366 1482/1482/1426 1483/1483/1427 1423/1423/1367
f 1423/1423/1367 1483/1483/1427 1484/1484/1428 1424/1424/1368
f 1424/1424/1368 1484/1484/1428 1485/1485/1429 1425/1425/1369
f 1425/1425/1369 1485/1485/1429 1486/1486/1430 1426/1426/1370
f 1426/1426/1370 1486/1486/1430 1487/1487/1431 1427/1427/1371
f 1427/1427/1371 1487/1487/1431 1488/1488/1432 1428/1428/1372
f 1428/1428/1372 1488/1488/1432 1489/1489/1433 1429/1429/1373
f 1429/1429/1373 1489/1489/1433 1490/1490/1434 1430/1430/1374
f 1430/1430/1374 1490/1490/1434 1491/1491/1435 1431/1431/1375
f 1431/1431/1375 1491/1491/1435 1492/1492/1436 1432/1432/1376
f 1432/1432/1376 1492/1492/1436 1493/1493/1437 1433/1433/1377
f 1433/1433/1377 1493/1493/1437 1494/1494/1438 1434/1434/1378
f 1434/1434/1378 1494/1494/1438 1495/1495/1439 1435/1435/1379
f 1435/1435/1379 1495/1495/1439 1496/1496/1440 1436/1436/1380
f 1436/1436/1380 1496/1496/1440 1497/1497/1441 1437/1437/1381
f 1437/1437/1381 1497/1497/1441 1498/1498/1442 1438/1438/1382
f 1438/1438/1382 1498/1498/1442 1499/1499/1443 1439/1439/1383
f 1439/1439/1383 1499/1499/1443 1500/1500/1444 1440/1440/1384
f 1440/1440/1384 1500/1500/1444 1501/1501/1445 1441/1441/1385
f 1441/1441/1385 1501/1501/1445 1502/1502/1446 1442/1442/1386
f 1442/1442/1386 1502/1502/1446 1503/1503/1447 1443/1443/1387
f 1443/1443/1387 1503/1503/1447 1504/1504/1448 1444/1444/1388
f 1445/1445/1389 1505/1505/1449 1506/1506/1450 1446/1446/1390
f 1446/1446/1390 1506/1506/1450 1507/1507/1451 1447/1447/1391
f 1447/1447/1391 1507/1507/1451 1508/1508/1452 1448/1448/1392
f 1448/1448/1392 1508/1508/1452 1509/1509/1453 1449/1449/1393
f 1449/1449/1393 1509/1509/1453 1510/1510/1454 1450/1450/1394
f 1450/1450/1394 1510/1510/1454 1511/1511/1455 1451/1451/1395
f 1451/1451/1395 1511/1511/1455 1512/1512/1456 1452/1452/1396
f 1452/1452/1396 1512/1512/1456 1513/1513/1457 1453/1453/1397
f 1453/1453/1397 1513/1513/1457 1514/1514/1458 1454/1454/1398
f 1454/1454/1398 1514/1514/1458 1515/1515/1459 1455/1455/1399
f 1455/1455/1399 1515/1515/1459 1516/1516/1460 1456/1456/1400
f 1456/1456/1400 1516/1516/1460 1517/1517/1461 1457/1457/1401
f 1457/1457/1401 1517/1517/1461 1518/1518/1462 1458/1458/1402
f 1458/1458/1402 1518/1518/1462 1519/1519/1463 1459/1459/1403
f 1459/1459/1403 1519/1519/1463 1520/1520/1464 1460/1460/1404
f 1460/1460/1404 1520/1520/1464 1521/1521/1465 1461/1461/1405
f 1461/1461/1405 1521/1521/1465 1522/1522/1466 1462/1462/1406
f 1462/1462/1406 1522/1522/1466 1523/1523/1467 1463/1463/1407
f 1463/1463/1407 1523/1523/1467 1524/1524/1468 1464/1464/1408
f 1464/1464/1408 1524/1524/1468 1525/1525/1469 1465/1465/1409
f 1465/1465/1409 1525/1525/1469 1526/1526/1470 1466/1466/1410
f 1466/1466/1410 1526/1526/1470 1527/1527/1471 1467/1467/1411
f 1467/1467/1411 1527/1527/1471 1528/1528/1472 1468/1468/1412
f 1468/1468/1412 1528/1528/1472 1529/1529/1473 1469/1469/1413
f 1469/1469/1413 1529/1529/1473 1530/1530/1474 1470/1470/1414
f 1470/1470/1414 1530/1530/1474 1531/1531/1475 1471/1471/1415
f 1471/1471/1415 1531/1531/1475 1532/1532/1476 1472/1472/1416
f 1472/1472/1416 1532/1532/1476 1533/1533/1477 1473/1473/1417
f 1473/1473/1417 1533/1533/1477 1534/1534/1478 1474/1474/1418
f 1474/1474/1418 1534/1534/1478 1535/1535/1479 1475/1475/1419
f 1475/1475/1419 1535/1535/1479 1536/1536/1480 1476/1476/1420
f 1476/1476/1420 1536/1536/1480 1537/1537/1481 1477/1477/1421
f 1477/1477/1421 1537/1537/1481 1538/1538/1482 1478/1478/1422
f 1478/1478/1422 1538/1538/1482 1539/1539/1483 1479/1479/1423
f 1479/1479/1423 1539/1539/1483 1540/1540/1484 1480/1480/1424
f 1480/1480/1424 1540/1540/1484 1541/1541/1485 1481/1481/1425
f 1481/1481/1425 1541/1541/1485 1542/1542/1486 1482/1482/1426
f 1482/1482/1426 1542/1542/1486 1543/1543/1487 1483/1483/1427
f 1483/1483/1427 1543/1543/1487 1544/1544/1488 1484/1484/1428
f 1484/1484/1428 1544/1544/1488 1545/1545/1489 1485/1485/1429
f 1485/1485/1429 1545/1545/1489 1546/1546/1490 1486/1486/1430
f 1486/1486/1430 1546/1546/1490 1547/1547/1491 1487/1487/1431
f 1487/1487/1431 1547/1547/1491 1548/1548/1492 1488/1488/1432
f 1488/1488/1432 1548/1548/1492 1549/1549/1493 1489/1489/1433
f 1489/1489/1433 1549/1549/1493 1550/1550/1494 1490/1490/1434
f 1490/1490/1434 1550/1550/1494 1551/1551/1495 1491/1491/1435
f 1491/1491/1435 1551/1551/1495 1552/1552/1496 1492/1492/1436
f 1492/1492/1436 1552/1552/1496 1553/1553/1497 1493/1493/1437
f 1493/1493/1437 1553/1553/1497 1554/1554/1498 1494/1494/1438
f 1494/1494/1438 1554/1554/1498 1555/1555/1499 1495/1495/1439
f 1495/1495/1439 1555/1555/1499 1556/1556/1500 1496/1496/1440
f 1496/1496/1440 1556/1556/1500 1557/1557/1501 1497/1497/1441
f 1497/1497/1441 1557/1557/1501 1558/1558/1502 1498/1498/1442
f 1498/1498/1442 1558/1558/1502 1559/1559/1503 1499/1499/1443
f 1499/1499/1443 1559/1559/1503 1560/1560/1504 1500/1500/1444
f 1500/1500/1444 1560/1560/1504 1561/1561/1505 1501/1501/1445
f 1501/1501/1445 1561/1561/1505 1562/1562/1506 1502/1502/1446
f 1502/1502/1446 1562/1562/1506 1563/1563/1507 1503/1503/1447
f 1503/1503/1447 1563/1563/1507 1564/1564/1508 1504/1504/1448
f 1505/1505/1449 1565/1565/1509 1566/1566/1510 1506/1506/1450
f 1506/1506/1450 1566/1566/1510 1567/1567/1511 1507/1507/1451
f 1507/1507/1451 1567/1567/1511 1568/1568/1512 1508/1508/1452
f 1508/1508/1452 1568/1568/1512 1569/1569/1513 1509/1509/1453
f 1509/1509/1453 1569/1569/1513 1570/1570/1514 1510/1510/1454
f 1510/1510/1454 1570/1570/1514 1571/1571/1515 1511/1511/1455
f 1511/1511/1455 1571/1571/1515 1572/1572/1516 1512/1512/1456
f 1512/1512/1456 1572/1572/1516 1573/1573/1517 1513/1513/1457
f 1513/1513/1457 1573/1573/1517 1574/1574/1518 1514/1514/1458
f 1514/1514/1458 1574/1574/1518 1575/1575/1519 1515/1515/1459
f 1515/1515/1459 1575/1575/1519 1576/1576/1520 1516/1516/1460
f 1516/1516/1460 1576/1576/1520 1577/1577/1521 1517/1517/1461
f 1517/1517/1461 1577/1577/1521 1578/1578/1522 1518/1518/1462
f 1518/1518/1462 1578/1578/1522 1579/1579/1523 1519/1519/1463
f 1519/1519/1463 1579/1579/1523 1580/1580/1524 1520/1520/1464
f 1520/1520/1464 1580/1580/1524 1581/1581/1525 1521/1521/1465
f 1521/1521/1465 1581/1581/1525 1582/1582/1526 1522/1522/1466
f 1522/1522/1466 1582/1582/1526 1583/1583/1527 1523/1523/1467
f 1523/1523/1467 1583/1583/1527 1584/1584/1528 1524/1524/1468
f 1524/1524/1468 1584/1584/1528 1585/1585/1529 1525/1525/1469
f 1525/1525/1469 1585/1585/1529 1586/1586/1530 1526/1526/1470
f 1526/1526/1470 1586/1586/1530 1587/1587/1531 1527/1527/1471
f 1527/1527/1471 1587/1587/1531 1588/1588/1532 1528/1528/1472
f 1528/1528/1472 1588/1588/1532 1589/1589/1533 1529/1529/1473
f 1529/1529/1473 1589/1589/1533 1590/1590/1534 1530/1530/1474
f 1530/1530/1474 1590/1590/1534 1591/1591/1535 1531/1531/1475
f 1531/1531/1475 1591/1591/1535 1592/1592/1536 1532/1532/1476
f 1532/1532/1476 1592/1592/1536 1593/1593/1537 1533/1533/1477
f 1533/1533/1477 1593/1593/1537 1594/1594/1538 1534/1534/1478
f 1534/1534/1478 1594/1594/1538 1595/1595/1539 1535/1535/1479
f 1535/1535/1479 1595/1595/1539 1596/1596/1540 1536/1536/1480
f 1536/1536/1480 1596/1596/1540 1597/1597/1541 1537/1537/1481
f 1537/1537/1481 1597/1597/1541 1598/1598/1542 1538/1538/1482
f 1538/1538/1482 1598/1598/1542 1599/1599/1543 1539/1539/1483
f 1539/1539/1483 1599/1599/1543 1600/1600/1544 1540/1540/1484
f 1540/1540/1484 1600/1600/1544 1601/1601/1545 1541/1541/1485
f 1541/1541/1485 1601/1601/1545 1602/1602/1546 1542/1542/1486
f 1542/1542/1486 1602/1602/1546 1603/1603/1547 1543/1543/1487
f 1543/1543/1487 1603/1603/1547 1604/1604/1548 1544/1544/1488
f 1544/1544/1488 1604/1604/1548 1605/1605/1549 1545/1545/1489
f 1545/1545/1489 1605/1605/1549 1606/1606/1550 1546/1546/1490
f 1546/1546/1490 1606/1606/1550 1607/1607/1551 1547/1547/1491
f 1547/1547/1491 1607/1607/1551 1608/1608/1552 1548/1548/1492
f 1548/1548/1492 1608/1608/1552 1609/1609/1553 1549/1549/1493
f 1549/1549/1493 1609/1609/1553 1610/1610/1554 1550/1550/1494
f 1550/1550/1494 1610/1610/1554 1611/1611/1555 1551/1551/1495
f 1551/1551/1495 1611/1611/1555 1612/1612/1556 1552/1552/1496
f 1552/1552/1496 1612/1612/1556 1613/1613/1557 1553/1553/1497
f 1553/1553/1497 1613/1613/1557 1614/1614/1558 1554/1554/1498
f 1554/1554/1498 1614/1614/1558 1615/1615/1559 1555/1555/1499
f 1555/1555/1499 1615/1615/1559 1616/1616/1560 1556/1556/1500
f 1556/1556/1500 1616/1616/1560 1617/1617/1561 1557/1557/1501
f 1557/1557/1501 1617/1617/1561 1618/1618/1562 1558/1558/1502
f 1558/1558/1502 1618/1618/1562 1619/1619/1563 1559/1559/1503
f 1559/1559/1503 1619/1619/1563 1620/1620/1564 1560/1560/1504
f 1560/1560/1504 1620/1620/1564 1621/1621/1565 1561/1561/1505
f 1561/1561/1505 1621/1621/1565 1622/1622/1566 1562/1562/1506
f 1562/1562/1506 1622/1622/1566 1623/1623/1567 1563/1563/1507
f 1563/1563/1507 1623/1623/1567 1624/1624/1568 1564/1564/1508
f 1565/1565/1509 1625/1625/1569 1626/1626/1570 1566/1566/1510
f 1566/1566/1510 1626/1626/1570 1627/1627/1571 1567/1567/1511
f 1567/1567/1511 1627/1627/1571 1628/1628/1572 1568/1568/1512
f 1568/1568/1512 1628/1628/1572 1629/1629/1573 1569/1569/1513
f 1569/1569/1513 1629/1629/1573 1630/1630/1574 1570/1570/1514
f 1570/1570/1514 1630/1630/1574 1631/1631/1575 1571/1571/1515
f 1571/1571/1515 1631/1631/1575 1632/1632/1576 1572/1572/1516
f 1572/1572/1516 1632/1632/1576 1633/1633/1577 1573/1573/1517
f 1573/1573/1517 1633/1633/1577 1634/1634/1578 1574/1574/1518
f 1574/1574/1518 1634/1634/1578 1635/1635/1579 1575/1575/1519
f 1575/1575/1519 1635/1635/1579 1636/1636/1580 1576/1576/1520
f 1576/1576/1520 1636/1636/1580 1637/1637/1581 1577/1577/1521
f 1577/1577/1521 1637/1637/1581 1638/1638/1582 1578/1578/1522
f 1578/1578/1522 1638/1638/1582 1639/1639/1583 1579/1579/1523
f 1579/1579/1523 1639/1639/1583 1640/1640/1584 1580/1580/1524
f 1580/1580/1524 1640/1640/1584 1641/1641/1585 1581/1581/1525
f 1581/1581/1525 1641/1641/1585 1642/1642/1586 1582/1582/1526
f 1582/1582/1526 1642/1642/1586 1643/1643/1587 1583/1583/1527
f 1583/1583/1527 1643/1643/1587 1644/1644/1588 1584/1584/1528
f 1584/1584/1528 1644/1644/1588 1645/1645/1589 1585/1585/1529
f 1585/1585/1529 1645/1645/1589 1646/1646/1590 1586/1586/1530
f 1586/1586/1530 1646/1646/1590 1647/1647/1591 1587/1587/1531
f 1587/1587/1531 1647/1647/1591 1648/1648/1592 1588/1588/1532
f 1588/1588/1532 1648/1648/1592 1649/1649/1593 1589/1589/1533
f 1589/1589/1533 1649/1649/1593 1650/1650/1594 1590/1590/1534
f 1590/1590/1534 1650/1650/1594 1651/1651/1595 1591/1591/1535
f 1591/1591/1535 1651/1651/1595 1652/1652/1596 1592/1592/1536
f 1592/1592/1536 1652/1652/1596 1653/1653/1597 1593/1593/1537
f 1593/1593/1537 1653/1653/1597 1654/1654/1598 1594/1594/1538
f 1594/1594/1538 1654/1654/1598 1655/1655/1599 1595/1595/1539
f 1595/1595/1539 1655/1655/1599 1656/1656/1600 1596/1596/1540
f 1596/1596/1540 1656/1656/1600 1657/1657/1601 1597/1597/1541
f 1597/1597/1541 1657/1657/1601 1658/1658/1602 1598/1598/1542
f 1598/1598/1542 1658/1658/1602 1659/1659/1603 1599/1599/1543
f 1599/1599/1543 1659/1659/1603 1660/1660/1604 1600/1600/1544
f 1600/1600/1544 1660/1660/1604 1661/1661/1605 1601/1601/1545
f 1601/1601/1545 1661/1661/1605 1662/1662/1606 1602/1602/1546
f 1602/1602/1546 1662/1662/1606 1663/1663/1607 1603/1603/1547
f 1603/1603/1547 1663/1663/1607 1664/1664/1608 1604/1604/1548
f 1604/1604/1548 1664/1664/1608 1665/1665/1609 1605/1605/1549
f 1605/1605/1549 1665/1665/1609 1666/1666/1610 1606/1606/1550
f 1606/1606/1550 1666/1666/1610 1667/1667/1611 1607/1607/1551
f 1607/1607/1551 1667/1667/1611 1668/1668/1612 1608/1608/1552
f 1608/1608/1552 1668/1668/1612 1669/1669/1613 1609/1609/1553
f 1609/1609/1553 1669/1669/1613 1670/1670/1614 1610/1610/1554
f 1610/1610/1554 1670/1670/1614 1671/1671/1615 1611/1611/1555
f 1611/1611/1555 1671/1671/1615 1672/1672/1616 1612/1612/1556
f 1612/1612/1556 1672/1672/1616 1673/1673/1617 1613/1613/1557
f 1613/1613/1557 1673/1673/1617 1674/1674/1618 1614/1614/1558
f 1614/1614/1558 1674/1674/1618 1675/1675/1619 1615/1615/1559
f 1615/1615/1559 1675/1675/1619 1676/1676/1620 1616/1616/1560
f 1616/1616/1560 1676/1676/1620 1677/1677/1621 1617/1617/1561
f 1617/1617/1561 1677/1677/1621 1678/1678/1622 1618/1618/1562
f 1618/1618/1562 1678/1678/1622 1679/1679/1623 1619/1619/1563
f 1619/1619/1563 1679/1679/1623 1680/1680/1624 1620/1620/1564
f 1620/1620/1564 1680/1680/1624 1681/1681/1625 1621/1621/1565
f 1621/1621/1565 1681/1681/1625 1682/1682/1626 1622/1622/1566
f 1622/1622/1566 1682/1682/1626 1683/1683/1627 1623/1623/1567
f 1623/1623/1567 1683/1683/1627 1684/1684/1628 1624/1624/1568
f 1625/1625/1569 1685/1685/1629 1686/1686/1630 1626/1626/1570
f 1626/1626/1570 1686/1686/1630 1687/1687/1631 1627/1627/1571
f 1627/1627/1571 1687/1687/1631 1688/1688/1632 1628/1628/1572
f 1628/1628/1572 1688/1688/1632 1689/1689/1633 1629/1629/1573
f 1629/1629/1573 1689/1689/1633 1690/1690/1634 1630/1630/1574
f 1630/1630/1574 1690/1690/1634 1691/1691/1635 1631/1631/1575
f 1631/1631/1575 1691/1691/1635 1692/1692/1636 1632/1632/1576
f 1632/1632/1576 1692/1692/1636 1693/1693/1637 1633/1633/1577
f 1633/1633/1577 1693/1693/1637 1694/1694/1638 1634/1634/1578
f 1634/1634/1578 1694/1694/1638 1695/1695/1639 1635/1635/1579
f 1635/1635/1579 1695/1695/1639 1696/1696/1640 1636/1636/1580
f 1636/1636/1580 1696/1696/1640 1697/1697/1641 1637/1637/1581
f 1637/1637/1581 1697/1697/1641 1698/1698/1642 1638/1638/1582
f 1638/1638/1582 1698/1698/1642 1699/1699/1643 1639/1639/1583
f 1639/1639/1583 1699/1699/1643 1700/1700/1644 1640/1640/1584
f 1640/1640/1584 1700/1700/1644 1701/1701/1645 1641/1641/1585
f 1641/1641/1585 1701/1701/1645 1702/1702/1646 1642/1642/1586
f 1642/1642/1586 1702/1702/1646 1703/1703/1647 1643/1643/1587
f 1643/1643/1587 1703/1703/1647 1704/1704/1648 1644/1644/1588
f 1644/1644/1588 1704/1704/1648 1705/1705/1649 1645/1645/1589
f 1645/1645/1589 1705/1705/1649 1706/1706/1650 1646/1646/1590
f 1646/1646/1590 1706/1706/1650 1707/1707/1651 1647/1647/1591
f 1647/1647/1591 1707/1707/1651 1708/1708/1652 1648/1648/1592
f 1648/1648/1592 1708/1708/1652 1709/1709/1653 1649/1649/1593
f 1649/1649/1593 1709/1709/1653 1710/1710/1654 1650/1650/1594
f 1650/1650/1594 1710/1710/1654 1711/1711/1655 1651/1651/1595
f 1651/1651/1595 1711/1711/1655 1712/1712/1656 1652/1652/1596
f 1652/1652/1596 1712/1712/1656 1713/1713/1657 1653/1653/1597
f 1653/1653/1597 1713/1713/1657 1714/1714/1658 1654/1654/1598
f 1654/1654/1598 1714/1714/1658 1715/1715/1659 1655/1655/1599
f 1655/1655/1599 1715/1715/1659 1716/1716/1660 1656/1656/1600
f 1656/1656/1600 1716/1716/1660 1717/1717/1661 1657/1657/1601
f 1657/1657/1601 1717/1717/1661 1718/1718/1662 1658/1658/1602
f 1658/1658/1602 1718/1718/1662 1719/1719/1663 1659/1659/1603
f 1659/1659/1603 1719/1719/1663 1720/1720/1664 1660/1660/1604
f 1660/1660/1604 1720/1720/1664 1721/1721/1665 1661/1661/1605
f 1661/1661/1605 1721/1721/1665 1722/1722/1666 1662/1662/1606
f 1662/1662/1606 1722/1722/1666 1723/1723/1667 1663/1663/1607
f 1663/1663/1607 1723/1723/1667 1724/1724/1668 1664/1664/1608
f 1664/1664/1608 1724/1724/1668 1725/1725/1669 1665/1665/1609
f 1665/1665/1609 1725/1725/1669 1726/1726/1670 1666/1666/1610
f 1666/1666/1610 1726/1726/1670 1727/1727/1671 1667/1667/1611
f 1667/1667/1611 1727/1727/1671 1728/1728/1672 1668/1668/1612
f 1668/1668/1612 1728/1728/1672 1729/1729/1673 1669/1669/1613
f 1669/1669/1613 1729/1729/1673 1730/1730/1674 1670/1670/1614
f 1670/1670/1614 1730/1730/1674 1731/1731/1675 1671/1671/1615
f 1671/1671/1615 1731/1731/1675 1732/1732/1676 1672/1672/1616
f 1672/1672/1616 1732/1732/1676 1733/1733/1677 1673/1673/1617
f 1673/1673/1617 1733/1733/1677 1734/1734/1678 1674/1674/1618
f 1674/1674/1618 1734/1734/1678 1735/1735/1679 1675/1675/1619
f 1675/1675/1619 1735/1735/1679 1736/1736/1680 1676/1676/1620
f 1676/1676/1620 1736/1736/1680 1737/1737/1681 1677/1677/1621
f 1677/1677/1621 1737/1737/1681 1738/1738/1682 1678/1678/1622
f 1678/1678/1622 1738/1738/1682 1739/1739/1683 1679/1679/1623
f 1679/1679/1623 1739/1739/1683 1740/1740/1684 1680/1680/1624
f 1680/1680/1624 1740/1740/1684 1741/1741/1685 1681/1681/1625
f 1681/1681/1625 1741/1741/1685 1742/1742/1686 1682/1682/1626
f 1682/1682/1626 1742/1742/1686 1743/1743/1687 1683/1683/1627
f 1683/1683/1627 1743/1743/1687 1744/1744/1688 1684/1684/1628
f 1685/1685/1629 1745/1745/1689 1746/1746/1690 1686/1686/1630
f 1686/1686/1630 1746/1746/1690 1747/1747/1691 1687/1687/1631
f 1687/1687/1631 1747/1747/1691 1748/1748/1692 1688/1688/1632
f 1688/1688/1632 1748/1748/1692 1749/1749/1693 1689/1689/1633
f 1689/1689/1633 1749/1749/1693 1750/1750/1694 1690/1690/1634
f 1690/1690/1634 1750/1750/1694 1751/1751/1695 1691/1691/1635
f 1691/1691/1635 1751/1751/1695 1752/1752/1696 1692/1692/1636
f 1692/1692/1636 1752/1752/1696 1753/1753/1697 1693/1693/1637
f 1693/1693/1637 1753/1753/1697 1754/1754/1698 1694/1694/1638
f 1694/1694/1638 1754/1754/1698 1755/1755/1699 1695/1695/1639
f 1695/1695/1639 1755/1755/1699 1756/1756/1700 1696/1696/1640
f 1696/1696/1640 1756/1756/1700 1757/1757/1701 1697/1697/1641
f 1697/1697/1641 1757/1757/1701 1758/1758/1702 1698/1698/1642
f 1698/1698/1642 1758/1758/1702 1759/1759/1703 1699/1699/1643
f 1699/1699/1643 1759/1759/1703 1760/1760/1704 1700/1700/1644
f 1700/1700/1644 1760/1760/1704 1761/1761/1705 1701/1701/1645
f 1701/1701/1645 1761/1761/1705 1762/1762/1706 1702/1702/1646
f 1702/1702/1646 1762/1762/1706 1763/1763/1707 1703/1703/1647
f 1703/1703/1647 1763/1763/1707 1764/1764/1708 1704/1704/1648
f 1704/1704/1648 1764/1764/1708 1765/1765/1709 1705/1705/1649
f 1705/1705/1649 1765/1765/1709 1766/1766/1710 1706/1706/1650
f 1706/1706/1650 1766/1766/1710 1767/1767/1711 1707/1707/1651
f 1707/1707/1651 1767/1767/1711 1768/1768/1712 1708/1708/1652
f 1708/1708/1652 1768/1768/1712 1769/1769/1713 1709/1709/1653
f 1709/1709/1653 1769/1769/1713 1770/1770/1714 1710/1710/1654
f 1710/1710/1654 1770/1770/1714 1771/1771/1715 1711/1711/1655
f 1711/1711/1655 1771/1771/1715 1772/1772/1716 1712/1712/1656
f 1712/1712/1656 1772/1772/1716 1773/1773/1717 1713/1713/1657
f 1713/1713/1657 1773/1773/1717 1774/1774/1718 1714/1714/1658
f 1714/1714/1658 1774/1774/1718 1775/1775/1719 1715/1715/1659
f 1715/1715/1659 1775/1775/1719 1776/1776/1720 1716/1716/1660
f 1716/1716/1660 1776/1776/1720 1777/1777/1721 1717/1717/1661
f 1717/1717/1661 1777/1777/1721 1778/1778/1722 1718/1718/1662
f 1718/1718/1662 1778/1778/1722 1779/1779/1723 1719/1719/1663
f 1719/1719/1663 1779/1779/1723 1780/1780/1724 1720/1720/1664
f 1720/1720/1664 1780/1780/1724 1781/1781/1725 1721/1721/1665
f 1721/1721/1665 1781/1781/1725 1782/1782/1726 1722/1722/1666
f 1722/1722/1666 1782/1782/1726 1783/1783/1727 1723/1723/1667
f 1723/1723/1667 1783/1783/1727 1784/1784/1728 1724/1724/1668
f 1724/1724/1668 1784/1784/1728 1785/1785/1729 1725/1725/1669
f 1725/1725/1669 1785/1785/1729 1786/1786/1730 1726/1726/1670
f 1726/1726/1670 1786/1786/1730 1787/1787/1731 1727/1727/1671
f 1727/1727/1671 1787/1787/1731 1788/1788/1732 1728/1728/1672
f 1728/1728/1672 1788/1788/1732 1789/1789/1733 1729/1729/1673
f 1729/1729/1673 1789/1789/1733 1790/1790/1734 1730/1730/1674
f 1730/1730/1674 1790/1790/1734 1791/1791/1735 1731/1731/1675
f 1731/1731/1675 1791/1791/1735 1792/1792/1736 1732/1732/1676
f 1732/1732/1676 1792/1792/1736 1793/1793/1737 1733/1733/1677
f 1733/1733/1677 1793/1793/1737 1794/1794/1738 1734/1734/1678
f 1734/1734/1678 1794/1794/1738 1795/1795/1739 1735/1735/1679
f 1735/1735/1679 1795/1795/1739 1796/1796/1740 1736/1736/1680
f 1736/1736/1680 1796/1796/1740 1797/1797/1741 1737/1737/1681
f 1737/1737/1681 1797/1797/1741 1798/1798/1742 1738/1738/1682
f 1738/1738/1682 1798/1798/1742 1799/1799/1743 1739/1739/1683
f 1739/1739/1683 1799/1799/1743 1800/1800/1744 1740/1740/1684
f 1740/1740/1684 1800/1800/1744 1801/1801/1745 1741/1741/1685
f 1741/1741/1685 1801/1801/1745 1802/1802/1746 1742/1742/1686
f 1742/1742/1686 1802/1802/1746 1803/1803/1747 1743/1743/1687
f 1743/1743/1687 1803/1803/1747 1804/1804/1748 1744/1744/1688
f 1745/1745/1689 1805/1805/1749 1806/1806/1750 1746/1746/1690
f 1746/1746/1690 1806/1806/1750 1807/1807/1751 1747/1747/1691
f 1747/1747/1691 1807/1807/1751 1808/1808/1752 1748/1748/1692
f 1748/1748/1692 1808/1808/1752 1809/1809/1753 1749/1749/1693
f 1749/1749/1693 1809/1809/1753 1810/1810/1754 1750/1750/1694
f 1750/1750/1694 1810/1810/1754 1811/1811/1755 1751/1751/1695
f 1751/1751/1695 1811/1811/1755 1812/1812/1756 1752/1752/1696
f 1752/1752/1696 1812/1812/1756 1813/1813/1757 1753/1753/1697
f 1753/1753/1697 1813/1813/1757 1814/1814/1758 1754/1754/1698
f 1754/1754/1698 1814/1814/1758 1815/1815/1759 1755/1755/1699
f 1755/1755/1699 1815/1815/1759 1816/1816/1760 1756/1756/1700
f 1756/1756/1700 1816/1816/1760 1817/1817/1761 1757/1757/1701
f 1757/1757/1701 1817/1817/1761 1818/1818/1762 1758/1758/1702
f 1758/1758/1702 1818/1818/1762 1819/1819/1763 1759/1759/1703
f 1759/1759/1703 1819/1819/1763 1820/1820/1764 1760/1760/1704
f 1760/1760/1704 1820/1820/1764 1821/1821/1765 1761/1761/1705
f 1761/1761/1705 1821/1821/1765 1822/1822/1766 1762/1762/1706
f 1762/1762/1706 1822/1822/1766 1823/1823/1767 1763/1763/1707
f 1763/1763/1707 1823/1823/1767 1824/1824/1768 1764/1764/1708
f 1764/1764/1708 1824/1824/1768 1825/1825/1769 1765/1765/1709
f 1765/1765/1709 1825/1825/1769 1826/1826/1770 1766/1766/1710
f 1766/1766/1710 1826/1826/1770 1827/1827/1771 1767/1767/1711
f 1767/1767/1711 1827/1827/1771 1828/1828/1772 1768/1768/1712
f 1768/1768/1712 1828/1828/1772 1829/1829/1773 1769/1769/1713
f 1769/1769/1713 1829/1829/1773 1830/1830/1774 1770/1770/1714
f 1770/1770/1714 1830/1830/1774 1831/1831/1775 1771/1771/1715
f 1771/1771/1715 1831/1831/1775 1832/1832/1776 1772/1772/1716
f 1772/1772/1716 1832/1832/1776 1833/1833/1777 1773/1773/1717
f 1773/1773/1717 1833/1833/1777 1834/1834/1778 1774/1774/1718
f 1774/1774/1718 1834/1834/1778 1835/1835/1779 1775/1775/1719
f 1775/1775/1719 1835/1835/1779 1836/1836/1780 1776/1776/1720
f 1776/1776/1720 1836/1836/1780 1837/1837/1781 1777/1777/1721
f 1777/1777/1721 1837/1837/1781 1838/1838/1782 1778/1778/1722
f 1778/1778/1722 1838/1838/1782 1839/1839/1783 1779/1779/1723
f 1779/1779/1723 1839/1839/1783 1840/1840/1784 1780/1780/1724
f 1780/1780/1724 1840/1840/1784 1841/1841/1785 1781/1781/1725
f 1781/1781/1725 1841/1841/1785 1842/1842/1786 1782/1782/1726
f 1782/1782/1726 1842/1842/1786 1843/1843/1787 1783/1783/1727
f 1783/1783/1727 1843/1843/1787 1844/1844/1788 1784/1784/1728
f 1784/1784/1728 1844/1844/1788 1845/1845/1789 1785/1785/1729
f 1785/1785/1729 1845/1845/1789 1846/1846/1790 1786/1786/1730
f 1786/1786/1730 1846/1846/1790 1847/1847/1791 1787/1787/1731
f 1787/1787/1731 1847/1847/1791 1848/1848/1792 1788/1788/1732
f 1788/1788/1732 1848/1848/1792 1849/1849/1793 1789/1789/1733
f 1789/1789/1733 1849/1849/1793 1850/1850/1794 1790/1790/1734
f 1790/1790/1734 1850/1850/1794 1851/1851/1795 1791/1791/1735
f 1791/1791/1735 1851/1851/1795 1852/1852/1796 1792/1792/1736
f 1792/1792/1736 1852/1852/1796 1853/1853/1797 1793/1793/1737
f 1793/1793/1737 1853/1853/1797 1854/1854/1798 1794/1794/1738
f 1794/1794/1738 1854/1854/1798 1855/1855/1799 1795/1795/1739
f 1795/1795/1739 1855/1855/1799 1856/1856/1800 1796/1796/1740
f 1796/1796/1740 1856/1856/1800 1857/1857/1801 1797/1797/1741
f 1797/1797/1741 1857/1857/1801 1858/1858/1802 1798/1798/1742
f 1798/1798/1742 1858/1858/1802 1859/1859/1803 1799/1799/1743
f 1799/1799/1743 1859/1859/1803 1860/1860/1804 1800/1800/1744
f 1800/1800/1744 1860/1860/1804 1861/1861/1805 1801/1801/1745
f 1801/1801/1745 1861/1861/1805 1862/1862/1806 1802/1802/1746
f 1802/1802/1746 1862/1862/1806 1863/1863/1807 1803/1803/1747
f 1803/1803/1747 1863/1863/1807 1864/1864/1808 1804/1804/1748
f 1805/1805/1749 1865/1865/1809 1866/1866/1810 1806/1806/1750
f 1806/1806/1750 1866/1866/1810 1867/1867/1811 1807/1807/1751
f 1807/1807/1751 1867/1867/1811 1868/1868/1812 1808/1808/1752
f 1808/1808/1752 1868/1868/1812 1869/1869/1813 1809/1809/1753
f 1809/1809/1753 1869/1869/1813 1870/1870/1814 1810/1810/1754
f 1810/1810/1754 1870/1870/1814 1871/1871/1815 1811/1811/1755
f 1811/1811/1755 1871/1871/1815 1872/1872/1816 1812/1812/1756
f 1812/1812/1756 1872/1872/1816 1873/1873/1817 1813/1813/1757
f 1813/1813/1757 1873/1873/1817 1874/1874/1818 1814/1814/1758
f 1814/1814/1758 1874/1874/1818 1875/1875/1819 1815/1815/1759
f 1815/1815/1759 1875/1875/1819 1876/1876/1820 1816/1816/1760
f 1816/1816/1760 1876/1876/1820 1877/1877/1821 1817/1817/1761
f 1817/1817/1761 1877/1877/1821 1878/1878/1822 1818/1818/1762
f 1818/1818/1762 1878/1878/1822 1879/1879/1823 1819/1819/1763
f 1819/1819/1763 1879/1879/1823 1880/1880/1824 1820/1820/1764
f 1820/1820/1764 1880/1880/1824 1881/1881/1825 1821/1821/1765
f 1821/1821/1765 1881/1881/1825 1882/1882/1826 1822/1822/1766
f 1822/1822/1766 1882/1882/1826 1883/1883/1827 1823/1823/1767
f 1823/1823/1767 1883/1883/1827 1884/1884/1828 1824/1824/1768
f 1824/1824/1768 1884/1884/1828 1885/1885/1829 1825/1825/1769
f 1825/1825/1769 1885/1885/1829 1886/1886/1830 1826/1826/1770
f 1826/1826/1770 1886/1886/1830 1887/1887/1831 1827/1827/1771
f 1827/1827/1771 1887/1887/1831 1888/1888/1832 1828/1828/1772
f 1828/1828/1772 1888/1888/1832 1889/1889/1833 1829/1829/1773
f 1829/1829/1773 1889/1889/1833 1890/1890/1834 1830/1830/1774
f 1830/1830/1774 1890/1890/1834 1891/1891/1835 1831/1831/1775
f 1831/1831/1775 1891/1891/1835 1892/1892/1836 1832/1832/1776
f 1832/1832/1776 1892/1892/1836 1893/1893/1837 1833/1833/1777
f 1833/1833/1777 1893/1893/1837 1894/1894/1838 1834/1834/1778
f 1834/1834/1778 1894/1894/1838 1895/1895/1839 1835/1835/1779
f 1835/1835/1779 1895/1895/1839 1896/1896/1840 1836/1836/1780
f 1836/1836/1780 1896/1896/1840 1897/1897/1841 1837/1837/1781
f 1837/1837/1781 1897/1897/1841 1898/1898/1842 1838/1838/1782
f 1838/1838/1782 1898/1898/1842 1899/1899/1843 1839/1839/1783
f 1839/1839/1783 1899/1899/1843 1900/1900/1844 1840/1840/1784
f 1840/1840/1784 1900/1900/1844 1901/1901/1845 1841/1841/1785
f 1841/1841/1785 1901/1901/1845 1902/1902/1846 1842/1842/1786
f 1842/1842/1786 1902/1902/1846 1903/1903/1847 1843/1843/1787
f 1843/1843/1787 1903/1903/1847 1904/1904/1848 1844/1844/1788
f 1844/1844/1788 1904/1904/1848 1905/1905/1849 1845/1845/1789
f 1845/1845/1789 1905/1905/1849 1906/1906/1850 1846/1846/1790
f 1846/1846/1790 1906/1906/1850 1907/1907/1851 1847/1847/1791
f 1847/1847/1791 1907/1907/1851 1908/1908/1852 1848/1848/1792
f 1848/1848/1792 1908/1908/1852 1909/1909/1853 1849/1849/1793
f 1849/1849/1793 1909/1909/1853 1910/1910/1854 1850/1850/1794
f 1850/1850/1794 1910/1910/1854 1911/1911/1855 1851/1851/1795
f 1851/1851/1795 1911/1911/1855 1912/1912/1856 1852/1852/1796
f 1852/1852/1796 1912/1912/1856 1913/1913/1857 1853/1853/1797
f 1853/1853/1797 1913/1913/1857 1914/1914/1858 1854/1854/1798
f 1854/1854/1798 1914/1914/1858 1915/1915/1859 1855/1855/1799
f 1855/1855/1799 1915/1915/1859 1916/1916/1860 1856/1856/1800
f 1856/1856/1800 1916/1916/1860 1917/1917/1861 1857/1857/1801
f 1857/1857/1801 1917/1917/1861 1918/1918/1862 1858/1858/1802
f 1858/1858/1802 1918/1918/1862 1919/1919/1863 1859/1859/1803
f 1859/1859/1803 1919/1919/1863 1920/1920/1864 1860/1860/1804
f 1860/1860/1804 1920/1920/1864 1921/1921/1865 1861/1861/1805
f 1861/1861/1805 1921/1921/1865 1922/1922/1866 1862/1862/1806
f 1862/1862/1806 1922/1922/1866 1923/1923/1867 1863/1863/1807
f 1863/1863/1807 1923/1923/1867 1924/1924/1868 1864/1864/1808
f 1865/1865/1809 1925/1925/1869 1926/1926/1870 1866/1866/1810
f 1866/1866/1810 1926/1926/1870 1927/1927/1871 1867/1867/1811
f 1867/1867/1811 1927/1927/1871 1928/1928/1872 1868/1868/1812
f 1868/1868/1812 1928/1928/1872 1929/1929/1873 1869/1869/1813
f 1869/1869/1813 1929/1929/1873 1930/1930/1874 1870/1870/1814
f 1870/1870/1814 1930/1930/1874 1931/1931/1875 1871/1871/1815
f 1871/1871/1815 1931/1931/1875 1932/1932/1876 1872/1872/1816
f 1872/1872/1816 1932/1932/1876 1933/1933/1877 1873/1873/1817
f 1873/1873/1817 1933/1933/1877 1934/1934/1878 1874/1874/1818
f 1874/1874/1818 1934/1934/1878 1935/1935/1879 1875/1875/1819
f 1875/1875/1819 1935/1935/1879 1936/1936/1880 1876/1876/1820
f 1876/1876/1820 1936/1936/1880 1937/1937/1881 1877/1877/1821
f 1877/1877/1821 1937/1937/1881 1938/1938/1882 1878/1878/1822
f 1878/1878/1822 1938/1938/1882 1939/1939/1883 1879/1879/1823
f 1879/1879/1823 1939/1939/1883 1940/1940/1884 1880/1880/1824
f 1880/1880/1824 1940/1940/1884 1941/1941/1885 1881/1881/1825
f 1881/1881/1825 1941/1941/1885 1942/1942/1886 1882/1882/1826
f 1882/1882/1826 1942/1942/1886 1943/1943/1887 1883/1883/1827
f 1883/1883/1827 1943/1943/1887 1944/1944/1888 1884/1884/1828
f 1884/1884/1828 1944/1944/1888 1945/1945/1889 1885/1885/1829
f 1885/1885/1829 1945/1945/1889 1946/1946/1890 1886/1886/1830
f 1886/1886/1830 1946/1946/1890 1947/1947/1891 1887/1887/1831
f 1887/1887/1831 1947/1947/1891 1948/1948/1892 1888/1888/1832
f 1888/1888/1832 1948/1948/1892 1949/1949/1893 1889/1889/1833
f 1889/1889/1833 1949/1949/1893 1950/1950/1894 1890/1890/1834
f 1890/1890/1834 1950/1950/1894 1951/1951/1895 1891/1891/1835
f 1891/1891/1835 1951/1951/1895 1952/1952/1896 1892/1892/1836
f 1892/1892/1836 1952/1952/1896 1953/1953/1897 1893/1893/1837
f 1893/1893/1837 1953/1953/1897 1954/1954/1898 1894/1894/1838
f 1894/1894/1838 1954/1954/1898 1955/1955/1899 1895/1895/1839
f 1895/1895/1839 1955/1955/1899 1956/1956/1900 1896/1896/1840
f 1896/1896/1840 1956/1956/1900 1957/1957/1901 1897/1897/1841
f 1897/1897/1841 1957/1957/1901 1958/1958/1902 1898/1898/1842
f 1898/1898/1842 1958/1958/1902 1959/1959/1903 1899/1899/1843
f 1899/1899/1843 1959/1959/1903 1960/1960/1904 1900/1900/1844
f 1900/1900/1844 1960/1960/1904 1961/1961/1905 1901/1901/1845
f 1901/1901/1845 1961/1961/1905 1962/1962/1906 1902/1902/1846
f 1902/1902/1846 1962/1962/1906 1963/1963/1907 1903/1903/1847
f 1903/1903/1847 1963/1963/1907 1964/1964/1908 1904/1904/1848
f 1904/1904/1848 1964/1964/1908 1965/1965/1909 1905/1905/1849
f 1905/1905/1849 1965/1965/1909 1966/1966/1910 1906/1906/1850
f 1906/1906/1850 1966/1966/1910 1967/1967/1911 1907/1907/1851
f 1907/1907/1851 1967/1967/1911 1968/1968/1912 1908/1908/1852
f 1908/1908/1852 1968/1968/1912 1969/1969/1913 1909/1909/1853
f 1909/1909/1853 1969/1969/1913 1970/1970/1914 1910/1910/1854
f 1910/1910/1854 1970/1970/1914 1971/1971/1915 1911/1911/1855
f 1911/1911/1855 1971/1971/1915 1972/1972/1916 1912/1912/1856
f 1912/1912/1856 1972/1972/1916 1973/1973/1917 1913/1913/1857
f 1913/1913/1857 1973/1973/1917 1974/1974/1918 1914/1914/1858
f 1914/1914/1858 1974/1974/1918 1975/1975/1919 1915/1915/1859
f 1915/1915/1859 1975/1975/1919 1976/1976/1920 1916/1916/1860
f 1916/1916/1860 1976/1976/1920 1977/1977/1921 1917/1917/1861
f 1917/1917/1861 1977/1977/1921 1978/1978/1922 1918/1918/1862
f 1918/1918/1862 1978/1978/1922 1979/1979/1923 1919/1919/1863
f 1919/1919/1863 1979/1979/1923 1980/1980/1924 1920/1920/1864
f 1920/1920/1864 1980/1980/1924 1981/1981/1925 1921/1921/1865
f 1921/1921/1865 1981/1981/1925 1982/1982/1926 1922/1922/1866
f 1922/1922/1866 1982/1982/1926 1983/1983/1927 1923/1923/1867
f 1923/1923/1867 1983/1983/1927 1984/1984/1928 1924/1924/1868
f 1925/1925/1869 1985/1985/1929 1986/1986/1930 1926/1926/1870
f 1926/1926/1870 1986/1986/1930 1987/1987/1931 1927/1927/1871
f 1927/1927/1871 1987/1987/1931 1988/1988/1932 1928/1928/1872
f 1928/1928/1872 1988/1988/1932 1989/1989/1933 1929/1929/1873
f 1929/1929/1873 1989/1989/1933 1990/1990/1934 1930/1930/1874
f 1930/1930/1874 1990/1990/1934 1991/1991/1935 1931/1931/1875
f 1931/1931/1875 1991/1991/1935 1992/1992/1936 1932/1932/1876
f 1932/1932/1876 1992/1992/1936 1993/1993/1937 1933/1933/1877
f 1933/1933/1877 1993/1993/1937 1994/1994/1938 1934/1934/1878
f 1934/1934/1878 1994/1994/1938 1995/1995/1939 1935/1935/1879
f 1935/1935/1879 1995/1995/1939 1996/1996/1940 1936/1936/1880
f 1936/1936/1880 1996/1996/1940 1997/1997/1941 1937/1937/1881
f 1937/1937/1881 1997/1997/1941 1998/1998/1942 1938/1938/1882
f 1938/1938/1882 1998/1998/1942 1999/1999/1943 1939/1939/1883
f 1939/1939/1883 1999/1999/1943 2000/2000/1944 1940/1940/1884
f 1940/1940/1884 2000/2000/1944 2001/2001/1945 1941/1941/1885
f 1941/1941/1885 2001/2001/1945 2002/2002/1946 1942/1942/1886
f 1942/1942/1886 2002/2002/1946 2003/2003/1947 1943/1943/1887
f 1943/1943/1887 2003/2003/1947 2004/2004/1948 1944/1944/1888
f 1944/1944/1888 2004/2004/1948 2005/2005/1949 1945/1945/1889
f 1945/1945/1889 2005/2005/1949 2006/2006/1950 1946/1946/1890
f 1946/1946/1890 2006/2006/1950 2007/2007/1951 1947/1947/1891
f 1947/1947/1891 2007/2007/1951 2008/2008/1952 1948/1948/1892
f 1948/1948/1892 2008/2008/1952 2009/2009/1953 1949/1949/1893
f 1949/1949/1893 2009/2009/1953 2010/2010/1954 1950/1950/1894
f 1950/1950/1894 2010/2010/1954 2011/2011/1955 1951/1951/1895
f 1951/1951/1895 2011/2011/1955 2012/2012/1956 1952/1952/1896
f 1952/1952/1896 2012/2012/1956 2013/2013/1957 1953/1953/1897
f 1953/1953/1897 2013/2013/1957 2014/2014/1958 1954/1954/1898
f 1954/1954/1898 2014/2014/1958 2015/2015/1959 1955/1955/1899
f 1955/1955/1899 2015/2015/1959 2016/2016/1960 1956/1956/1900
f 1956/1956/1900 2016/2016/1960 2017/2017/1961 1957/1957/1901
f 1957/1957/1901 2017/2017/1961 2018/2018/1962 1958/1958/1902
f 1958/1958/1902 2018/2018/1962 2019/2019/1963 1959/1959/1903
f 1959/1959/1903 2019/2019/1963 2020/2020/1964 1960/1960/1904
f 1960/1960/1904 2020/2020/1964 2021/2021/1965 1961/1961/1905
f 1961/1961/1905 2021/2021/1965 2022/2022/1966 1962/1962/1906
f 1962/1962/1906 2022/2022/1966 2023/2023/1967 1963/1963/1907
f 1963/1963/1907 2023/2023/1967 2024/2024/1968 1964/1964/1908
f 1964/1964/1908 2024/2024/1968 2025/2025/1969 1965/1965/1909
f 1965/1965/1909 2025/2025/1969 2026/2026/1970 1966/1966/1910
f 1966/1966/1910 2026/2026/1970 2027/2027/1971 1967/1967/1911
f 1967/1967/1911 2027/2027/1971 2028/2028/1972 1968/1968/1912
f 1968/1968/1912 2028/2028/1972 2029/2029/1973 1969/1969/1913
f 1969/1969/1913 2029/2029/1973 2030/2030/1974 1970/1970/1914
f 1970/1970/1914 2030/2030/1974 2031/2031/1975 1971/1971/1915
f 1971/1971/1915 2031/2031/1975 2032/2032/1976 1972/1972/1916
f 1972/1972/1916 2032/2032/1976 2033/2033/1977 1973/1973/1917
f 1973/1973/1917 2033/2033/1977 2034/2034/1978 1974/1974/1918
f 1974/1974/1918 2034/2034/1978 2035/2035/1979 1975/1975/1919
f 1975/1975/1919 2035/2035/1979 2036/2036/1980 1976/1976/1920
f 1976/1976/1920 2036/2036/1980 2037/2037/1981 1977/1977/1921
f 1977/1977/1921 2037/2037/1981 2038/2038/1982 1978/1978/1922
f 1978/1978/1922 2038/2038/1982 2039/2039/1983 1979/1979/1923
f 1979/1979/1923 2039/2039/1983 2040/2040/1984 1980/1980/1924
f 1980/1980/1924 2040/2040/1984 2041/2041/1985 1981/1981/1925
f 1981/1981/1925 2041/2041/1985 2042/2042/1986 1982/1982/1926
f 1982/1982/1926 2042/2042/1986 2043/2043/1987 1983/1983/1927
f 1983/1983/1927 2043/2043/1987 2044/2044/1988 1984/1984/1928
f 1985/1985/1929 2045/2045/1989 2046/2046/1990 1986/1986/1930
f 1986/1986/1930 2046/2046/1990 2047/2047/1991 1987/1987/1931
f 1987/1987/1931 2047/2047/1991 2048/2048/1992 1988/1988/1932
f 1988/1988/1932 2048/2048/1992 2049/2049/1993 1989/1989/1933
f 1989/1989/1933 2049/2049/1993 2050/2050/1994 1990/1990/1934
f 1990/1990/1934 2050/2050/1994 2051/2051/1995 1991/1991/1935
f 1991/1991/1935 2051/2051/1995 2052/2052/1996 1992/1992/1936
f 1992/1992/1936 2052/2052/1996 2053/2053/1997 1993/1993/1937
f 1993/1993/1937 2053/2053/1997 2054/2054/1998 1994/1994/1938
f 1994/1994/1938 2054/2054/1998 2055/2055/1999 1995/1995/1939
f 1995/1995/1939 2055/2055/1999 2056/2056/2000 1996/1996/1940
f 1996/1996/1940 2056/2056/2000 2057/2057/2001 1997/1997/1941
f 1997/1997/1941 2057/2057/2001 2058/2058/2002 1998/1998/1942
f 1998/1998/1942 2058/2058/2002 2059/2059/2003 1999/1999/1943
f 1999/1999/1943 2059/2059/2003 2060/2060/2004 2000/2000/1944
f 2000/2000/1944 2060/2060/2004 2061/2061/2005 2001/2001/1945
f 2001/2001/1945 2061/2061/2005 2062/2062/2006 2002/2002/1946
f 2002/2002/1946 2062/2062/2006 2063/2063/2007 2003/2003/1947
f 2003/2003/1947 2063/2063/2007 2064/2064/2008 2004/2004/1948
f 2004/2004/1948 2064/2064/2008 2065/2065/2009 2005/2005/1949
f 2005/2005/1949 2065/2065/2009 2066/2066/2010 2006/2006/1950
f 2006/2006/1950 2066/2066/2010 2067/2067/2011 2007/2007/1951
f 2007/2007/1951 2067/2067/2011 2068/2068/2012 2008/2008/1952
f 2008/2008/1952 2068/2068/2012 2069/2069/2013 2009/2009/1953
f 2009/2009/1953 2069/2069/2013 2070/2070/2014 2010/2010/1954
f 2010/2010/1954 2070/2070/2014 2071/2071/2015 2011/2011/1955
f 2011/2011/1955 2071/2071/2015 2072/2072/2016 2012/2012/1956
f 2012/2012/1956 2072/2072/2016 2073/2073/2017 2013/2013/1957
f 2013/2013/1957 2073/2073/2017 2074/2074/2018 2014/2014/1958
f 2014/2014/1958 2074/2074/2018 2075/2075/2019 2015/2015/1959
f 2015/2015/1959 2075/2075/2019 2076/2076/2020 2016/2016/1960
f 2016/2016/1960 2076/2076/2020 2077/2077/2021 2017/2017/1961
f 2017/2017/1961 2077/2077/2021 2078/2078/2022 2018/2018/1962
f 2018/2018/1962 2078/2078/2022 2079/2079/2023 2019/2019/1963
f 2019/2019/1963 2079/2079/2023 2080/2080/2024 2020/2020/1964
f 2020/2020/1964 2080/2080/2024 2081/2081/2025 2021/2021/1965
f 2021/2021/1965 2081/2081/2025 2082/2082/2026 2022/2022/1966
f 2022/2022/1966 2082/2082/2026 2083/2083/2027 2023/2023/1967
f 2023/2023/1967 2083/2083/2027 2084/2084/2028 2024/2024/1968
f 2024/2024/1968 2084/2084/2028 2085/2085/2029 2025/2025/1969
f 2025/2025/1969 2085/2085/2029 2086/2086/2030 2026/2026/1970
f 2026/2026/1970 2086/2086/2030 2087/2087/2031 2027/2027/1971
f 2027/2027/1971 2087/2087/2031 2088/2088/2032 2028/2028/1972
f 2028/2028/1972 2088/2088/2032 2089/2089/2033 2029/2029/1973
f 2029/2029/1973 2089/2089/2033 2090/2090/2034 2030/2030/1974
f 2030/2030/1974 2090/2090/2034 2091/2091/2035 2031/2031/1975
f 2031/2031/1975 2091/2091/2035 2092/2092/2036 2032/2032/1976
f 2032/2032/1976 2092/2092/2036 2093/2093/2037 2033/2033/1977
f 2033/2033/1977 2093/2093/2037 2094/2094/2038 2034/2034/1978
f 2034/2034/1978 2094/2094/2038 2095/2095/2039 2035/2035/1979
f 2035/2035/1979 2095/2095/2039 2096/2096/2040 2036/2036/1980
f 2036/2036/1980 2096/2096/2040 2097/2097/2041 2037/2037/1981
f 2037/2037/1981 2097/2097/2041 2098/2098/2042 2038/2038/1982
f 2038/2038/1982 2098/2098/2042 2099/2099/2043 2039/2039/1983
f 2039/2039/1983 2099/2099/2043 2100/2100/2044 2040/2040/1984
f 2040/2040/1984 2100/2100/2044 2101/2101/2045 2041/2041/1985
f 2041/2041/1985 2101/2101/2045 2102/2102/2046 2042/2042/1986
f 2042/2042/1986 2102/2102/2046 2103/2103/2047 2043/2043/1987
f 2043/2043/1987 2103/2103/2047 2104/2104/2048 2044/2044/1988
f 2045/2045/1989 2105/2105/2049 2106/2106/2050 2046/2046/1990
f 2046/2046/1990 2106/2106/2050 2107/2107/2051 2047/2047/1991
f 2047/2047/1991 2107/2107/2051 2108/2108/2052 2048/2048/1992
f 2048/2048/1992 2108/2108/2052 2109/2109/2053 2049/2049/1993
f 2049/2049/1993 2109/2109/2053 2110/2110/2054 2050/2050/1994
f 2050/2050/1994 2110/2110/2054 2111/2111/2055 2051/2051/1995
f 2051/2051/1995 2111/2111/2055 2112/2112/2056 2052/2052/1996
f 2052/2052/1996 2112/2112/2056 2113/2113/2057 2053/2053/1997
f 2053/2053/1997 2113/2113/2057 2114/2114/2058 2054/2054/1998
f 2054/2054/1998 2114/2114/2058 2115/2115/2059 2055/2055/1999
f 2055/2055/1999 2115/2115/2059 2116/2116/2060 2056/2056/2000
f 2056/2056/2000 2116/2116/2060 2117/2117/2061 2057/2057/2001
f 2057/2057/2001 2117/2117/2061 2118/2118/2062 2058/2058/2002
f 2058/2058/2002 2118/2118/2062 2119/2119/2063 2059/2059/2003
f 2059/2059/2003 2119/2119/2063 2120/2120/2064 2060/2060/2004
f 2060/2060/2004 2120/2120/2064 2121/2121/2065 2061/2061/2005
f 2061/2061/2005 2121/2121/2065 2122/2122/2066 2062/2062/2006
f 2062/2062/2006 2122/2122/2066 2123/2123/2067 2063/2063/2007
f 2063/2063/2007 2123/2123/2067 2124/2124/2068 2064/2064/2008
f 2064/2064/2008 2124/2124/2068 2125/2125/2069 2065/2065/2009
f 2065/2065/2009 2125/2125/2069 2126/2126/2070 2066/2066/2010
f 2066/2066/2010 2126/2126/2070 2127/2127/2071 2067/2067/2011
f 2067/2067/2011 2127/2127/2071 2128/2128/2072 2068/2068/2012
f 2068/2068/2012 2128/2128/2072 2129/2129/2073 2069/2069/2013
f 2069/2069/2013 2129/2129/2073 2130/2130/2074 2070/2070/2014
f 2070/2070/2014 2130/2130/2074 2131/2131/2075 2071/2071/2015
f 2071/2071/2015 2131/2131/2075 2132/2132/2076 2072/2072/2016
f 2072/2072/2016 2132/2132/2076 2133/2133/2077 2073/2073/2017
f 2073/2073/2017 2133/2133/2077 2134/2134/2078 2074/2074/2018
f 2074/2074/2018 2134/2134/2078 2135/2135/2079 2075/2075/2019
f 2075/2075/2019 2135/2135/2079 2136/2136/2080 2076/2076/2020
f 2076/2076/2020 2136/2136/2080 2137/2137/2081 2077/2077/2021
f 2077/2077/2021 2137/2137/2081 2138/2138/2082 2078/2078/2022
f 2078/2078/2022 2138/2138/2082 2139/2139/2083 2079/2079/2023
f 2079/2079/2023 2139/2139/2083 2140/2140/2084 2080/2080/2024
f 2080/2080/2024 2140/2140/2084 2141/2141/2085 2081/2081/2025
f 2081/2081/2025 2141/2141/2085 2142/2142/2086 2082/2082/2026
f 2082/2082/2026 2142/2142/2086 2143/2143/2087 2083/2083/2027
f 2083/2083/2027 2143/2143/2087 2144/2144/2088 2084/2084/2028
f 2084/2084/2028 2144/2144/2088 2145/2145/2089 2085/2085/2029
f 2085/2085/2029 2145/2145/2089 2146/2146/2090 2086/2086/2030
f 2086/2086/2030 2146/2146/2090 2147/2147/2091 2087/2087/2031
f 2087/2087/2031 2147/2147/2091 2148/2148/2092 2088/2088/2032
f 2088/2088/2032 2148/2148/2092 2149/2149/2093 2089/2089/2033
f 2089/2089/2033 2149/2149/2093 2150/2150/2094 2090/2090/2034
f 2090/2090/2034 2150/2150/2094 2151/2151/2095 2091/2091/2035
f 2091/2091/2035 2151/2151/2095 2152/2152/2096 2092/2092/2036
f 2092/2092/2036 2152/2152/2096 2153/2153/2097 2093/2093/2037
f 2093/2093/2037 2153/2153/2097 2154/2154/2098 2094/2094/2038
f 2094/2094/2038 2154/2154/2098 2155/2155/2099 2095/2095/2039
f 2095/2095/2039 2155/2155/2099 2156/2156/2100 2096/2096/2040
f 2096/2096/2040 2156/2156/2100 2157/2157/2101 2097/2097/2041
f 2097/2097/2041 2157/2157/2101 2158/2158/2102 2098/2098/2042
f 2098/2098/2042 2158/2158/2102 2159/2159/2103 2099/2099/2043
f 2099/2099/2043 2159/2159/2103 2160/2160/2104 2100/2100/2044
f 2100/2100/2044 2160/2160/2104 2161/2161/2105 2101/2101/2045
f 2101/2101/2045 2161/2161/2105 2162/2162/2106 2102/2102/2046
f 2102/2102/2046 2162/2162/2106 2163/2163/2107 2103/2103/2047
f 2103/2103/2047 2163/2163/2107 2164/2164/2108 2104/2104/2048
f 2105/2105/2049 2165/2165/2109 2166/2166/2110 2106/2106/2050
f 2106/2106/2050 2166/2166/2110 2167/2167/2111 2107/2107/2051
f 2107/2107/2051 2167/2167/2111 2168/2168/2112 2108/2108/2052
f 2108/2108/2052 2168/2168/2112 2169/2169/2113 2109/2109/2053
f 2109/2109/2053 2169/2169/2113 2170/2170/2114 2110/2110/2054
f 2110/2110/2054 2170/2170/2114 2171/2171/2115 2111/2111/2055
f 2111/2111/2055 2171/2171/2115 2172/2172/2116 2112/2112/2056
f 2112/2112/2056 2172/2172/2116 2173/2173/2117 2113/2113/2057
f 2113/2113/2057 2173/2173/2117 2174/2174/2118 2114/2114/2058
f 2114/2114/2058 2174/2174/2118 2175/2175/2119 2115/2115/2059
f 2115/2115/2059 2175/2175/2119 2176/2176/2120 2116/2116/2060
f 2116/2116/2060 2176/2176/2120 2177/2177/2121 2117/2117/2061
f 2117/2117/2061 2177/2177/2121 2178/2178/2122 2118/2118/2062
f 2118/2118/2062 2178/2178/2122 2179/2179/2123 2119/2119/2063
f 2119/2119/2063 2179/2179/2123 2180/2180/2124 2120/2120/2064
f 2120/2120/2064 2180/2180/2124 2181/2181/2125 2121/2121/2065
f 2121/2121/2065 2181/2181/2125 2182/2182/2126 2122/2122/2066
f 2122/2122/2066 2182/2182/2126 2183/2183/2127 2123/2123/2067
f 2123/2123/2067 2183/2183/2127 2184/2184/2128 2124/2124/2068
f 2124/2124/2068 2184/2184/2128 2185/2185/2129 2125/2125/2069
f 2125/2125/2069 2185/2185/2129 2186/2186/2130 2126/2126/2070
f 2126/2126/2070 2186/2186/2130 2187/2187/2131 2127/2127/2071
f 2127/2127/2071 2187/2187/2131 2188/2188/2132 2128/2128/2072
f 2128/2128/2072 2188/2188/2132 2189/2189/2133 2129/2129/2073
f 2129/2129/2073 2189/2189/2133 2190/2190/2134 2130/2130/2074
f 2130/2130/2074 2190/2190/2134 2191/2191/2135 2131/2131/2075
f 2131/2131/2075 2191/2191/2135 2192/2192/2136 2132/2132/2076
f 2132/2132/2076 2192/2192/2136 2193/2193/2137 2133/2133/2077
f 2133/2133/2077 2193/2193/2137 2194/2194/2138 2134/2134/2078
f 2134/2134/2078 2194/2194/2138 2195/2195/2139 2135/2135/2079
f 2135/2135/2079 2195/2195/2139 2196/2196/2140 2136/2136/2080
f 2136/2136/2080 2196/2196/2140 2197/2197/2141 2137/2137/2081
f 2137/2137/2081 2197/2197/2141 2198/2198/2142 2138/2138/2082
f 2138/2138/2082 2198/2198/2142 2199/2199/2143 2139/2139/2083
f 2139/2139/2083 2199/2199/2143 2200/2200/2144 2140/2140/2084
f 2140/2140/2084 2200/2200/2144 2201/2201/2145 2141/2141/2085
f 2141/2141/2085 2201/2201/2145 2202/2202/2146 2142/2142/2086
f 2142/2142/2086 2202/2202/2146 2203/2203/2147 2143/2143/2087
f 2143/2143/2087 2203/2203/2147 2204/2204/2148 2144/2144/2088
f 2144/2144/2088 2204/2204/2148 2205/2205/2149 2145/2145/2089
f 2145/2145/2089 2205/2205/2149 2206/2206/2150 2146/2146/2090
f 2146/2146/2090 2206/2206/2150 2207/2207/2151 2147/2147/2091
f 2147/2147/2091 2207/2207/2151 2208/2208/2152 2148/2148/2092
f 2148/2148/2092 2208/2208/2152 2209/2209/2153 2149/2149/2093
f 2149/2149/2093 2209/2209/2153 2210/2210/2154 2150/2150/2094
f 2150/2150/2094 2210/2210/2154 2211/2211/2155 2151/2151/2095
f 2151/2151/2095 2211/2211/2155 2212/2212/2156 2152/2152/2096
f 2152/2152/2096 2212/2212/2156 2213/2213/2157 2153/2153/2097
f 2153/2153/2097 2213/2213/2157 2214/2214/2158 2154/2154/2098
f 2154/2154/2098 2214/2214/2158 2215/2215/2159 2155/2155/2099
f 2155/2155/2099 2215/2215/2159 2216/2216/2160 2156/2156/2100
f 2156/2156/2100 2216/2216/2160 2217/2217/2161 2157/2157/2101
f 2157/2157/2101 2217/2217/2161 2218/2218/2162 2158/2158/2102
f 2158/2158/2102 2218/2218/2162 2219/2219/2163 2159/2159/2103
f 2159/2159/2103 2219/2219/2163 2220/2220/2164 2160/2160/2104
f 2160/2160/2104 2220/2220/2164 2221/2221/2165 2161/2161/2105
f 2161/2161/2105 2221/2221/2165 2222/2222/2166 2162/2162/2106
f 2162/2162/2106 2222/2222/2166 2223/2223/2167 2163/2163/2107
f 2163/2163/2107 2223/2223/2167 2224/2224/2168 2164/2164/2108
f 2165/2165/2109 2225/2225/2169 2226/2226/2170 2166/2166/2110
f 2166/2166/2110 2226/2226/2170 2227/2227/2171 2167/2167/2111
f 2167/2167/2111 2227/2227/2171 2228/2228/2172 2168/2168/2112
f 2168/2168/2112 2228/2228/2172 2229/2229/2173 2169/2169/2113
f 2169/2169/2113 2229/2229/2173 2230/2230/2174 2170/2170/2114
f 2170/2170/2114 2230/2230/2174 2231/2231/2175 2171/2171/2115
f 2171/2171/2115 2231/2231/2175 2232/2232/2176 2172/2172/2116
f 2172/2172/2116 2232/2232/2176 2233/2233/2177 2173/2173/2117
f 2173/2173/2117 2233/2233/2177 2234/2234/2178 2174/2174/2118
f 2174/2174/2118 2234/2234/2178 2235/2235/2179 2175/2175/2119
f 2175/2175/2119 2235/2235/2179 2236/2236/2180 2176/2176/2120
f 2176/2176/2120 2236/2236/2180 2237/2237/2181 2177/2177/2121
f 2177/2177/2121 2237/2237/2181 2238/2238/2182 2178/2178/2122
f 2178/2178/2122 2238/2238/2182 2239/2239/2183 2179/2179/2123
f 2179/2179/2123 2239/2239/2183 2240/2240/2184 2180/2180/2124
f 2180/2180/2124 2240/2240/2184 2241/2241/2185 2181/2181/2125
f 2181/2181/2125 2241/2241/2185 2242/2242/2186 2182/2182/2126
f 2182/2182/2126 2242/2242/2186 2243/2243/2187 2183/2183/2127
f 2183/2183/2127 2243/2243/2187 2244/2244/2188 2184/2184/2128
f 2184/2184/2128 2244/2244/2188 2245/2245/2189 2185/2185/2129
f 2185/2185/2129 2245/2245/2189 2246/2246/2190 2186/2186/2130
f 2186/2186/2130 2246/2246/2190 2247/2247/2191 2187/2187/2131
f 2187/2187/2131 2247/2247/2191 2248/2248/2192 2188/2188/2132
f 2188/2188/2132 2248/2248/2192 2249/2249/2193 2189/2189/2133
f 2189/2189/2133 2249/2249/2193 2250/2250/2194 2190/2190/2134
f 2190/2190/2134 2250/2250/2194 2251/2251/2195 2191/2191/2135
f 2191/2191/2135 2251/2251/2195 2252/2252/2196 2192/2192/2136
f 2192/2192/2136 2252/2252/2196 2253/2253/2197 2193/2193/2137
f 2193/2193/2137 2253/2253/2197 2254/2254/2198 2194/2194/2138
f 2194/2194/2138 2254/2254/2198 2255/2255/2199 2195/2195/2139
f 2195/2195/2139 2255/2255/2199 2256/2256/2200 2196/2196/2140
f 2196/2196/2140 2256/2256/2200 2257/2257/2201 2197/2197/2141
f 2197/2197/2141 2257/2257/2201 2258/2258/2202 2198/2198/2142
f 2198/2198/2142 2258/2258/2202 2259/2259/2203 2199/2199/2143
f 2199/2199/2143 2259/2259/2203 2260/2260/2204 2200/2200/2144
f 2200/2200/2144 2260/2260/2204 2261/2261/2205 2201/2201/2145
f 2201/2201/2145 2261/2261/2205 2262/2262/2206 2202/2202/2146
f 2202/2202/2146 2262/2262/2206 2263/2263/2207 2203/2203/2147
f 2203/2203/2147 2263/2263/2207 2264/2264/2208 2204/2204/2148
f 2204/2204/2148 2264/2264/2208 2265/2265/2209 2205/2205/2149
f 2205/2205/2149 2265/2265/2209 2266/2266/2210 2206/2206/2150
f 2206/2206/2150 2266/2266/2210 2267/2267/2211 2207/2207/2151
f 2207/2207/2151 2267/2267/2211 2268/2268/2212 2208/2208/2152
f 2208/2208/2152 2268/2268/2212 2269/2269/2213 2209/2209/2153
f 2209/2209/2153 2269/2269/2213 2270/2270/2214 2210/2210/2154
f 2210/2210/2154 2270/2270/2214 2271/2271/2215 2211/2211/2155
f 2211/2211/2155 2271/2271/2215 2272/2272/2216 2212/2212/2156
f 2212/2212/2156 2272/2272/2216 2273/2273/2217 2213/2213/2157
f 2213/2213/2157 2273/2273/2217 2274/2274/2218 2214/2214/2158
f 2214/2214/2158 2274/2274/2218 2275/2275/2219 2215/2215/2159
f 2215/2215/2159 2275/2275/2219 2276/2276/2220 2216/2216/2160
f 2216/2216/2160 2276/2276/2220 2277/2277/2221 2217/2217/2161
f 2217/2217/2161 2277/2277/2221 2278/2278/2222 2218/2218/2162
f 2218/2218/2162 2278/2278/2222 2279/2279/2223 2219/2219/2163
f 2219/2219/2163 2279/2279/2223 2280/2280/2224 2220/2220/2164
f 2220/2220/2164 2280/2280/2224 2281/2281/2225 2221/2221/2165
f 2221/2221/2165 2281/2281/2225 2282/2282/2226 2222/2222/2166
f 2222/2222/2166 2282/2282/2226 2283/2283/2227 2223/2223/2167
f 2223/2223/2167 2283/2283/2227 2284/2284/2228 2224/2224/2168
f 2225/2225/2169 2285/2285/2229 2286/2286/2230 2226/2226/2170
f 2226/2226/2170 2286/2286/2230 2287/2287/2231 2227/2227/2171
f 2227/2227/2171 2287/2287/2231 2288/2288/2232 2228/2228/2172
f 2228/2228/2172 2288/2288/2232 2289/2289/2233 2229/2229/2173
f 2229/2229/2173 2289/2289/2233 2290/2290/2234 2230/2230/2174
f 2230/2230/2174 2290/2290/2234 2291/2291/2235 2231/2231/2175
f 2231/2231/2175 2291/2291/2235 2292/2292/2236 2232/2232/2176
f 2232/2232/2176 2292/2292/2236 2293/2293/2237 2233/2233/2177
f 2233/2233/2177 2293/2293/2237 2294/2294/2238 2234/2234/2178
f 2234/2234/2178 2294/2294/2238 2295/2295/2239 2235/2235/2179
f 2235/2235/2179 2295/2295/2239 2296/2296/2240 2236/2236/2180
f 2236/2236/2180 2296/2296/2240 2297/2297/2241 2237/2237/2181
f 2237/2237/2181 2297/2297/2241 2298/2298/2242 2238/2238/2182
f 2238/2238/2182 2298/2298/2242 2299/2299/2243 2239/2239/2183
f 2239/2239/2183 2299/2299/2243 2300/2300/2244 2240/2240/2184
f 2240/2240/2184 2300/2300/2244 2301/2301/2245 2241/2241/2185
f 2241/2241/2185 2301/2301/2245 2302/2302/2246 2242/2242/2186
f 2242/2242/2186 2302/2302/2246 2303/2303/2247 2243/2243/2187
f 2243/2243/2187 2303/2303/2247 2304/2304/2248 2244/2244/2188
f 2244/2244/2188 2304/2304/2248 2305/2305/2249 2245/2245/2189
f 2245/2245/2189 2305/2305/2249 2306/2306/2250 2246/2246/2190
f 2246/2246/2190 2306/2306/2250 2307/2307/2251 2247/2247/2191
f 2247/2247/2191 2307/2307/2251 2308/2308/2252 2248/2248/2192
f 2248/2248/2192 2308/2308/2252 2309/2309/2253 2249/2249/2193
f 2249/2249/2193 2309/2309/2253 2310/2310/2254 2250/2250/2194
f 2250/2250/2194 2310/2310/2254 2311/2311/2255 2251/2251/2195
f 2251/2251/2195 2311/2311/2255 2312/2312/2256 2252/2252/2196
f 2252/2252/2196 2312/2312/2256 2313/2313/2257 2253/2253/2197
f 2253/2253/2197 2313/2313/2257 2314/2314/2258 2254/2254/2198
f 2254/2254/2198 2314/2314/2258 2315/2315/2259 2255/2255/2199
f 2255/2255/2199 2315/2315/2259 2316/2316/2260 2256/2256/2200
f 2256/2256/2200 2316/2316/2260 2317/2317/2261 2257/2257/2201
f 2257/2257/2201 2317/2317/2261 2318/2318/2262 2258/2258/2202
f 2258/2258/2202 2318/2318/2262 2319/2319/2263 2259/2259/2203
f 2259/2259/2203 2319/2319/2263 2320/2320/2264 2260/2260/2204
f 2260/2260/2204 2320/2320/2264 2321/2321/2265 2261/2261/2205
f 2261/2261/2205 2321/2321/2265 2322/2322/2266 2262/2262/2206
f 2262/2262/2206 2322/2322/2266 2323/2323/2267 2263/2263/2207
f 2263/2263/2207 2323/2323/2267 2324/2324/2268 2264/2264/2208
f 2264/2264/2208 2324/2324/2268 2325/2325/2269 2265/2265/2209
f 2265/2265/2209 2325/2325/2269 2326/2326/2270 2266/2266/2210
f 2266/2266/2210 2326/2326/2270 2327/2327/2271 2267/2267/2211
f 2267/2267/2211 2327/2327/2271 2328/2328/2272 2268/2268/2212
f 2268/2268/2212 2328/2328/2272 2329/2329/2273 2269/2269/2213
f 2269/2269/2213 2329/2329/2273 2330/2330/2274 2270/2270/2214
f 2270/2270/2214 2330/2330/2274 2331/2331/2275 2271/2271/2215
f 2271/2271/2215 2331/2331/2275 2332/2332/2276 2272/2272/2216
f 2272/2272/2216 2332/2332/2276 2333/2333/2277 2273/2273/2217
f 2273/2273/2217 2333/2333/2277 2334/2334/2278 2274/2274/2218
f 2274/2274/2218 2334/2334/2278 2335/2335/2279 2275/2275/2219
f 2275/2275/2219 2335/2335/2279 2336/2336/2280 2276/2276/2220
f 2276/2276/2220 2336/2336/2280 2337/2337/2281 2277/2277/2221
f 2277/2277/2221 2337/2337/2281 2338/2338/2282 2278/2278/2222
f 2278/2278/2222 2338/2338/2282 2339/2339/2283 2279/2279/2223
f 2279/2279/2223 2339/2339/2283 2340/2340/2284 2280/2280/2224
f 2280/2280/2224 2340/2340/2284 2341/2341/2285 2281/2281/2225
f 2281/2281/2225 2341/2341/2285 2342/2342/2286 2282/2282/2226
f 2282/2282/2226 2342/2342/2286 2343/2343/2287 2283/2283/2227
f 2283/2283/2227 2343/2343/2287 2344/2344/2288 2284/2284/2228
f 2285/2285/2229 2345/2345/2289 2346/2346/2290 2286/2286/2230
f 2286/2286/2230 2346/2346/2290 2347/2347/2291 2287/2287/2231
f 2287/2287/2231 2347/2347/2291 2348/2348/2292 2288/2288/2232
f 2288/2288/2232 2348/2348/2292 2349/2349/2293 2289/2289/2233
f 2289/2289/2233 2349/2349/2293 2350/2350/2294 2290/2290/2234
f 2290/2290/2234 2350/2350/2294 2351/2351/2295 2291/2291/2235
f 2291/2291/2235 2351/2351/2295 2352/2352/2296 2292/2292/2236
f 2292/2292/2236 2352/2352/2296 2353/2353/2297 2293/2293/2237
f 2293/2293/2237 2353/2353/2297 2354/2354/2298 2294/2294/2238
f 2294/2294/2238 2354/2354/2298 2355/2355/2299 2295/2295/2239
f 2295/2295/2239 2355/2355/2299 2356/2356/2300 2296/2296/2240
f 2296/2296/2240 2356/2356/2300 2357/2357/2301 2297/2297/2241
f 2297/2297/2241 2357/2357/2301 2358/2358/2302 2298/2298/2242
f 2298/2298/2242 2358/2358/2302 2359/2359/2303 2299/2299/2243
f 2299/2299/2243 2359/2359/2303 2360/2360/2304 2300/2300/2244
f 2300/2300/2244 2360/2360/2304 2361/2361/2305 2301/2301/2245
f 2301/2301/2245 2361/2361/2305 2362/2362/2306 2302/2302/2246
f 2302/2302/2246 2362/2362/2306 2363/2363/2307 2303/2303/2247
f 2303/2303/2247 2363/2363/2307 2364/2364/2308 2304/2304/2248
f 2304/2304/2248 2364/2364/2308 2365/2365/2309 2305/2305/2249
f 2305/2305/2249 2365/2365/2309 2366/2366/2310 2306/2306/2250
f 2306/2306/2250 2366/2366/2310 2367/2367/2311 2307/2307/2251
f 2307/2307/2251 2367/2367/2311 2368/2368/2312 2308/2308/2252
f 2308/2308/2252 2368/2368/2312 2369/2369/2313 2309/2309/2253
f 2309/2309/2253 2369/2369/2313 2370/2370/2314 2310/2310/2254
f 2310/2310/2254 2370/2370/2314 2371/2371/2315 2311/2311/2255
f 2311/2311/2255 2371/2371/2315 2372/2372/2316 2312/2312/2256
f 2312/2312/2256 2372/2372/2316 2373/2373/2317 2313/2313/2257
f 2313/2313/2257 2373/2373/2317 2374/2374/2318 2314/2314/2258
f 2314/2314/2258 2374/2374/2318 2375/2375/2319 2315/2315/2259
f 2315/2315/2259 2375/2375/2319 2376/2376/2320 2316/2316/2260
f 2316/2316/2260 2376/2376/2320 2377/2377/2321 2317/2317/2261
f 2317/2317/2261 2377/2377/2321 2378/2378/2322 2318/2318/2262
f 2318/2318/2262 2378/2378/2322 2379/2379/2323 2319/2319/2263
f 2319/2319/2263 2379/2379/2323 2380/2380/2324 2320/2320/2264
f 2320/2320/2264 2380/2380/2324 2381/2381/2325 2321/2321/2265
f 2321/2321/2265 2381/2381/2325 2382/2382/2326 2322/2322/2266
f 2322/2322/2266 2382/2382/2326 2383/2383/2327 2323/2323/2267
f 2323/2323/2267 2383/2383/2327 2384/2384/2328 2324/2324/2268
f 2324/2324/2268 2384/2384/2328 2385/2385/2329 2325/2325/2269
f 2325/2325/2269 2385/2385/2329 2386/2386/2330 2326/2326/2270
f 2326/2326/2270 2386/2386/2330 2387/2387/2331 2327/2327/2271
f 2327/2327/2271 2387/2387/2331 2388/2388/2332 2328/2328/2272
f 2328/2328/2272 2388/2388/2332 2389/2389/2333 2329/2329/2273
f 2329/2329/2273 2389/2389/2333 2390/2390/2334 2330/2330/2274
f 2330/2330/2274 2390/2390/2334 2391/2391/2335 2331/2331/2275
f 2331/2331/2275 2391/2391/2335 2392/2392/2336 2332/2332/2276
f 2332/2332/2276 2392/2392/2336 2393/2393/2337 2333/2333/2277
f 2333/2333/2277 2393/2393/2337 2394/2394/2338 2334/2334/2278
f 2334/2334/2278 2394/2394/2338 2395/2395/2339 2335/2335/2279
f 2335/2335/2279 2395/2395/2339 2396/2396/2340 2336/2336/2280
f 2336/2336/2280 2396/2396/2340 2397/2397/2341 2337/2337/2281
f 2337/2337/2281 2397/2397/2341 2398/2398/2342 2338/2338/2282
f 2338/2338/2282 2398/2398/2342 2399/2399/2343 2339/2339/2283
f 2339/2339/2283 2399/2399/2343 2400/2400/2344 2340/2340/2284
f 2340/2340/2284 2400/2400/2344 2401/2401/2345 2341/2341/2285
f 2341/2341/2285 2401/2401/2345 2402/2402/2346 2342/2342/2286
f 2342/2342/2286 2402/2402/2346 2403/2403/2347 2343/2343/2287
f 2343/2343/2287 2403/2403/2347 2404/2404/2348 2344/2344/2288
f 2345/2345/2289 2405/2405/2349 2406/2406/2350 2346/2346/2290
f 2346/2346/2290 2406/2406/2350 2407/2407/2351 2347/2347/2291
f 2347/2347/2291 2407/2407/2351 2408/2408/2352 2348/2348/2292
f 2348/2348/2292 2408/2408/2352 2409/2409/2353 2349/2349/2293
f 2349/2349/2293 2409/2409/2353 2410/2410/2354 2350/2350/2294
f 2350/2350/2294 2410/2410/2354 2411/2411/2355 2351/2351/2295
f 2351/2351/2295 2411/2411/2355 2412/2412/2356 2352/2352/2296
f 2352/2352/2296 2412/2412/2356 2413/2413/2357 2353/2353/2297
f 2353/2353/2297 2413/2413/2357 2414/2414/2358 2354/2354/2298
f 2354/2354/2298 2414/2414/2358 2415/2415/2359 2355/2355/2299
f 2355/2355/2299 2415/2415/2359 2416/2416/2360 2356/2356/2300
f 2356/2356/2300 2416/2416/2360 2417/2417/2361 2357/2357/2301
f 2357/2357/2301 2417/2417/2361 2418/2418/2362 2358/2358/2302
f 2358/2358/2302 2418/2418/2362 2419/2419/2363 2359/2359/2303
f 2359/2359/2303 2419/2419/2363 2420/2420/2364 2360/2360/2304
f 2360/2360/2304 2420/2420/2364 2421/2421/2365 2361/2361/2305
f 2361/2361/2305 2421/2421/2365 2422/2422/2366 2362/2362/2306
f 2362/2362/2306 2422/2422/2366 2423/2423/2367 2363/2363/2307
f 2363/2363/2307 2423/2423/2367 2424/2424/2368 2364/2364/2308
f 2364/2364/2308 2424/2424/2368 2425/2425/2369 2365/2365/2309
f 2365/2365/2309 2425/2425/2369 2426/2426/2370 2366/2366/2310
f 2366/2366/2310 2426/2426/2370 2427/2427/2371 2367/2367/2311
f 2367/2367/2311 2427/2427/2371 2428/2428/2372 2368/2368/2312
f 2368/2368/2312 2428/2428/2372 2429/2429/2373 2369/2369/2313
f 2369/2369/2313 2429/2429/2373 2430/2430/2374 2370/2370/2314
f 2370/2370/2314 2430/2430/2374 2431/2431/2375 2371/2371/2315
f 2371/2371/2315 2431/2431/2375 2432/2432/2376 2372/2372/2316
f 2372/2372/2316 2432/2432/2376 2433/2433/2377 2373/2373/2317
f 2373/2373/2317 2433/2433/2377 2434/2434/2378 2374/2374/2318
f 2374/2374/2318 2434/2434/2378 2435/2435/2379 2375/2375/2319
f 2375/2375/2319 2435/2435/2379 2436/2436/2380 2376/2376/2320
f 2376/2376/2320 2436/2436/2380 2437/2437/2381 2377/2377/2321
f 2377/2377/2321 2437/2437/2381 2438/2438/2382 2378/2378/2322
f 2378/2378/2322 2438/2438/2382 2439/2439/2383 2379/2379/2323
f 2379/2379/2323 2439/2439/2383 2440/2440/2384 2380/2380/2324
f 2380/2380/2324 2440/2440/2384 2441/2441/2385 2381/2381/2325
f 2381/2381/2325 2441/2441/2385 2442/2442/2386 2382/2382/2326
f 2382/2382/2326 2442/2442/2386 2443/2443/2387 2383/2383/2327
f 2383/2383/2327 2443/2443/2387 2444/2444/2388 2384/2384/2328
f 2384/2384/2328 2444/2444/2388 2445/2445/2389 2385/2385/2329
f 2385/2385/2329 2445/2445/2389 2446/2446/2390 2386/2386/2330
f 2386/2386/2330 2446/2446/2390 2447/2447/2391 2387/2387/2331
f 2387/2387/2331 2447/2447/2391 2448/2448/2392 2388/2388/2332
f 2388/2388/2332 2448/2448/2392 2449/2449/2393 2389/2389/2333
f 2389/2389/2333 2449/2449/2393 2450/2450/2394 2390/2390/2334
f 2390/2390/2334 2450/2450/2394 2451/2451/2395 2391/2391/2335
f 2391/2391/2335 2451/2451/2395 2452/2452/2396 2392/2392/2336
f 2392/2392/2336 2452/2452/2396 2453/2453/2397 2393/2393/2337
f 2393/2393/2337 2453/2453/2397 2454/2454/2398 2394/2394/2338
f 2394/2394/2338 2454/2454/2398 2455/2455/2399 2395/2395/2339
f 2395/2395/2339 2455/2455/2399 2456/2456/2400 2396/2396/2340
f 2396/2396/2340 2456/2456/2400 2457/2457/2401 2397/2397/2341
f 2397/2397/2341 2457/2457/2401 2458/2458/2402 2398/2398/2342
f 2398/2398/2342 2458/2458/2402 2459/2459/2403 2399/2399/2343
f 2399/2399/2343 2459/2459/2403 2460/2460/2404 2400/2400/2344
f 2400/2400/2344 2460/2460/2404 2461/2461/2405 2401/2401/2345
f 2401/2401/2345 2461/2461/2405 2462/2462/2406 2402/2402/2346
f 2402/2402/2346 2462/2462/2406 2463/2463/2407 2403/2403/2347
f 2403/2403/2347 2463/2463/2407 2464/2464/2408 2404/2404/2348
f 2405/2405/2349 2465/2465/2409 2466/2466/2410 2406/2406/2350
f 2406/2406/2350 2466/2466/2410 2467/2467/2411 2407/2407/2351
f 2407/2407/2351 2467/2467/2411 2468/2468/2412 2408/2408/2352
f 2408/2408/2352 2468/2468/2412 2469/2469/2413 2409/2409/2353
f 2409/2409/2353 2469/2469/2413 2470/2470/2414 2410/2410/2354
f 2410/2410/2354 2470/2470/2414 2471/2471/2415 2411/2411/2355
f 2411/2411/2355 2471/2471/2415 2472/2472/2416 2412/2412/2356
f 2412/2412/2356 2472/2472/2416 2473/2473/2417 2413/2413/2357
f 2413/2413/2357 2473/2473/2417 2474/2474/2418 2414/2414/2358
f 2414/2414/2358 2474/2474/2418 2475/2475/2419 2415/2415/2359
f 2415/2415/2359 2475/2475/2419 2476/2476/2420 2416/2416/2360
f 2416/2416/2360 2476/2476/2420 2477/2477/2421 2417/2417/2361
f 2417/2417/2361 2477/2477/2421 2478/2478/2422 2418/2418/2362
f 2418/2418/2362 2478/2478/2422 2479/2479/2423 2419/2419/2363
f 2419/2419/2363 2479/2479/2423 2480/2480/2424 2420/2420/2364
f 2420/2420/2364 2480/2480/2424 2481/2481/2425 2421/2421/2365
f 2421/2421/2365 2481/2481/2425 2482/2482/2426 2422/2422/2366
f 2422/2422/2366 2482/2482/2426 2483/2483/2427 2423/2423/2367
f 2423/2423/2367 2483/2483/2427 2484/2484/2428 2424/2424/2368
f 2424/2424/2368 2484/2484/2428 2485/2485/2429 2425/2425/2369
f 2425/2425/2369 2485/2485/2429 2486/2486/2430 2426/2426/2370
f 2426/2426/2370 2486/2486/2430 2487/2487/2431 2427/2427/2371
f 2427/2427/2371 2487/2487/2431 2488/2488/2432 2428/2428/2372
f 2428/2428/2372 2488/2488/2432 2489/2489/2433 2429/2429/2373
f 2429/2429/2373 2489/2489/2433 2490/2490/2434 2430/2430/2374
f 2430/2430/2374 2490/2490/2434 2491/2491/2435 2431/2431/2375
f 2431/2431/2375 2491/2491/2435 2492/2492/2436 2432/2432/2376
f 2432/2432/2376 2492/2492/2436 2493/2493/2437 2433/2433/2377
f 2433/2433/2377 2493/2493/2437 2494/2494/2438 2434/2434/2378
f 2434/2434/2378 2494/2494/2438 2495/2495/2439 2435/2435/2379
f 2435/2435/2379 2495/2495/2439 2496/2496/2440 2436/2436/2380
f 2436/2436/2380 2496/2496/2440 2497/2497/2441 2437/2437/2381
f 2437/2437/2381 2497/2497/2441 2498/2498/2442 2438/2438/2382
f 2438/2438/2382 2498/2498/2442 2499/2499/2443 2439/2439/2383
f 2439/2439/2383 2499/2499/2443 2500/2500/2444 2440/2440/2384
f 2440/2440/2384 2500/2500/2444 2501/2501/2445 2441/2441/2385
f 2441/2441/2385 2501/2501/2445 2502/2502/2446 2442/2442/2386
f 2442/2442/2386 2502/2502/2446 2503/2503/2447 2443/2443/2387
f 2443/2443/2387 2503/2503/2447 2504/2504/2448 2444/2444/2388
f 2444/2444/2388 2504/2504/2448 2505/2505/2449 2445/2445/2389
f 2445/2445/2389 2505/2505/2449 2506/2506/2450 2446/2446/2390
f 2446/2446/2390 2506/2506/2450 2507/2507/2451 2447/2447/2391
f 2447/2447/2391 2507/2507/2451 2508/2508/2452 2448/2448/2392
f 2448/2448/2392 2508/2508/2452 2509/2509/2453 2449/2449/2393
f 2449/2449/2393 2509/2509/2453 2510/2510/2454 2450/2450/2394
f 2450/2450/2394 2510/2510/2454 2511/2511/2455 2451/2451/2395
f 2451/2451/2395 2511/2511/2455 2512/2512/2456 2452/2452/2396
f 2452/2452/2396 2512/2512/2456 2513/2513/2457 2453/2453/2397
f 2453/2453/2397 2513/2513/2457 2514/2514/2458 2454/2454/2398
f 2454/2454/2398 2514/2514/2458 2515/2515/2459 2455/2455/2399
f 2455/2455/2399 2515/2515/2459 2516/2516/2460 2456/2456/2400
f 2456/2456/2400 2516/2516/2460 2517/2517/2461 2457/2457/2401
f 2457/2457/2401 2517/2517/2461 2518/2518/2462 2458/2458/2402
f 2458/2458/2402 2518/2518/2462 2519/2519/2463 2459/2459/2403
f 2459/2459/2403 2519/2519/2463 2520/2520/2464 2460/2460/2404
f 2460/2460/2404 2520/2520/2464 2521/2521/2465 2461/2461/2405
f 2461/2461/2405 2521/2521/2465 2522/2522/2466 2462/2462/2406
f 2462/2462/2406 2522/2522/2466 2523/2523/2467 2463/2463/2407
f 2463/2463/2407 2523/2523/2467 2524/2524/2468 2464/2464/2408
f 2465/2465/2409 2525/2525/2469 2526/2526/2470 2466/2466/2410
f 2466/2466/2410 2526/2526/2470 2527/2527/2471 2467/2467/2411
f 2467/2467/2411 2527/2527/2471 2528/2528/2472 2468/2468/2412
f 2468/2468/2412 2528/2528/2472 2529/2529/2473 2469/2469/2413
f 2469/2469/2413 2529/2529/2473 2530/2530/2474 2470/2470/2414
f 2470/2470/2414 2530/2530/2474 2531/2531/2475 2471/2471/2415
f 2471/2471/2415 2531/2531/2475 2532/2532/2476 2472/2472/2416
f 2472/2472/2416 2532/2532/2476 2533/2533/2477 2473/2473/2417
f 2473/2473/2417 2533/2533/2477 2534/2534/2478 2474/2474/2418
f 2474/2474/2418 2534/2534/2478 2535/2535/2479 2475/2475/2419
f 2475/2475/2419 2535/2535/2479 2536/2536/2480 2476/2476/2420
f 2476/2476/2420 2536/2536/2480 2537/2537/2481 2477/2477/2421
f 2477/2477/2421 2537/2537/2481 2538/2538/2482 2478/2478/2422
f 2478/2478/2422 2538/2538/2482 2539/2539/2483 2479/2479/2423
f 2479/2479/2423 2539/2539/2483 2540/2540/2484 2480/2480/2424
f 2480/2480/2424 2540/2540/2484 2541/2541/2485 2481/2481/2425
f 2481/2481/2425 2541/2541/2485 2542/2542/2486 2482/2482/2426
f 2482/2482/2426 2542/2542/2486 2543/2543/2487 2483/2483/2427
f 2483/2483/2427 2543/2543/2487 2544/2544/2488 2484/2484/2428
f 2484/2484/2428 2544/2544/2488 2545/2545/2489 2485/2485/2429
f 2485/2485/2429 2545/2545/2489 2546/2546/2490 2486/2486/2430
f 2486/2486/2430 2546/2546/2490 2547/2547/2491 2487/2487/2431
f 2487/2487/2431 2547/2547/2491 2548/2548/2492 2488/2488/2432
f 2488/2488/2432 2548/2548/2492 2549/2549/2493 2489/2489/2433
f 2489/2489/2433 2549/2549/2493 2550/2550/2494 2490/2490/2434
f 2490/2490/2434 2550/2550/2494 2551/2551/2495 2491/2491/2435
f 2491/2491/2435 2551/2551/2495 2552/2552/2496 2492/2492/2436
f 2492/2492/2436 2552/2552/2496 2553/2553/2497 2493/2493/2437
f 2493/2493/2437 2553/2553/2497 2554/2554/2498 2494/2494/2438
f 2494/2494/2438 2554/2554/2498 2555/2555/2499 2495/2495/2439
f 2495/2495/2439 2555/2555/2499 2556/2556/2500 2496/2496/2440
f 2496/2496/2440 2556/2556/2500 2557/2557/2501 2497/2497/2441
f 2497/2497/2441 2557/2557/2501 2558/2558/2502 2498/2498/2442
f 2498/2498/2442 2558/2558/2502 2559/2559/2503 2499/2499/2443
f 2499/2499/2443 2559/2559/2503 2560/2560/2504 2500/2500/2444
f 2500/2500/2444 2560/2560/2504 2561/2561/2505 2501/2501/2445
f 2501/2501/2445 2561/2561/2505 2562/2562/2506 2502/2502/2446
f 2502/2502/2446 2562/2562/2506 2563/2563/2507 2503/2503/2447
f 2503/2503/2447 2563/2563/2507 2564/2564/2508 2504/2504/2448
f 2504/2504/2448 2564/2564/2508 2565/2565/2509 2505/2505/2449
f 2505/2505/2449 2565/2565/2509 2566/2566/2510 2506/2506/2450
f 2506/2506/2450 2566/2566/2510 2567/2567/2511 2507/2507/2451
f 2507/2507/2451 2567/2567/2511 2568/2568/2512 2508/2508/2452
f 2508/2508/2452 2568/2568/2512 2569/2569/2513 2509/2509/2453
f 2509/2509/2453 2569/2569/2513 2570/2570/2514 2510/2510/2454
f 2510/2510/2454 2570/2570/2514 2571/2571/2515 2511/2511/2455
f 2511/2511/2455 2571/2571/2515 2572/2572/2516 2512/2512/2456
f 2512/2512/2456 2572/2572/2516 2573/2573/2517 2513/2513/2457
f 2513/2513/2457 2573/2573/2517 2574/2574/2518 2514/2514/2458
f 2514/2514/2458 2574/2574/2518 2575/2575/2519 2515/2515/2459
f 2515/2515/2459 2575/2575/2519 2576/2576/2520 2516/2516/2460
f 2516/2516/2460 2576/2576/2520 2577/2577/2521 2517/2517/2461
f 2517/2517/2461 2577/2577/2521 2578/2578/2522 2518/2518/2462
f 2518/2518/2462 2578/2578/2522 2579/2579/2523 2519/2519/2463
f 2519/2519/2463 2579/2579/2523 2580/2580/2524 2520/2520/2464
f 2520/2520/2464 2580/2580/2524 2581/2581/2525 2521/2521/2465
f 2521/2521/2465 2581/2581/2525 2582/2582/2526 2522/2522/2466
f 2522/2522/2466 2582/2582/2526 2583/2583/2527 2523/2523/2467
f 2523/2523/2467 2583/2583/2527 2584/2584/2528 2524/2524/2468
f 2525/2525/2469 2585/2585/2529 2586/2586/2530 2526/2526/2470
f 2526/2526/2470 2586/2586/2530 2587/2587/2531 2527/2527/2471
f 2527/2527/2471 2587/2587/2531 2588/2588/2532 2528/2528/2472
f 2528/2528/2472 2588/2588/2532 2589/2589/2533 2529/2529/2473
f 2529/2529/2473 2589/2589/2533 2590/2590/2534 2530/2530/2474
f 2530/2530/2474 2590/2590/2534 2591/2591/2535 2531/2531/2475
f 2531/2531/2475 2591/2591/2535 2592/2592/2536 2532/2532/2476
f 2532/2532/2476 2592/2592/2536 2593/2593/2537 2533/2533/2477
f 2533/2533/2477 2593/2593/2537 2594/2594/2538 2534/2534/2478
f 2534/2534/2478 2594/2594/2538 2595/2595/2539 2535/2535/2479
f 2535/2535/2479 2595/2595/2539 2596/2596/2540 2536/2536/2480
f 2536/2536/2480 2596/2596/2540 2597/2597/2541 2537/2537/2481
f 2537/2537/2481 2597/2597/2541 2598/2598/2542 2538/2538/2482
f 2538/2538/2482 2598/2598/2542 2599/2599/2543 2539/2539/2483
f 2539/2539/2483 2599/2599/2543 2600/2600/2544 2540/2540/2484
f 2540/2540/2484 2600/2600/2544 2601/2601/2545 2541/2541/2485
f 2541/2541/2485 2601/2601/2545 2602/2602/2546 2542/2542/2486
f 2542/2542/2486 2602/2602/2546 2603/2603/2547 2543/2543/2487
f 2543/2543/2487 2603/2603/2547 2604/2604/2548 2544/2544/2488
f 2544/2544/2488 2604/2604/2548 2605/2605/2549 2545/2545/2489
f 2545/2545/2489 2605/2605/2549 2606/2606/2550 2546/2546/2490
f 2546/2546/2490 2606/2606/2550 2607/2607/2551 2547/2547/2491
f 2547/2547/2491 2607/2607/2551 2608/2608/2552 2548/2548/2492
f 2548/2548/2492 2608/2608/2552 2609/2609/2553 2549/2549/2493
f 2549/2549/2493 2609/2609/2553 2610/2610/2554 2550/2550/2494
f 2550/2550/2494 2610/2610/2554 2611/2611/2555 2551/2551/2495
f 2551/2551/2495 2611/2611/2555 2612/2612/2556 2552/2552/2496
f 2552/2552/2496 2612/2612/2556 2613/2613/2557 2553/2553/2497
f 2553/2553/2497 2613/2613/2557 2614/2614/2558 2554/2554/2498
f 2554/2554/2498 2614/2614/2558 2615/2615/2559 2555/2555/2499
f 2555/2555/2499 2615/2615/2559 2616/2616/2560 2556/2556/2500
f 2556/2556/2500 2616/2616/2560 2617/2617/2561 2557/2557/2501
f 2557/2557/2501 2617/2617/2561 2618/2618/2562 2558/2558/2502
f 2558/2558/2502 2618/2618/2562 2619/2619/2563 2559/2559/2503
f 2559/2559/2503 2619/2619/2563 2620/2620/2564 2560/2560/2504
f 2560/2560/2504 2620/2620/2564 2621/2621/2565 2561/2561/2505
f 2561/2561/2505 2621/2621/2565 2622/2622/2566 2562/2562/2506
f 2562/2562/2506 2622/2622/2566 2623/2623/2567 2563/2563/2507
f 2563/2563/2507 2623/2623/2567 2624/2624/2568 2564/2564/2508
f 2564/2564/2508 2624/2624/2568 2625/2625/2569 2565/2565/2509
f 2565/2565/2509 2625/2625/2569 2626/2626/2570 2566/2566/2510
f 2566/2566/2510 2626/2626/2570 2627/2627/2571 2567/2567/2511
f 2567/2567/2511 2627/2627/2571 2628/2628/2572 2568/2568/2512
f 2568/2568/2512 2628/2628/2572 2629/2629/2573 2569/2569/2513
f 2569/2569/2513 2629/2629/2573 2630/2630/2574 2570/2570/2514
f 2570/2570/2514 2630/2630/2574 2631/2631/2575 2571/2571/2515
f 2571/2571/2515 2631/2631/2575 2632/2632/2576 2572/2572/2516
f 2572/2572/2516 2632/2632/2576 2633/2633/2577 2573/2573/2517
f 2573/2573/2517 2633/2633/2577 2634/2634/2578 2574/2574/2518
f 2574/2574/2518 2634/2634/2578 2635/2635/2579 2575/2575/2519
f 2575/2575/2519 2635/2635/2579 2636/2636/2580 2576/2576/2520
f 2576/2576/2520 2636/2636/2580 2637/2637/2581 2577/2577/2521
f 2577/2577/2521 2637/2637/2581 2638/2638/2582 2578/2578/2522
f 2578/2578/2522 2638/2638/2582 2639/2639/2583 2579/2579/2523
f 2579/2579/2523 2639/2639/2583 2640/2640/2584 2580/2580/2524
f 2580/2580/2524 2640/2640/2584 2641/2641/2585 2581/2581/2525
f 2581/2581/2525 2641/2641/2585 2642/2642/2586 2582/2582/2526
f 2582/2582/2526 2642/2642/2586 2643/2643/2587 2583/2583/2527
f 2583/2583/2527 2643/2643/2587 2644/2644/2588 2584/2584/2528
f 2585/2585/2529 2645/2645/2589 2646/2646/2590 2586/2586/2530
f 2586/2586/2530 2646/2646/2590 2647/2647/2591 2587/2587/2531
f 2587/2587/2531 2647/2647/2591 2648/2648/2592 2588/2588/2532
f 2588/2588/2532 2648/2648/2592 2649/2649/2593 2589/2589/2533
f 2589/2589/2533 2649/2649/2593 2650/2650/2594 2590/2590/2534
f 2590/2590/2534 2650/2650/2594 2651/2651/2595 2591/2591/2535
f 2591/2591/2535 2651/2651/2595 2652/2652/2596 2592/2592/2536
f 2592/2592/2536 2652/2652/2596 2653/2653/2597 2593/2593/2537
f 2593/2593/2537 2653/2653/2597 2654/2654/2598 2594/2594/2538
f 2594/2594/2538 2654/2654/2598 2655/2655/2599 2595/2595/2539
f 2595/2595/2539 2655/2655/2599 2656/2656/2600 2596/2596/2540
f 2596/2596/2540 2656/2656/2600 2657/2657/2601 2597/2597/2541
f 2597/2597/2541 2657/2657/2601 2658/2658/2602 2598/2598/2542
f 2598/2598/2542 2658/2658/2602 2659/2659/2603 2599/2599/2543
f 2599/2599/2543 2659/2659/2603 2660/2660/2604 2600/2600/2544
f 2600/2600/2544 2660/2660/2604 2661/2661/2605 2601/2601/2545
f 2601/2601/2545 2661/2661/2605 2662/2662/2606 2602/2602/2546
f 2602/2602/2546 2662/2662/2606 2663/2663/2607 2603/2603/2547
f 2603/2603/2547 2663/2663/2607 2664/2664/2608 2604/2604/2548
f 2604/2604/2548 2664/2664/2608 2665/2665/2609 2605/2605/2549
f 2605/2605/2549 2665/2665/2609 2666/2666/2610 2606/2606/2550
f 2606/2606/2550 2666/2666/2610 2667/2667/2611 2607/2607/2551
f 2607/2607/2551 2667/2667/2611 2668/2668/2612 2608/2608/2552
f 2608/2608/2552 2668/2668/2612 2669/2669/2613 2609/2609/2553
f 2609/2609/2553 2669/2669/2613 2670/2670/2614 2610/2610/2554
f 2610/2610/2554 2670/2670/2614 2671/2671/2615 2611/2611/2555
f 2611/2611/2555 2671/2671/2615 2672/2672/2616 2612/2612/2556
f 2612/2612/2556 2672/2672/2616 2673/2673/2617 2613/2613/2557
f 2613/2613/2557 2673/2673/2617 2674/2674/2618 2614/2614/2558
f 2614/2614/2558 2674/2674/2618 2675/2675/2619 2615/2615/2559
f 2615/2615/2559 2675/2675/2619 2676/2676/2620 2616/2616/2560
f 2616/2616/2560 2676/2676/2620 2677/2677/2621 2617/2617/2561
f 2617/2617/2561 2677/2677/2621 2678/2678/2622 2618/2618/2562
f 2618/2618/2562 2678/2678/2622 2679/2679/2623 2619/2619/2563
f 2619/2619/2563 2679/2679/2623 2680/2680/2624 2620/2620/2564
f 2620/2620/2564 2680/2680/2624 2681/2681/2625 2621/2621/2565
f 2621/2621/2565 2681/2681/2625 2682/2682/2626 2622/2622/2566
f 2622/2622/2566 2682/2682/2626 2683/2683/2627 2623/2623/2567
f 2623/2623/2567 2683/2683/2627 2684/2684/2628 2624/2624/2568
f 2624/2624/2568 2684/2684/2628 2685/2685/2629 2625/2625/2569
f 2625/2625/2569 2685/2685/2629 2686/2686/2630 2626/2626/2570
f 2626/2626/2570 2686/2686/2630 2687/2687/2631 2627/2627/2571
f 2627/2627/2571 2687/2687/2631 2688/2688/2632 2628/2628/2572
f 2628/2628/2572 2688/2688/2632 2689/2689/2633 2629/2629/2573
f 2629/2629/2573 2689/2689/2633 2690/2690/2634 2630/2630/2574
f 2630/2630/2574 2690/2690/2634 2691/2691/2635 2631/2631/2575
f 2631/2631/2575 2691/2691/2635 2692/2692/2636 2632/2632/2576
f 2632/2632/2576 2692/2692/2636 2693/2693/2637 2633/2633/2577
f 2633/2633/2577 2693/2693/2637 2694/2694/2638 2634/2634/2578
f 2634/2634/2578 2694/2694/2638 2695/2695/2639 2635/2635/2579
f 2635/2635/2579 2695/2695/2639 2696/2696/2640 2636/2636/2580
f 2636/2636/2580 2696/2696/2640 2697/2697/2641 2637/2637/2581
f 2637/2637/2581 2697/2697/2641 2698/2698/2642 2638/2638/2582
f 2638/2638/2582 2698/2698/2642 2699/2699/2643 2639/2639/2583
f 2639/2639/2583 2699/2699/2643 2700/2700/2644 2640/2640/2584
f 2640/2640/2584 2700/2700/2644 2701/2701/2645 2641/2641/2585
f 2641/2641/2585 2701/2701/2645 2702/2702/2646 2642/2642/2586
f 2642/2642/2586 2702/2702/2646 2703/2703/2647 2643/2643/2587
f 2643/2643/2587 2703/2703/2647 2704/2704/2648 2644/2644/2588
f 2645/2645/2589 2705/2705/2649 2706/2706/2650 2646/2646/2590
f 2646/2646/2590 2706/2706/2650 2707/2707/2651 2647/2647/2591
f 2647/2647/2591 2707/2707/2651 2708/2708/2652 2648/2648/2592
f 2648/2648/2592 2708/2708/2652 2709/2709/2653 2649/2649/2593
f 2649/2649/2593 2709/2709/2653 2710/2710/2654 2650/2650/2594
f 2650/2650/2594 2710/2710/2654 2711/2711/2655 2651/2651/2595
f 2651/2651/2595 2711/2711/2655 2712/2712/2656 2652/2652/2596
f 2652/2652/2596 2712/2712/2656 2713/2713/2657 2653/2653/2597
f 2653/2653/2597 2713/2713/2657 2714/2714/2658 2654/2654/2598
f 2654/2654/2598 2714/2714/2658 2715/2715/2659 2655/2655/2599
f 2655/2655/2599 2715/2715/2659 2716/2716/2660 2656/2656/2600
f 2656/2656/2600 2716/2716/2660 2717/2717/2661 2657/2657/2601
f 2657/2657/2601 2717/2717/2661 2718/2718/2662 2658/2658/2602
f 2658/2658/2602 2718/2718/2662 2719/2719/2663 2659/2659/2603
f 2659/2659/2603 2719/2719/2663 2720/2720/2664 2660/2660/2604
f 2660/2660/2604 2720/2720/2664 2721/2721/2665 2661/2661/2605
f 2661/2661/2605 2721/2721/2665 2722/2722/2666 2662/2662/2606
f 2662/2662/2606 2722/2722/2666 2723/2723/2667 2663/2663/2607
f 2663/2663/2607 2723/2723/2667 2724/2724/2668 2664/2664/2608
f 2664/2664/2608 2724/2724/2668 2725/2725/2669 2665/2665/2609
f 2665/2665/2609 2725/2725/2669 2726/2726/2670 2666/2666/2610
f 2666/2666/2610 2726/2726/2670 2727/2727/2671 2667/2667/2611
f 2667/2667/2611 2727/2727/2671 2728/2728/2672 2668/2668/2612
f 2668/2668/2612 2728/2728/2672 2729/2729/2673 2669/2669/2613
f 2669/2669/2613 2729/2729/2673 2730/2730/2674 2670/2670/2614
f 2670/2670/2614 2730/2730/2674 2731/2731/2675 2671/2671/2615
f 2671/2671/2615 2731/2731/2675 2732/2732/2676 2672/2672/2616
f 2672/2672/2616 2732/2732/2676 2733/2733/2677 2673/2673/2617
f 2673/2673/2617 2733/2733/2677 2734/2734/2678 2674/2674/2618
f 2674/2674/2618 2734/2734/2678 2735/2735/2679 2675/2675/2619
f 2675/2675/2619 2735/2735/2679 2736/2736/2680 2676/2676/2620
f 2676/2676/2620 2736/2736/2680 2737/2737/2681 2677/2677/2621
f 2677/2677/2621 2737/2737/2681 2738/2738/2682 2678/2678/2622
f 2678/2678/2622 2738/2738/2682 2739/2739/2683 2679/2679/2623
f 2679/2679/2623 2739/2739/2683 2740/2740/2684 2680/2680/2624
f 2680/2680/2624 2740/2740/2684 2741/2741/2685 2681/2681/2625
f 2681/2681/2625 2741/2741/2685 2742/2742/2686 2682/2682/2626
f 2682/2682/2626 2742/2742/2686 2743/2743/2687 2683/2683/2627
f 2683/2683/2627 2743/2743/2687 2744/2744/2688 2684/2684/2628
f 2684/2684/2628 2744/2744/2688 2745/2745/2689 2685/2685/2629
f 2685/2685/2629 2745/2745/2689 2746/2746/2690 2686/2686/2630
f 2686/2686/2630 2746/2746/2690 2747/2747/2691 2687/2687/2631
f 2687/2687/2631 2747/2747/2691 2748/2748/2692 2688/2688/2632
f 2688/2688/2632 2748/2748/2692 2749/2749/2693 2689/2689/2633
f 2689/2689/2633 2749/2749/2693 2750/2750/2694 2690/2690/2634
f 2690/2690/2634 2750/2750/2694 2751/2751/2695 2691/2691/2635
f 2691/2691/2635 2751/2751/2695 2752/2752/2696 2692/2692/2636
f 2692/2692/2636 2752/2752/2696 2753/2753/2697 2693/2693/2637
f 2693/2693/2637 2753/2753/2697 2754/2754/2698 2694/2694/2638
f 2694/2694/2638 2754/2754/2698 2755/2755/2699 2695/2695/2639
f 2695/2695/2639 2755/2755/2699 2756/2756/2700 2696/2696/2640
f 2696/2696/2640 2756/2756/2700 2757/2757/2701 2697/2697/2641
f 2697/2697/2641 2757/2757/2701 2758/2758/2702 2698/2698/2642
f 2698/2698/2642 2758/2758/2702 2759/2759/2703 2699/2699/2643
f 2699/2699/2643 2759/2759/2703 2760/2760/2704 2700/2700/2644
f 2700/2700/2644 2760/2760/2704 2761/2761/2705 2701/2701/2645
f 2701/2701/2645 2761/2761/2705 2762/2762/2706 2702/2702/2646
f 2702/2702/2646 2762/2762/2706 2763/2763/2707 2703/2703/2647
f 2703/2703/2647 2763/2763/2707 2764/2764/2708 2704/2704/2648
f 2705/2705/2649 2765/2765/2709 2766/2766/2710 2706/2706/2650
f 2706/2706/2650 2766/2766/2710 2767/2767/2711 2707/2707/2651
f 2707/2707/2651 2767/2767/2711 2768/2768/2712 2708/2708/2652
f 2708/2708/2652 2768/2768/2712 2769/2769/2713 2709/2709/2653
f 2709/2709/2653 2769/2769/2713 2770/2770/2714 2710/2710/2654
f 2710/2710/2654 2770/2770/2714 2771/2771/2715 2711/2711/2655
f 2711/2711/2655 2771/2771/2715 2772/2772/2716 2712/2712/2656
f 2712/2712/2656 2772/2772/2716 2773/2773/2717 2713/2713/2657
f 2713/2713/2657 2773/2773/2717 2774/2774/2718 2714/2714/2658
f 2714/2714/2658 2774/2774/2718 2775/2775/2719 2715/2715/2659
f 2715/2715/2659 2775/2775/2719 2776/2776/2720 2716/2716/2660
f 2716/2716/2660 2776/2776/2720 2777/2777/2721 2717/2717/2661
f 2717/2717/2661 2777/2777/2721 2778/2778/2722 2718/2718/2662
f 2718/2718/2662 2778/2778/2722 2779/2779/2723 2719/2719/2663
f 2719/2719/2663 2779/2779/2723 2780/2780/2724 2720/2720/2664
f 2720/2720/2664 2780/2780/2724 2781/2781/2725 2721/2721/2665
f 2721/2721/2665 2781/2781/2725 2782/2782/2726 2722/2722/2666
f 2722/2722/2666 2782/2782/2726 2783/2783/2727 2723/2723/2667
f 2723/2723/2667 2783/2783/2727 2784/2784/2728 2724/2724/2668
f 2724/2724/2668 2784/2784/2728 2785/2785/2729 2725/2725/2669
f 2725/2725/2669 2785/2785/2729 2786/2786/2730 2726/2726/2670
f 2726/2726/2670 2786/2786/2730 2787/2787/2731 2727/2727/2671
f 2727/2727/2671 2787/2787/2731 2788/2788/2732 2728/2728/2672
f 2728/2728/2672 2788/2788/2732 2789/2789/2733 2729/2729/2673
f 2729/2729/2673 2789/2789/2733 2790/2790/2734 2730/2730/2674
f 2730/2730/2674 2790/2790/2734 2791/2791/2735 2731/2731/2675
f 2731/2731/2675 2791/2791/2735 2792/2792/2736 2732/2732/2676
f 2732/2732/2676 2792/2792/2736 2793/2793/2737 2733/2733/2677
f 2733/2733/2677 2793/2793/2737 2794/2794/2738 2734/2734/2678
f 2734/2734/2678 2794/2794/2738 2795/2795/2739 2735/2735/2679
f 2735/2735/2679 2795/2795/2739 2796/2796/2740 2736/2736/2680
f 2736/2736/2680 2796/2796/2740 2797/2797/2741 2737/2737/2681
f 2737/2737/2681 2797/2797/2741 2798/2798/2742 2738/2738/2682
f 2738/2738/2682 2798/2798/2742 2799/2799/2743 2739/2739/2683
f 2739/2739/2683 2799/2799/2743 2800/2800/2744 2740/2740/2684
f 2740/2740/2684 2800/2800/2744 2801/2801/2745 2741/2741/2685
f 2741/2741/2685 2801/2801/2745 2802/2802/2746 2742/2742/2686
f 2742/2742/2686 2802/2802/2746 2803/2803/2747 2743/2743/2687
f 2743/2743/2687 2803/2803/2747 2804/2804/2748 2744/2744/2688
f 2744/2744/2688 2804/2804/2748 2805/2805/2749 2745/2745/2689
f 2745/2745/2689 2805/2805/2749 2806/2806/2750 2746/2746/2690
f 2746/2746/2690 2806/2806/2750 2807/2807/2751 2747/2747/2691
f 2747/2747/2691 2807/2807/2751 2808/2808/2752 2748/2748/2692
f 2748/2748/2692 2808/2808/2752 2809/2809/2753 2749/2749/2693
f 2749/2749/2693 2809/2809/2753 2810/2810/2754 2750/2750/2694
f 2750/2750/2694 2810/2810/2754 2811/2811/2755 2751/2751/2695
f 2751/2751/2695 2811/2811/2755 2812/2812/2756 2752/2752/2696
f 2752/2752/2696 2812/2812/2756 2813/2813/2757 2753/2753/2697
f 2753/2753/2697 2813/2813/2757 2814/2814/2758 2754/2754/2698
f 2754/2754/2698 2814/2814/2758 2815/2815/2759 2755/2755/2699
f 2755/2755/2699 2815/2815/2759 2816/2816/2760 2756/2756/2700
f 2756/2756/2700 2816/2816/2760 2817/2817/2761 2757/2757/2701
f 2757/2757/2701 2817/2817/2761 2818/2818/2762 2758/2758/2702
f 2758/2758/2702 2818/2818/2762 2819/2819/2763 2759/2759/2703
f 2759/2759/2703 2819/2819/2763 2820/2820/2764 2760/2760/2704
f 2760/2760/2704 2820/2820/2764 2821/2821/2765 2761/2761/2705
f 2761/2761/2705 2821/2821/2765 2822/2822/2766 2762/2762/2706
f 2762/2762/2706 2822/2822/2766 2823/2823/2767 2763/2763/2707
f 2763/2763/2707 2823/2823/2767 2824/2824/2768 2764/2764/2708
f 2765/2765/2709 2825/2825/2769 2826/2826/2770 2766/2766/2710
f 2766/2766/2710 2826/2826/2770 2827/2827/2771 2767/2767/2711
f 2767/2767/2711 2827/2827/2771 2828/2828/2772 2768/2768/2712
f 2768/2768/2712 2828/2828/2772 2829/2829/2773 2769/2769/2713
f 2769/2769/2713 2829/2829/2773 2830/2830/2774 2770/2770/2714
f 2770/2770/2714 2830/2830/2774 2831/2831/2775 2771/2771/2715
f 2771/2771/2715 2831/2831/2775 2832/2832/2776 2772/2772/2716
f 2772/2772/2716 2832/2832/2776 2833/2833/2777 2773/2773/2717
f 2773/2773/2717 2833/2833/2777 2834/2834/2778 2774/2774/2718
f 2774/2774/2718 2834/2834/2778 2835/2835/2779 2775/2775/2719
f 2775/2775/2719 2835/2835/2779 2836/2836/2780 2776/2776/2720
f 2776/2776/2720 2836/2836/2780 2837/2837/2781 2777/2777/2721
f 2777/2777/2721 2837/2837/2781 2838/2838/2782 2778/2778/2722
f 2778/2778/2722 2838/2838/2782 2839/2839/2783 2779/2779/2723
f 2779/2779/2723 2839/2839/2783 2840/2840/2784 2780/2780/2724
f 2780/2780/2724 2840/2840/2784 2841/2841/2785 2781/2781/2725
f 2781/2781/2725 2841/2841/2785 2842/2842/2786 2782/2782/2726
f 2782/2782/2726 2842/2842/2786 2843/2843/2787 2783/2783/2727
f 2783/2783/2727 2843/2843/2787 2844/2844/2788 2784/2784/2728
f 2784/2784/2728 2844/2844/2788 2845/2845/2789 2785/2785/2729
f 2785/2785/2729 2845/2845/2789 2846/2846/2790 2786/2786/2730
f 2786/2786/2730 2846/2846/2790 2847/2847/2791 2787/2787/2731
f 2787/2787/2731 2847/2847/2791 2848/2848/2792 2788/2788/2732
f 2788/2788/2732 2848/2848/2792 2849/2849/2793 2789/2789/2733
f 2789/2789/2733 2849/2849/2793 2850/2850/2794 2790/2790/2734
f 2790/2790/2734 2850/2850/2794 2851/2851/2795 2791/2791/2735
f 2791/2791/2735 2851/2851/2795 2852/2852/2796 2792/2792/2736
f 2792/2792/2736 2852/2852/2796 2853/2853/2797 2793/2793/2737
f 2793/2793/2737 2853/2853/2797 2854/2854/2798 2794/2794/2738
f 2794/2794/2738 2854/2854/2798 2855/2855/2799 2795/2795/2739
f 2795/2795/2739 2855/2855/2799 2856/2856/2800 2796/2796/2740
f 2796/2796/2740 2856/2856/2800 2857/2857/2801 2797/2797/2741
f 2797/2797/2741 2857/2857/2801 2858/2858/2802 2798/2798/2742
f 2798/2798/2742 2858/2858/2802 2859/2859/2803 2799/2799/2743
f 2799/2799/2743 2859/2859/2803 2860/2860/2804 2800/2800/2744
f 2800/2800/2744 2860/2860/2804 2861/2861/2805 2801/2801/2745
f 2801/2801/2745 2861/2861/2805 2862/2862/2806 2802/2802/2746
f 2802/2802/2746 2862/2862/2806 2863/2863/2807 2803/2803/2747
f 2803/2803/2747 2863/2863/2807 2864/2864/2808 2804/2804/2748
f 2804/2804/2748 2864/2864/2808 2865/2865/2809 2805/2805/2749
f 2805/2805/2749 2865/2865/2809 2866/2866/2810 2806/2806/2750
f 2806/2806/2750 2866/2866/2810 2867/2867/2811 2807/2807/2751
f 2807/2807/2751 2867/2867/2811 2868/2868/2812 2808/2808/2752
f 2808/2808/2752 2868/2868/2812 2869/2869/2813 2809/2809/2753
f 2809/2809/2753 2869/2869/2813 2870/2870/2814 2810/2810/2754
f 2810/2810/2754 2870/2870/2814 2871/2871/2815 2811/2811/2755
f 2811/2811/2755 2871/2871/2815 2872/2872/2816 2812/2812/2756
f 2812/2812/2756 2872/2872/2816 2873/2873/2817 2813/2813/2757
f 2813/2813/2757 2873/2873/2817 2874/2874/2818 2814/2814/2758
f 2814/2814/2758 2874/2874/2818 2875/2875/2819 2815/2815/2759
f 2815/2815/2759 2875/2875/2819 2876/2876/2820 2816/2816/2760
f 2816/2816/2760 2876/2876/2820 2877/2877/2821 2817/2817/2761
f 2817/2817/2761 2877/2877/2821 2878/2878/2822 2818/2818/2762
f 2818/2818/2762 2878/2878/2822 2879/2879/2823 2819/2819/2763
f 2819/2819/2763 2879/2879/2823 2880/2880/2824 2820/2820/2764
f 2820/2820/2764 2880/2880/2824 2881/2881/2825 2821/2821/2765
f 2821/2821/2765 2881/2881/2825 2882/2882/2826 2822/2822/2766
f 2822/2822/2766 2882/2882/2826 2883/2883/2827 2823/2823/2767
f 2823/2823/2767 2883/2883/2827 2884/2884/2828 2824/2824/2768
f 2825/2825/2769 2885/2885/2829 2886/2886/2830 2826/2826/2770
f 2826/2826/2770 2886/2886/2830 2887/2887/2831 2827/2827/2771
f 2827/2827/2771 2887/2887/2831 2888/2888/2832 2828/2828/2772
f 2828/2828/2772 2888/2888/2832 2889/2889/2833 2829/2829/2773
f 2829/2829/2773 2889/2889/2833 2890/2890/2834 2830/2830/2774
f 2830/2830/2774 2890/2890/2834 2891/2891/2835 2831/2831/2775
f 2831/2831/2775 2891/2891/2835 2892/2892/2836 2832/2832/2776
f 2832/2832/2776 2892/2892/2836 2893/2893/2837 2833/2833/2777
f 2833/2833/2777 2893/2893/2837 2894/2894/2838 2834/2834/2778
f 2834/2834/2778 2894/2894/2838 2895/2895/2839 2835/2835/2779
f 2835/2835/2779 2895/2895/2839 2896/2896/2840 2836/2836/2780
f 2836/2836/2780 2896/2896/2840 2897/2897/2841 2837/2837/2781
f 2837/2837/2781 2897/2897/2841 2898/2898/2842 2838/2838/2782
f 2838/2838/2782 2898/2898/2842 2899/2899/2843 2839/2839/2783
f 2839/2839/2783 2899/2899/2843 2900/2900/2844 2840/2840/2784
f 2840/2840/2784 2900/2900/2844 2901/2901/2845 2841/2841/2785
f 2841/2841/2785 2901/2901/2845 2902/2902/2846 2842/2842/2786
f 2842/2842/2786 2902/2902/2846 2903/2903/2847 2843/2843/2787
f 2843/2843/2787 2903/2903/2847 2904/2904/2848 2844/2844/2788
f 2844/2844/2788 2904/2904/2848 2905/2905/2849 2845/2845/2789
f 2845/2845/2789 2905/2905/2849 2906/2906/2850 2846/2846/2790
f 2846/2846/2790 2906/2906/2850 2907/2907/2851 2847/2847/2791
f 2847/2847/2791 2907/2907/2851 2908/2908/2852 2848/2848/2792
f 2848/2848/2792 2908/2908/2852 2909/2909/2853 2849/2849/2793
f 2849/2849/2793 2909/2909/2853 2910/2910/2854 2850/2850/2794
f 2850/2850/2794 2910/2910/2854 2911/2911/2855 2851/2851/2795
f 2851/2851/2795 2911/2911/2855 2912/2912/2856 2852/2852/2796
f 2852/2852/2796 2912/2912/2856 2913/2913/2857 2853/2853/2797
f 2853/2853/2797 2913/2913/2857 2914/2914/2858 2854/2854/2798
f 2854/2854/2798 2914/2914/2858 2915/2915/2859 2855/2855/2799
f 2855/2855/2799 2915/2915/2859 2916/2916/2860 2856/2856/2800
f 2856/2856/2800 2916/2916/2860 2917/2917/2861 2857/2857/2801
f 2857/2857/2801 2917/2917/2861 2918/2918/2862 2858/2858/2802
f 2858/2858/2802 2918/2918/2862 2919/2919/2863 2859/2859/2803
f 2859/2859/2803 2919/2919/2863 2920/2920/2864 2860/2860/2804
f 2860/2860/2804 2920/2920/2864 2921/2921/2865 2861/2861/2805
f 2861/2861/2805 2921/2921/2865 2922/2922/2866 2862/2862/2806
f 2862/2862/2806 2922/2922/2866 2923/2923/2867 2863/2863/2807
f 2863/2863/2807 2923/2923/2867 2924/2924/2868 2864/2864/2808
f 2864/2864/2808 2924/2924/2868 2925/2925/2869 2865/2865/2809
f 2865/2865/2809 2925/2925/2869 2926/2926/2870 2866/2866/2810
f 2866/2866/2810 2926/2926/2870 2927/2927/2871 2867/2867/2811
f 2867/2867/2811 2927/2927/2871 2928/2928/2872 2868/2868/2812
f 2868/2868/2812 2928/2928/2872 2929/2929/2873 2869/2869/2813
f 2869/2869/2813 2929/2929/2873 2930/2930/2874 2870/2870/2814
f 2870/2870/2814 2930/2930/2874 2931/2931/2875 2871/2871/2815
f 2871/2871/2815 2931/2931/2875 2932/2932/2876 2872/2872/2816
f 2872/2872/2816 2932/2932/2876 2933/2933/2877 2873/2873/2817
f 2873/2873/2817 2933/2933/2877 2934/2934/2878 2874/2874/2818
f 2874/2874/2818 2934/2934/2878 2935/2935/2879 2875/2875/2819
f 2875/2875/2819 2935/2935/2879 2936/2936/2880 2876/2876/2820
f 2876/2876/2820 2936/2936/2880 2937/2937/2881 2877/2877/2821
f 2877/2877/2821 2937/2937/2881 2938/2938/2882 2878/2878/2822
f 2878/2878/2822 2938/2938/2882 2939/2939/2883 2879/2879/2823
f 2879/2879/2823 2939/2939/2883 2940/2940/2884 2880/2880/2824
f 2880/2880/2824 2940/2940/2884 2941/2941/2885 2881/2881/2825
f 2881/2881/2825 2941/2941/2885 2942/2942/2886 2882/2882/2826
f 2882/2882/2826 2942/2942/2886 2943/2943/2887 2883/2883/2827
f 2883/2883/2827 2943/2943/2887 2944/2944/2888 2884/2884/2828
f 2885/2885/2829 2945/2945/2889 2946/2946/2890 2886/2886/2830
f 2886/2886/2830 2946/2946/2890 2947/2947/2891 2887/2887/2831
f 2887/2887/2831 2947/2947/2891 2948/2948/2892 2888/2888/2832
f 2888/2888/2832 2948/2948/2892 2949/2949/2893 2889/2889/2833
f 2889/2889/2833 2949/2949/2893 2950/2950/2894 2890/2890/2834
f 2890/2890/2834 2950/2950/2894 2951/2951/2895 2891/2891/2835
f 2891/2891/2835 2951/2951/2895 2952/2952/2896 2892/2892/2836
f 2892/2892/2836 2952/2952/2896 2953/2953/2897 2893/2893/2837
f 2893/2893/2837 2953/2953/2897 2954/2954/2898 2894/2894/2838
f 2894/2894/2838 2954/2954/2898 2955/2955/2899 2895/2895/2839
f 2895/2895/2839 2955/2955/2899 2956/2956/2900 2896/2896/2840
f 2896/2896/2840 2956/2956/2900 2957/2957/2901 2897/2897/2841
f 2897/2897/2841 2957/2957/2901 2958/2958/2902 2898/2898/2842
f 2898/2898/2842 2958/2958/2902 2959/2959/2903 2899/2899/2843
f 2899/2899/2843 2959/2959/2903 2960/2960/2904 2900/2900/2844
f 2900/2900/2844 2960/2960/2904 2961/2961/2905 2901/2901/2845
f 2901/2901/2845 2961/2961/2905 2962/2962/2906 2902/2902/2846
f 2902/2902/2846 2962/2962/2906 2963/2963/2907 2903/2903/2847
f 2903/2903/2847 2963/2963/2907 2964/2964/2908 2904/2904/2848
f 2904/2904/2848 2964/2964/2908 2965/2965/2909 2905/2905/2849
f 2905/2905/2849 2965/2965/2909 2966/2966/2910 2906/2906/2850
f 2906/2906/2850 2966/2966/2910 2967/2967/2911 2907/2907/2851
f 2907/2907/2851 2967/2967/2911 2968/2968/2912 2908/2908/2852
f 2908/2908/2852 2968/2968/2912 2969/2969/2913 2909/2909/2853
f 2909/2909/2853 2969/2969/2913 2970/2970/2914 2910/2910/2854
f 2910/2910/2854 2970/2970/2914 2971/2971/2915 2911/2911/2855
f 2911/2911/2855 2971/2971/2915 2972/2972/2916 2912/2912/2856
f 2912/2912/2856 2972/2972/2916 2973/2973/2917 2913/2913/2857
f 2913/2913/2857 2973/2973/2917 2974/2974/2918 2914/2914/2858
f 2914/2914/2858 2974/2974/2918 2975/2975/2919 2915/2915/2859
f 2915/2915/2859 2975/2975/2919 2976/2976/2920 2916/2916/2860
f 2916/2916/2860 2976/2976/2920 2977/2977/2921 2917/2917/2861
f 2917/2917/2861 2977/2977/2921 2978/2978/2922 2918/2918/2862
f 2918/2918/2862 2978/2978/2922 2979/2979/2923 2919/2919/2863
f 2919/2919/2863 2979/2979/2923 2980/2980/2924 2920/2920/2864
f 2920/2920/2864 2980/2980/2924 2981/2981/2925 2921/2921/2865
f 2921/2921/2865 2981/2981/2925 2982/2982/2926 2922/2922/2866
f 2922/2922/2866 2982/2982/2926 2983/2983/2927 2923/2923/2867
f 2923/2923/2867 2983/2983/2927 2984/2984/2928 2924/2924/2868
f 2924/2924/2868 2984/2984/2928 2985/2985/2929 2925/2925/2869
f 2925/2925/2869 2985/2985/2929 2986/2986/2930 2926/2926/2870
f 2926/2926/2870 2986/2986/2930 2987/2987/2931 2927/2927/2871
f 2927/2927/2871 2987/2987/2931 2988/2988/2932 2928/2928/2872
f 2928/2928/2872 2988/2988/2932 2989/2989/2933 2929/2929/2873
f 2929/2929/2873 2989/2989/2933 2990/2990/2934 2930/2930/2874
f 2930/2930/2874 2990/2990/2934 2991/2991/2935 2931/2931/2875
f 2931/2931/2875 2991/2991/2935 2992/2992/2936 2932/2932/2876
f 2932/2932/2876 2992/2992/2936 2993/2993/2937 2933/2933/2877
f 2933/2933/2877 2993/2993/2937 2994/2994/2938 2934/2934/2878
f 2934/2934/2878 2994/2994/2938 2995/2995/2939 2935/2935/2879
f 2935/2935/2879 2995/2995/2939 2996/2996/2940 2936/2936/2880
f 2936/2936/2880 2996/2996/2940 2997/2997/2941 2937/2937/2881
f 2937/2937/2881 2997/2997/2941 2998/2998/2942 2938/2938/2882
f 2938/2938/2882 2998/2998/2942 2999/2999/2943 2939/2939/2883
f 2939/2939/2883 2999/2999/2943 3000/3000/2944 2940/2940/2884
f 2940/2940/2884 3000/3000/2944 3001/3001/2945 2941/2941/2885
f 2941/2941/2885 3001/3001/2945 3002/3002/2946 2942/2942/2886
f 2942/2942/2886 3002/3002/2946 3003/3003/2947 2943/2943/2887
f 2943/2943/2887 3003/3003/2947 3004/3004/15 2944/2944/2888
f 2945/2945/2889 3005/3005/2948 3006/3006/2949 2946/2946/2890
f 2946/2946/2890 3006/3006/2949 3007/3007/2950 2947/2947/2891
f 2947/2947/2891 3007/3007/2950 3008/3008/2951 2948/2948/2892
f 2948/2948/2892 3008/3008/2951 3009/3009/2952 2949/2949/2893
f 2949/2949/2893 3009/3009/2952 3010/3010/2953 2950/2950/2894
f 2950/2950/2894 3010/3010/2953 3011/3011/2954 2951/2951/2895
f 2951/2951/2895 3011/3011/2954 3012/3012/2955 2952/2952/2896
f 2952/2952/2896 3012/3012/2955 3013/3013/2956 2953/2953/2897
f 2953/2953/2897 3013/3013/2956 3014/3014/2957 2954/2954/2898
f 2954/2954/2898 3014/3014/2957 3015/3015/2958 2955/2955/2899
f 2955/2955/2899 3015/3015/2958 3016/3016/2959 2956/2956/2900
f 2956/2956/2900 3016/3016/2959 3017/3017/2960 2957/2957/2901
f 2957/2957/2901 3017/3017/2960 3018/3018/2961 2958/2958/2902
f 2958/2958/2902 3018/3018/2961 3019/3019/2962 2959/2959/2903
f 2959/2959/2903 3019/3019/2962 3020/3020/2963 2960/2960/2904
f 2960/2960/2904 3020/3020/2963 3021/3021/2964 2961/2961/2905
f 2961/2961/2905 3021/3021/2964 3022/3022/2965 2962/2962/2906
f 2962/2962/2906 3022/3022/2965 3023/3023/2966 2963/2963/2907
f 2963/2963/2907 3023/3023/2966 3024/3024/2967 2964/2964/2908
f 2964/2964/2908 3024/3024/2967 3025/3025/2968 2965/2965/2909
f 2965/2965/2909 3025/3025/2968 3026/3026/2969 2966/2966/2910
f 2966/2966/2910 3026/3026/2969 3027/3027/2970 2967/2967/2911
f 2967/2967/2911 3027/3027/2970 3028/3028/2971 2968/2968/2912
f 2968/2968/2912 3028/3028/2971 3029/3029/2972 2969/2969/2913
f 2969/2969/2913 3029/3029/2972 3030/3030/2973 2970/2970/2914
f 2970/2970/2914 3030/3030/2973 3031/3031/2974 2971/2971/2915
f 2971/2971/2915 3031/3031/2974 3032/3032/2975 2972/2972/2916
f 2972/2972/2916 3032/3032/2975 3033/3033/2976 2973/2973/2917
f 2973/2973/2917 3033/3033/2976 3034/3034/2977 2974/2974/2918
f 2974/2974/2918 3034/3034/2977 3035/3035/2978 2975/2975/2919
f 2975/2975/2919 3035/3035/2978 3036/3036/2979 2976/2976/2920
f 2976/2976/2920 3036/3036/2979 3037/3037/2980 2977/2977/2921
f 2977/2977/2921 3037/3037/2980 3038/3038/2981 2978/2978/2922
f 2978/2978/2922 3038/3038/2981 3039/3039/2982 2979/2979/2923
f 2979/2979/2923 3039/3039/2982 3040/3040/2983 2980/2980/2924
f 2980/2980/2924 3040/3040/2983 3041/3041/2984 2981/2981/2925
f 2981/2981/2925 3041/3041/2984 3042/3042/2985 2982/2982/2926
f 2982/2982/2926 3042/3042/2985 3043/3043/2986 2983/2983/2927
f 2983/2983/2927 3043/3043/2986 3044/3044/2987 2984/2984/2928
f 2984/2984/2928 3044/3044/2987 3045/3045/2988 2985/2985/2929
f 2985/2985/2929 3045/3045/2988 3046/3046/2989 2986/2986/2930
f 2986/2986/2930 3046/3046/2989 3047/3047/2990 2987/2987/2931
f 2987/2987/2931 3047/3047/2990 3048/3048/2991 2988/2988/2932
f 2988/2988/2932 3048/3048/2991 3049/3049/2992 2989/2989/2933
f 2989/2989/2933 3049/3049/2992 3050/3050/2993 2990/2990/2934
f 2990/2990/2934 3050/3050/2993 3051/3051/2994 2991/2991/2935
f 2991/2991/2935 3051/3051/2994 3052/3052/2995 2992/2992/2936
f 2992/2992/2936 3052/3052/2995 3053/3053/2996 2993/2993/2937
f 2993/2993/2937 3053/3053/2996 3054/3054/2997 2994/2994/2938
f 2994/2994/2938 3054/3054/2997 3055/3055/2998 2995/2995/2939
f 2995/2995/2939 3055/3055/2998 3056/3056/2999 2996/2996/2940
f 2996/2996/2940 3056/3056/2999 3057/3057/3000 2997/2997/2941
f 2997/2997/2941 3057/3057/3000 3058/3058/3001 2998/2998/2942
f 2998/2998/2942 3058/3058/3001 3059/3059/3002 2999/2999/2943
f 2999/2999/2943 3059/3059/3002 3060/3060/3003 3000/3000/2944
f 3000/3000/2944 3060/3060/3003 3061/3061/3004 3001/3001/2945
f 3001/3001/2945 3061/3061/3004 3062/3062/3005 3002/3002/2946
f 3002/3002/2946 3062/3062/3005 3063/3063/3006 3003/3003/2947
f 3003/3003/2947 3063/3063/3006 3064/3064/15 3004/3004/15
f 3005/3005/2948 3065/3065/3007 3066/3066/3008 3006/3006/2949
f 3006/3006/2949 3066/3066/3008 3067/3067/3009 3007/3007/2950
f 3007/3007/2950 3067/3067/3009 3068/3068/3010 3008/3008/2951
f 3008/3008/2951 3068/3068/3010 3069/3069/3011 3009/3009/2952
f 3009/3009/2952 3069/3069/3011 3070/3070/3012 3010/3010/2953
f 3010/3010/2953 3070/3070/3012 3071/3071/3013 3011/3011/2954
f 3011/3011/2954 3071/3071/3013 3072/3072/3014 3012/3012/2955
f 3012/3012/2955 3072/3072/3014 3073/3073/3015 3013/3013/2956
f 3013/3013/2956 3073/3073/3015 3074/3074/3016 3014/3014/2957
f 3014/3014/2957 3074/3074/3016 3075/3075/3017 3015/3015/2958
f 3015/3015/2958 3075/3075/3017 3076/3076/3018 3016/3016/2959
f 3016/3016/2959 3076/3076/3018 3077/3077/3019 3017/3017/2960
f 3017/3017/2960 3077/3077/3019 3078/3078/3020 3018/3018/2961
f 3018/3018/2961 3078/3078/3020 3079/3079/3021 3019/3019/2962
f 3019/3019/2962 3079/3079/3021 3080/3080/3022 3020/3020/2963
f 3020/3020/2963 3080/3080/3022 3081/3081/3023 3021/3021/2964
f 3021/3021/2964 3081/3081/3023 3082/3082/3024 3022/3022/2965
f 3022/3022/2965 3082/3082/3024 3083/3083/3025 3023/3023/2966
f 3023/3023/2966 3083/3083/3025 3084/3084/3026 3024/3024/2967
f 3024/3024/2967 3084/3084/3026 3085/3085/3027 3025/3025/2968
f 3025/3025/2968 3085/3085/3027 3086/3086/3028 3026/3026/2969
f 3026/3026/2969 3086/3086/3028 3087/3087/3029 3027/3027/2970
f 3027/3027/2970 3087/3087/3029 3088/3088/3030 3028/3028/2971
f 3028/3028/2971 3088/3088/3030 3089/3089/3031 3029/3029/2972
f 3029/3029/2972 3089/3089/3031 3090/3090/3032 3030/3030/2973
f 3030/3030/2973 3090/3090/3032 3091/3091/3033 3031/3031/2974
f 3031/3031/2974 3091/3091/3033 3092/3092/3034 3032/3032/2975
f 3032/3032/2975 3092/3092/3034 3093/3093/3035 3033/3033/2976
f 3033/3033/2976 3093/3093/3035 3094/3094/3036 3034/3034/2977
f 3034/3034/2977 3094/3094/3036 3095/3095/3037 3035/3035/2978
f 3035/3035/2978 3095/3095/3037 3096/3096/3038 3036/3036/2979
f 3036/3036/2979 3096/3096/3038 3097/3097/3039 3037/3037/2980
f 3037/3037/2980 3097/3097/3039 3098/3098/3040 3038/3038/2981
f 3038/3038/2981 3098/3098/3040 3099/3099/3041 3039/3039/2982
f 3039/3039/2982 3099/3099/3041 3100/3100/3042 3040/3040/2983
f 3040/3040/2983 3100/3100/3042 3101/3101/3043 3041/3041/2984
f 3041/3041/2984 3101/3101/3043 3102/3102/3044 3042/3042/2985
f 3042/3042/2985 3102/3102/3044 3103/3103/3045 3043/3043/2986
f 3043/3043/2986 3103/3103/3045 3104/3104/3046 3044/3044/2987
f 3044/3044/2987 3104/3104/3046 3105/3105/3047 3045/3045/2988
f 3045/3045/2988 3105/3105/3047 3106/3106/3048 3046/3046/2989
f 3046/3046/2989 3106/3106/3048 3107/3107/3049 3047/3047/2990
f 3047/3047/2990 3107/3107/3049 3108/3108/3050 3048/3048/2991
f 3048/3048/2991 3108/3108/3050 3109/3109/3051 3049/3049/2992
f 3049/3049/2992 3109/3109/3051 3110/3110/3052 3050/3050/2993
f 3050/3050/2993 3110/3110/3052 3111/3111/3053 3051/3051/2994
f 3051/3051/2994 3111/3111/3053 3112/3112/3054 3052/3052/2995
f 3052/3052/2995 3112/3112/3054 3113/3113/3055 3053/3053/2996
f 3053/3053/2996 3113/3113/3055 3114/3114/3056 3054/3054/2997
f 3054/3054/2997 3114/3114/3056 3115/3115/3057 3055/3055/2998
f 3055/3055/2998 3115/3115/3057 3116/3116/3058 3056/3056/2999
f 3056/3056/2999 3116/3116/3058 3117/3117/3059 3057/3057/3000
f 3057/3057/3000 3117/3117/3059 3118/3118/3060 3058/3058/3001
f 3058/3058/3001 3118/3118/3060 3119/3119/3061 3059/3059/3002
f 3059/3059/3002 3119/3119/3061 3120/3120/3062 3060/3060/3003
f 3060/3060/3003 3120/3120/3062 3121/3121/3063 3061/3061/3004
f 3061/3061/3004 3121/3121/3063 3122/3122/3064 3062/3062/3005
f 3062/3062/3005 3122/3122/3064 3123/3123/3065 3063/3063/3006
f 3063/3063/3006 3123/3123/3065 3124/3124/15 3064/3064/15
f 3065/3065/3007 3125/3125/3066 3126/3126/3067 3066/3066/3008
f 3066/3066/3008 3126/3126/3067 3127/3127/3068 3067/3067/3009
f 3067/3067/3009 3127/3127/3068 3128/3128/3069 3068/3068/3010
f 3068/3068/3010 3128/3128/3069 3129/3129/3070 3069/3069/3011
f 3069/3069/3011 3129/3129/3070 3130/3130/3071 3070/3070/3012
f 3070/3070/3012 3130/3130/3071 3131/3131/3072 3071/3071/3013
f 3071/3071/3013 3131/3131/3072 3132/3132/3073 3072/3072/3014
f 3072/3072/3014 3132/3132/3073 3133/3133/3074 3073/3073/3015
f 3073/3073/3015 3133/3133/3074 3134/3134/3075 3074/3074/3016
f 3074/3074/3016 3134/3134/3075 3135/3135/3076 3075/3075/3017
f 3075/3075/3017 3135/3135/3076 3136/3136/3077 3076/3076/3018
f 3076/3076/3018 3136/3136/3077 3137/3137/3078 3077/3077/3019
f 3077/3077/3019 3137/3137/3078 3138/3138/3079 3078/3078/3020
f 3078/3078/3020 3138/3138/3079 3139/3139/3080 3079/3079/3021
f 3079/3079/3021 3139/3139/3080 3140/3140/3081 3080/3080/3022
f 3080/3080/3022 3140/3140/3081 3141/3141/3082 3081/3081/3023
f 3081/3081/3023 3141/3141/3082 3142/3142/3083 3082/3082/3024
f 3082/3082/3024 3142/3142/3083 3143/3143/3084 3083/3083/3025
f 3083/3083/3025 3143/3143/3084 3144/3144/3085 3084/3084/3026
f 3084/3084/3026 3144/3144/3085 3145/3145/3086 3085/3085/3027
f 3085/3085/3027 3145/3145/3086 3146/3146/3087 3086/3086/3028
f 3086/3086/3028 3146/3146/3087 3147/3147/3088 3087/3087/3029
f 3087/3087/3029 3147/3147/3088 3148/3148/3089 3088/3088/3030
f 3088/3088/3030 3148/3148/3089 3149/3149/3090 3089/3089/3031
f 3089/3089/3031 3149/3149/3090 3150/3150/3091 3090/3090/3032
f 3090/3090/3032 3150/3150/3091 3151/3151/3092 3091/3091/3033
f 3091/3091/3033 3151/3151/3092 3152/3152/3093 3092/3092/3034
f 3092/3092/3034 3152/3152/3093 3153/3153/3094 3093/3093/3035
f 3093/3093/3035 3153/3153/3094 3154/3154/3095 3094/3094/3036
f 3094/3094/3036 3154/3154/3095 3155/3155/3096 3095/3095/3037
f 3095/3095/3037 3155/3155/3096 3156/3156/3097 3096/3096/3038
f 3096/3096/3038 3156/3156/3097 3157/3157/3098 3097/3097/3039
f 3097/3097/3039 3157/3157/3098 3158/3158/3099 3098/3098/3040
f 3098/3098/3040 3158/3158/3099 3159/3159/3100 3099/3099/3041
f 3099/3099/3041 3159/3159/3100 3160/3160/3101 3100/3100/3042
f 3100/3100/3042 3160/3160/3101 3161/3161/3102 3101/3101/3043
f 3101/3101/3043 3161/3161/3102 3162/3162/3103 3102/3102/3044
f 3102/3102/3044 3162/3162/3103 3163/3163/3104 3103/3103/3045
f 3103/3103/3045 3163/3163/3104 3164/3164/3105 3104/3104/3046
f 3104/3104/3046 3164/3164/3105 3165/3165/3106 3105/3105/3047
f 3105/3105/3047 3165/3165/3106 3166/3166/3107 3106/3106/3048
f 3106/3106/3048 3166/3166/3107 3167/3167/3108 3107/3107/3049
f 3107/3107/3049 3167/3167/3108 3168/3168/3109 3108/3108/3050
f 3108/3108/3050 3168/3168/3109 3169/3169/3110 3109/3109/3051
f 3109/3109/3051 3169/3169/3110 3170/3170/3111 3110/3110/3052
f 3110/3110/3052 3170/3170/3111 3171/3171/3112 3111/3111/3053
f 3111/3111/3053 3171/3171/3112 3172/3172/3113 3112/3112/3054
f 3112/3112/3054 3172/3172/3113 3173/3173/3114 3113/3113/3055
f 3113/3113/3055 3173/3173/3114 3174/3174/3115 3114/3114/3056
f 3114/3114/3056 3174/3174/3115 3175/3175/3116 3115/3115/3057
f 3115/3115/3057 3175/3175/3116 3176/3176/3117 3116/3116/3058
f 3116/3116/3058 3176/3176/3117 3177/3177/3118 3117/3117/3059
f 3117/3117/3059 3177/3177/3118 3178/3178/3119 3118/3118/3060
f 3118/3118/3060 3178/3178/3119 3179/3179/3120 3119/3119/3061
f 3119/3119/3061 3179/3179/3120 3180/3180/3121 3120/3120/3062
f 3120/3120/3062 3180/3180/3121 3181/3181/3122 3121/3121/3063
f 3121/3121/3063 3181/3181/3122 3182/3182/3123 3122/3122/3064
f 3122/3122/3064 3182/3182/3123 3183/3183/15 3123/3123/3065
f 3123/3123/3065 3183/3183/15 3184/3184/15 3124/3124/15
f 3125/3125/3066 3185/3185/3124 3186/3186/3125 3126/3126/3067
f 3126/3126/3067 3186/3186/3125 3187/3187/3126 3127/3127/3068
f 3127/3127/3068 3187/3187/3126 3188/3188/3127 3128/3128/3069
f 3128/3128/3069 3188/3188/3127 3189/3189/3128 3129/3129/3070
f 3129/3129/3070 3189/3189/3128 3190/3190/3129 3130/3130/3071
f 3130/3130/3071 3190/3190/3129 3191/3191/3130 3131/3131/3072
f 3131/3131/3072 3191/3191/3130 3192/3192/3131 3132/3132/3073
f 3132/3132/3073 3192/3192/3131 3193/3193/3132 3133/3133/3074
f 3133/3133/3074 3193/3193/3132 3194/3194/3133 3134/3134/3075
f 3134/3134/3075 3194/3194/3133 3195/3195/3134 3135/3135/3076
f 3135/3135/3076 3195/3195/3134 3196/3196/3135 3136/3136/3077
f 3136/3136/3077 3196/3196/3135 3197/3197/3136 3137/3137/3078
f 3137/3137/3078 3197/3197/3136 3198/3198/3137 3138/3138/3079
f 3138/3138/3079 3198/3198/3137 3199/3199/3138 3139/3139/3080
f 3139/3139/3080 3199/3199/3138 3200/3200/3139 3140/3140/3081
f 3140/3140/3081 3200/3200/3139 3201/3201/3140 3141/3141/3082
f 3141/3141/3082 3201/3201/3140 3202/3202/3141 3142/3142/3083
f 3142/3142/3083 3202/3202/3141 3203/3203/3142 3143/3143/3084
f 3143/3143/3084 3203/3203/3142 3204/3204/3143 3144/3144/3085
f 3144/3144/3085 3204/3204/3143 3205/3205/3144 3145/3145/3086
f 3145/3145/3086 3205/3205/3144 3206/3206/3145 3146/3146/3087
f 3146/3146/3087 3206/3206/3145 3207/3207/3146 3147/3147/3088
f 3147/3147/3088 3207/3207/3146 3208/3208/3147 3148/3148/3089
f 3148/3148/3089 3208/3208/3147 3209/3209/3148 3149/3149/3090
f 3149/3149/3090 3209/3209/3148 3210/3210/3149 3150/3150/3091
f 3150/3150/3091 3210/3210/3149 3211/3211/3150 3151/3151/3092
f 3151/3151/3092 3211/3211/3150 3212/3212/3151 3152/3152/3093
f 3152/3152/3093 3212/3212/3151 3213/3213/3152 3153/3153/3094
f 3153/3153/3094 3213/3213/3152 3214/3214/3153 3154/3154/3095
f 3154/3154/3095 3214/3214/3153 3215/3215/3154 3155/3155/3096
f 3155/3155/3096 3215/3215/3154 3216/3216/3155 3156/3156/3097
f 3156/3156/3097 3216/3216/3155 3217/3217/3156 3157/3157/3098
f 3157/3157/3098 3217/3217/3156 3218/3218/3157 3158/3158/3099
f 3158/3158/3099 3218/3218/3157 3219/3219/3158 3159/3159/3100
f 3159/3159/3100 3219/3219/3158 3220/3220/3159 3160/3160/3101
f 3160/3160/3101 3220/3220/3159 3221/3221/3160 3161/3161/3102
f 3161/3161/3102 3221/3221/3160 3222/3222/3161 3162/3162/3103
f 3162/3162/3103 3222/3222/3161 3223/3223/3162 3163/3163/3104
f 3163/3163/3104 3223/3223/3162 3224/3224/3163 3164/3164/3105
f 3164/3164/3105 3224/3224/3163 3225/3225/3164 3165/3165/3106
f 3165/3165/3106 3225/3225/3164 3226/3226/3165 3166/3166/3107
f 3166/3166/3107 3226/3226/3165 3227/3227/3166 3167/3167/3108
f 3167/3167/3108 3227/3227/3166 3228/3228/3167 3168/3168/3109
f 3168/3168/3109 3228/3228/3167 3229/3229/3168 3169/3169/3110
f 3169/3169/3110 3229/3229/3168 3230/3230/3169 3170/3170/3111
f 3170/3170/3111 3230/3230/3169 3231/3231/3170 3171/3171/3112
f 3171/3171/3112 3231/3231/3170 3232/3232/3171 3172/3172/3113
f 3172/3172/3113 3232/3232/3171 3233/3233/3172 3173/3173/3114
f 3173/3173/3114 3233/3233/3172 3234/3234/3173 3174/3174/3115
f 3174/3174/3115 3234/3234/3173 3235/3235/3174 3175/3175/3116
f 3175/3175/3116 3235/3235/3174 3236/3236/3175 3176/3176/3117
f 3176/3176/3117 3236/3236/3175 3237/3237/3176 3177/3177/3118
f 3177/3177/3118 3237/3237/3176 3238/3238/3177 3178/3178/3119
f 3178/3178/3119 3238/3238/3177 3239/3239/3178 3179/3179/3120
f 3179/3179/3120 3239/3239/3178 3240/3240/3179 3180/3180/3121
f 3180/3180/3121 3240/3240/3179 3241/3241/3180 3181/3181/3122
f 3181/3181/3122 3241/3241/3180 3242/3242/3181 3182/3182/3123
f 3182/3182/3123 3242/3242/3181 3243/3243/15 3183/3183/15
f 3183/3183/15 3243/3243/15 3244/3244/15 3184/3184/15
f 3185/3185/3124 3245/3245/3182 3246/3246/3183 3186/3186/3125
f 3186/3186/3125 3246/3246/3183 3247/3247/3184 3187/3187/3126
f 3187/3187/3126 3247/3247/3184 3248/3248/3185 3188/3188/3127
f 3188/3188/3127 3248/3248/3185 3249/3249/3186 3189/3189/3128
f 3189/3189/3128 3249/3249/3186 3250/3250/3187 3190/3190/3129
f 3190/3190/3129 3250/3250/3187 3251/3251/3188 3191/3191/3130
f 3191/3191/3130 3251/3251/3188 3252/3252/3189 3192/3192/3131
f 3192/3192/3131 3252/3252/3189 3253/3253/3190 3193/3193/3132
f 3193/3193/3132 3253/3253/3190 3254/3254/3191 3194/3194/3133
f 3194/3194/3133 3254/3254/3191 3255/3255/3192 3195/3195/3134
f 3195/3195/3134 3255/3255/3192 3256/3256/3193 3196/3196/3135
f 3196/3196/3135 3256/3256/3193 3257/3257/3194 3197/3197/3136
f 3197/3197/3136 3257/3257/3194 3258/3258/3195 3198/3198/3137
f 3198/3198/3137 3258/3258/3195 3259/3259/3196 3199/3199/3138
f 3199/3199/3138 3259/3259/3196 3260/3260/3197 3200/3200/3139
f 3200/3200/3139 3260/3260/3197 3261/3261/3198 3201/3201/3140
f 3201/3201/3140 3261/3261/3198 3262/3262/3199 3202/3202/3141
f 3202/3202/3141 3262/3262/3199 3263/3263/3200 3203/3203/3142
f 3203/3203/3142 3263/3263/3200 3264/3264/3201 3204/3204/3143
f 3204/3204/3143 3264/3264/3201 3265/3265/3202 3205/3205/3144
f 3205/3205/3144 3265/3265/3202 3266/3266/3203 3206/3206/3145
f 3206/3206/3145 3266/3266/3203 3267/3267/3204 3207/3207/3146
f 3207/3207/3146 3267/3267/3204 3268/3268/3205 3208/3208/3147
f 3208/3208/3147 3268/3268/3205 3269/3269/3206 3209/3209/3148
f 3209/3209/3148 3269/3269/3206 3270/3270/3207 3210/3210/3149
f 3210/3210/3149 3270/3270/3207 3271/3271/3208 3211/3211/3150
f 3211/3211/3150 3271/3271/3208 3272/3272/3209 3212/3212/3151
f 3212/3212/3151 3272/3272/3209 3273/3273/3210 3213/3213/3152
f 3213/3213/3152 3273/3273/3210 3274/3274/3211 3214/3214/3153
f 3214/3214/3153 3274/3274/3211 3275/3275/3212 3215/3215/3154
f 3215/3215/3154 3275/3275/3212 3276/3276/3213 3216/3216/3155
f 3216/3216/3155 3276/3276/3213 3277/3277/3214 3217/3217/3156
f 3217/3217/3156 3277/3277/3214 3278/3278/3215 3218/3218/3157
f 3218/3218/3157 3278/3278/3215 3279/3279/3216 3219/3219/3158
f 3219/3219/3158 3279/3279/3216 3280/3280/3217 3220/3220/3159
f 3220/3220/3159 3280/3280/3217 3281/3281/3218 3221/3221/3160
f 3221/3221/3160 3281/3281/3218 3282/3282/3219 3222/3222/3161
f 3222/3222/3161 3282/3282/3219 3283/3283/3220 3223/3223/3162
f 3223/3223/3162 3283/3283/3220 3284/3284/3221 3224/3224/3163
f 3224/3224/3163 3284/3284/3221 3285/3285/3222 3225/3225/3164
f 3225/3225/3164 3285/3285/3222 3286/3286/3223 3226/3226/3165
f 3226/3226/3165 3286/3286/3223 3287/3287/3224 3227/3227/3166
f 3227/3227/3166 3287/3287/3224 3288/3288/3225 3228/3228/3167
f 3228/3228/3167 3288/3288/3225 3289/3289/3226 3229/3229/3168
f 3229/3229/3168 3289/3289/3226 3290/3290/3227 3230/3230/3169
f 3230/3230/3169 3290/3290/3227 3291/3291/3228 3231/3231/3170
f 3231/3231/3170 3291/3291/3228 3292/3292/3229 3232/3232/3171
f 3232/3232/3171 3292/3292/3229 3293/3293/3230 3233/3233/3172
f 3233/3233/3172 3293/3293/3230 3294/3294/3231 3234/3234/3173
f 3234/3234/3173 3294/3294/3231 3295/3295/3232 3235/3235/3174
f 3235/3235/3174 3295/3295/3232 3296/3296/3233 3236/3236/3175
f 3236/3236/3175 3296/3296/3233 3297/3297/3234 3237/3237/3176
f 3237/3237/3176 3297/3297/3234 3298/3298/3235 3238/3238/3177
f 3238/3238/3177 3298/3298/3235 3299/3299/3236 3239/3239/3178
f 3239/3239/3178 3299/3299/3236 3300/3300/3237 3240/3240/3179
f 3240/3240/3179 3300/3300/3237 3301/3301/3238 3241/3241/3180
f 3241/3241/3180 3301/3301/3238 3302/3302/15 3242/3242/3181
f 3242/3242/3181 3302/3302/15 3303/3303/15 3243/3243/15
f 3243/3243/15 3303/3303/15 3304/3304/15 3244/3244/15
f 3245/3245/3182 3305/3305/3239 3306/3306/3240 3246/3246/3183
f 3246/3246/3183 3306/3306/3240 3307/3307/3241 3247/3247/3184
f 3247/3247/3184 3307/3307/3241 3308/3308/3242 3248/3248/3185
f 3248/3248/3185 3308/3308/3242 3309/3309/3243 3249/3249/3186
f 3249/3249/3186 3309/3309/3243 3310/3310/3244 3250/3250/3187
f 3250/3250/3187 3310/3310/3244 3311/3311/3245 3251/3251/3188
f 3251/3251/3188 3311/3311/3245 3312/3312/3246 3252/3252/3189
f 3252/3252/3189 3312/3312/3246 3313/3313/3247 3253/3253/3190
f 3253/3253/3190 3313/3313/3247 3314/3314/3248 3254/3254/3191
f 3254/3254/3191 3314/3314/3248 3315/3315/3249 3255/3255/3192
f 3255/3255/3192 3315/3315/3249 3316/3316/3250 3256/3256/3193
f 3256/3256/3193 3316/3316/3250 3317/3317/3251 3257/3257/3194
f 3257/3257/3194 3317/3317/3251 3318/3318/3252 3258/3258/3195
f 3258/3258/3195 3318/3318/3252 3319/3319/3253 3259/3259/3196
f 3259/3259/3196 3319/3319/3253 3320/3320/3254 3260/3260/3197
f 3260/3260/3197 3320/3320/3254 3321/3321/3255 3261/3261/3198
f 3261/3261/3198 3321/3321/3255 3322/3322/3256 3262/3262/3199
f 3262/3262/3199 3322/3322/3256 3323/3323/3257 3263/3263/3200
f 3263/3263/3200 3323/3323/3257 3324/3324/3258 3264/3264/3201
f 3264/3264/3201 3324/3324/3258 3325/3325/3259 3265/3265/3202
f 3265/3265/3202 3325/3325/3259 3326/3326/3260 3266/3266/3203
f 3266/3266/3203 3326/3326/3260 3327/3327/3261 3267/3267/3204
f 3267/3267/3204 3327/3327/3261 3328/3328/3262 3268/3268/3205
f 3268/3268/3205 3328/3328/3262 3329/3329/3263 3269/3269/3206
f 3269/3269/3206 3329/3329/3263 3330/3330/3264 3270/3270/3207
f 3270/3270/3207 3330/3330/3264 3331/3331/3265 3271/3271/3208
f 3271/3271/3208 3331/3331/3265 3332/3332/3266 3272/3272/3209
f 3272/3272/3209 3332/3332/3266 3333/3333/3267 3273/3273/3210
f 3273/3273/3210 3333/3333/3267 3334/3334/3268 3274/3274/3211
f 3274/3274/3211 3334/3334/3268 3335/3335/3269 3275/3275/3212
f 3275/3275/3212 3335/3335/3269 3336/3336/3270 3276/3276/3213
f 3276/3276/3213 3336/3336/3270 3337/3337/3271 3277/3277/3214
f 3277/3277/3214 3337/3337/3271 3338/3338/3272 3278/3278/3215
f 3278/3278/3215 3338/3338/3272 3339/3339/3273 3279/3279/3216
f 3279/3279/3216 3339/3339/3273 3340/3340/3274 3280/3280/3217
f 3280/3280/3217 3340/3340/3274 3341/3341/3275 3281/3281/3218
f 3281/3281/3218 3341/3341/3275 3342/3342/3276 3282/3282/3219
f 3282/3282/3219 3342/3342/3276 3343/3343/3277 3283/3283/3220
f 3283/3283/3220 3343/3343/3277 3344/3344/3278 3284/3284/3221
f 3284/3284/3221 3344/3344/3278 3345/3345/3279 3285/3285/3222
f 3285/3285/3222 3345/3345/3279 3346/3346/3280 3286/3286/3223
f 3286/3286/3223 3346/3346/3280 3347/3347/3281 3287/3287/3224
f 3287/3287/3224 3347/3347/3281 3348/3348/3282 3288/3288/3225
f 3288/3288/3225 3348/3348/3282 3349/3349/3283 3289/3289/3226
f 3289/3289/3226 3349/3349/3283 3350/3350/3284 3290/3290/3227
f 3290/3290/3227 3350/3350/3284 3351/3351/3285 3291/3291/3228
f 3291/3291/3228 3351/3351/3285 3352/3352/3286 3292/3292/3229
f 3292/3292/3229 3352/3352/3286 3353/3353/3287 3293/3293/3230
f 3293/3293/3230 3353/3353/3287 3354/3354/3288 3294/3294/3231
f 3294/3294/3231 3354/3354/3288 3355/3355/3289 3295/3295/3232
f 3295/3295/3232 3355/3355/3289 3356/3356/3290 3296/3296/3233
f 3296/3296/3233 3356/3356/3290 3357/3357/3291 3297/3297/3234
f 3297/3297/3234 3357/3357/3291 3358/3358/3292 3298/3298/3235
f 3298/3298/3235 3358/3358/3292 3359/3359/3293 3299/3299/3236
f 3299/3299/3236 3359/3359/3293 3360/3360/3294 3300/3300/3237
f 3300/3300/3237 3360/3360/3294 3361/3361/15 3301/3301/3238
f 3301/3301/3238 3361/3361/15 3362/3362/15 3302/3302/15
f 3302/3302/15 3362/3362/15 3363/3363/15 3303/3303/15
f 3303/3303/15 3363/3363/15 3364/3364/15 3304/3304/15
f 3305/3305/3239 3365/3365/3295 3366/3366/3296 3306/3306/3240
f 3306/3306/3240 3366/3366/3296 3367/3367/3297 3307/3307/3241
f 3307/3307/3241 3367/3367/3297 3368/3368/3298 3308/3308/3242
f 3308/3308/3242 3368/3368/3298 3369/3369/3299 3309/3309/3243
f 3309/3309/3243 3369/3369/3299 3370/3370/3300 3310/3310/3244
f 3310/3310/3244 3370/3370/3300 3371/3371/3301 3311/3311/3245
f 3311/3311/3245 3371/3371/3301 3372/3372/3302 3312/3312/3246
f 3312/3312/3246 3372/3372/3302 3373/3373/3303 3313/3313/3247
f 3313/3313/3247 3373/3373/3303 3374/3374/3304 3314/3314/3248
f 3314/3314/3248 3374/3374/3304 3375/3375/3305 3315/3315/3249
f 3315/3315/3249 3375/3375/3305 3376/3376/3306 3316/3316/3250
f 3316/3316/3250 3376/3376/3306 3377/3377/3307 3317/3317/3251
f 3317/3317/3251 3377/3377/3307 3378/3378/3308 3318/3318/3252
f 3318/3318/3252 3378/3378/3308 3379/3379/3309 3319/3319/3253
f 3319/3319/3253 3379/3379/3309 3380/3380/3310 3320/3320/3254
f 3320/3320/3254 3380/3380/3310 3381/3381/3311 3321/3321/3255
f 3321/3321/3255 3381/3381/3311 3382/3382/3312 3322/3322/3256
f 3322/3322/3256 3382/3382/3312 3383/3383/3313 3323/3323/3257
f 3323/3323/3257 3383/3383/3313 3384/3384/3314 3324/3324/3258
f 3324/3324/3258 3384/3384/3314 3385/3385/3315 3325/3325/3259
f 3325/3325/3259 3385/3385/3315 3386/3386/3316 3326/3326/3260
f 3326/3326/3260 3386/3386/3316 3387/3387/3317 3327/3327/3261
f 3327/3327/3261 3387/3387/3317 3388/3388/3318 3328/3328/3262
f 3328/3328/3262 3388/3388/3318 3389/3389/3319 3329/3329/3263
f 3329/3329/3263 3389/3389/3319 3390/3390/3320 3330/3330/3264
f 3330/3330/3264 3390/3390/3320 3391/3391/3321 3331/3331/3265
f 3331/3331/3265 3391/3391/3321 3392/3392/3322 3332/3332/3266
f 3332/3332/3266 3392/3392/3322 3393/3393/3323 3333/3333/3267
f 3333/3333/3267 3393/3393/3323 3394/3394/3324 3334/3334/3268
f 3334/3334/3268 3394/3394/3324 3395/3395/3325 3335/3335/3269
f 3335/3335/3269 3395/3395/3325 3396/3396/3326 3336/3336/3270
f 3336/3336/3270 3396/3396/3326 3397/3397/3327 3337/3337/3271
f 3337/3337/3271 3397/3397/3327 3398/3398/3328 3338/3338/3272
f 3338/3338/3272 3398/3398/3328 3399/3399/3329 3339/3339/3273
f 3339/3339/3273 3399/3399/3329 3400/3400/3330 3340/3340/3274
f 3340/3340/3274 3400/3400/3330 3401/3401/3331 3341/3341/3275
f 3341/3341/3275 3401/3401/3331 3402/3402/3332 3342/3342/3276
f 3342/3342/3276 3402/3402/3332 3403/3403/3333 3343/3343/3277
f 3343/3343/3277 3403/3403/3333 3404/3404/3334 3344/3344/3278
f 3344/3344/3278 3404/3404/3334 3405/3405/3335 3345/3345/3279
f 3345/3345/3279 3405/3405/3335 3406/3406/3336 3346/3346/3280
f 3346/3346/3280 3406/3406/3336 3407/3407/3337 3347/3347/3281
f 3347/3347/3281 3407/3407/3337 3408/3408/3338 3348/3348/3282
f 3348/3348/3282 3408/3408/3338 3409/3409/3339 3349/3349/3283
f 3349/3349/3283 3409/3409/3339 3410/3410/3340 3350/3350/3284
f 3350/3350/3284 3410/3410/3340 3411/3411/3341 3351/3351/3285
f 3351/3351/3285 3411/3411/3341 3412/3412/3342 3352/3352/3286
f 3352/3352/3286 3412/3412/3342 3413/3413/3343 3353/3353/3287
f 3353/3353/3287 3413/3413/3343 3414/3414/3344 3354/3354/3288
f 3354/3354/3288 3414/3414/3344 3415/3415/3345 3355/3355/3289
f 3355/3355/3289 3415/3415/3345 3416/3416/3346 3356/3356/3290
f 3356/3356/3290 3416/3416/3346 3417/3417/3347 3357/3357/3291
f 3357/3357/3291 3417/3417/3347 3418/3418/3348 3358/3358/3292
f 3358/3358/3292 3418/3418/3348 3419/3419/2828 3359/3359/3293
f 3359/3359/3293 3419/3419/2828 3420/3420/15 3360/3360/3294
f 3360/3360/3294 3420/3420/15 3421/3421/15 3361/3361/15
f 3361/3361/15 3421/3421/15 3422/3422/15 3362/3362/15
f 3362/3362/15 3422/3422/15 3423/3423/15 3363/3363/15
f 3363/3363/15 3423/3423/15 3424/3424/15 3364/3364/15
f 3365/3365/3295 3425/3425/3349 3426/3426/3350 3366/3366/3296
f 3366/3366/3296 3426/3426/3350 3427/3427/3351 3367/3367/3297
f 3367/3367/3297 3427/3427/3351 3428/3428/3352 3368/3368/3298
f 3368/3368/3298 3428/3428/3352 3429/3429/3353 3369/3369/3299
f 3369/3369/3299 3429/3429/3353 3430/3430/3354 3370/3370/3300
f 3370/3370/3300 3430/3430/3354 3431/3431/3355 3371/3371/3301
f 3371/3371/3301 3431/3431/3355 3432/3432/3356 3372/3372/3302
f 3372/3372/3302 3432/3432/3356 3433/3433/3357 3373/3373/3303
f 3373/3373/3303 3433/3433/3357 3434/3434/3358 3374/3374/3304
f 3374/3374/3304 3434/3434/3358 3435/3435/3359 3375/3375/3305
f 3375/3375/3305 3435/3435/3359 3436/3436/3360 3376/3376/3306
f 3376/3376/3306 3436/3436/3360 3437/3437/3361 3377/3377/3307
f 3377/3377/3307 3437/3437/3361 3438/3438/3362 3378/3378/3308
f 3378/3378/3308 3438/3438/3362 3439/3439/3363 3379/3379/3309
f 3379/3379/3309 3439/3439/3363 3440/3440/3364 3380/3380/3310
f 3380/3380/3310 3440/3440/3364 3441/3441/3365 3381/3381/3311
f 3381/3381/3311 3441/3441/3365 3442/3442/3366 3382/3382/3312
f 3382/3382/3312 3442/3442/3366 3443/3443/3367 3383/3383/3313
f 3383/3383/3313 3443/3443/3367 3444/3444/3368 3384/3384/3314
f 3384/3384/3314 3444/3444/3368 3445/3445/3369 3385/3385/3315
f 3385/3385/3315 3445/3445/3369 3446/3446/3370 3386/3386/3316
f 3386/3386/3316 3446/3446/3370 3447/3447/3371 3387/3387/3317
f 3387/3387/3317 3447/3447/3371 3448/3448/3372 3388/3388/3318
f 3388/3388/3318 3448/3448/3372 3449/3449/3373 3389/3389/3319
f 3389/3389/3319 3449/3449/3373 3450/3450/3374 3390/3390/3320
f 3390/3390/3320 3450/3450/3374 3451/3451/3375 3391/3391/3321
f 3391/3391/3321 3451/3451/3375 3452/3452/3376 3392/3392/3322
f 3392/3392/3322 3452/3452/3376 3453/3453/3377 3393/3393/3323
f 3393/3393/3323 3453/3453/3377 3454/3454/3378 3394/3394/3324
f 3394/3394/3324 3454/3454/3378 3455/3455/3379 3395/3395/3325
f 3395/3395/3325 3455/3455/3379 3456/3456/3380 3396/3396/3326
f 3396/3396/3326 3456/3456/3380 3457/3457/3381 3397/3397/3327
f 3397/3397/3327 3457/3457/3381 3458/3458/3382 3398/3398/3328
f 3398/3398/3328 3458/3458/3382 3459/3459/3383 3399/3399/3329
f 3399/3399/3329 3459/3459/3383 3460/3460/3384 3400/3400/3330
f 3400/3400/3330 3460/3460/3384 3461/3461/3385 3401/3401/3331
f 3401/3401/3331 3461/3461/3385 3462/3462/3386 3402/3402/3332
f 3402/3402/3332 3462/3462/3386 3463/3463/3387 3403/3403/3333
f 3403/3403/3333 3463/3463/3387 3464/3464/3388 3404/3404/3334
f 3404/3404/3334 3464/3464/3388 3465/3465/3389 3405/3405/3335
f 3405/3405/3335 3465/3465/3389 3466/3466/3390 3406/3406/3336
f 3406/3406/3336 3466/3466/3390 3467/3467/3391 3407/3407/3337
f 3407/3407/3337 3467/3467/3391 3468/3468/3392 3408/3408/3338
f 3408/3408/3338 3468/3468/3392 3469/3469/3393 3409/3409/3339
f 3409/3409/3339 3469/3469/3393 3470/3470/3394 3410/3410/3340
f 3410/3410/3340 3470/3470/3394 3471/3471/3395 3411/3411/3341
f 3411/3411/3341 3471/3471/3395 3472/3472/3396 3412/3412/3342
f 3412/3412/3342 3472/3472/3396 3473/3473/3397 3413/3413/3343
f 3413/3413/3343 3473/3473/3397 3474/3474/3398 3414/3414/3344
f 3414/3414/3344 3474/3474/3398 3475/3475/3399 3415/3415/3345
f 3415/3415/3345 3475/3475/3399 3476/3476/3400 3416/3416/3346
f 3416/3416/3346 3476/3476/3400 3477/3477/3401 3417/3417/3347
f 3417/3417/3347 3477/3477/3401 3478/3478/3402 3418/3418/3348
f 3418/3418/3348 3478/3478/3402 3479/3479/15 3419/3419/2828
f 3419/3419/2828 3479/3479/15 3480/3480/15 3420/3420/15
f 3420/3420/15 3480/3480/15 3481/3481/15 3421/3421/15
f 3421/3421/15 3481/3481/15 3482/3482/15 3422/3422/15
f 3422/3422/15 3482/3482/15 3483/3483/15 3423/3423/15
f 3423/3423/15 3483/3483/15 3484/3484/15 3424/3424/15
f 3425/3425/3349 3485/3485/3403 3486/3486/3404 3426/3426/3350
f 3426/3426/3350 3486/3486/3404 3487/3487/3405 3427/3427/3351
f 3427/3427/3351 3487/3487/3405 3488/3488/3406 3428/3428/3352
f 3428/3428/3352 3488/3488/3406 3489/3489/3407 3429/3429/3353
f 3429/3429/3353 3489/3489/3407 3490/3490/3408 3430/3430/3354
f 3430/3430/3354 3490/3490/3408 3491/3491/3409 3431/3431/3355
f 3431/3431/3355 3491/3491/3409 3492/3492/3410 3432/3432/3356
f 3432/3432/3356 3492/3492/3410 3493/3493/3411 3433/3433/3357
f 3433/3433/3357 3493/3493/3411 3494/3494/3412 3434/3434/3358
f 3434/3434/3358 3494/3494/3412 3495/3495/3413 3435/3435/3359
f 3435/3435/3359 3495/3495/3413 3496/3496/3414 3436/3436/3360
f 3436/3436/3360 3496/3496/3414 3497/3497/3415 3437/3437/3361
f 3437/3437/3361 3497/3497/3415 3498/3498/3416 3438/3438/3362
f 3438/3438/3362 3498/3498/3416 3499/3499/3417 3439/3439/3363
f 3439/3439/3363 3499/3499/3417 3500/3500/3418 3440/3440/3364
f 3440/3440/3364 3500/3500/3418 3501/3501/3419 3441/3441/3365
f 3441/3441/3365 3501/3501/3419 3502/3502/3420 3442/3442/3366
f 3442/3442/3366 3502/3502/3420 3503/3503/3421 3443/3443/3367
f 3443/3443/3367 3503/3503/3421 3504/3504/3422 3444/3444/3368
f 3444/3444/3368 3504/3504/3422 3505/3505/3423 3445/3445/3369
f 3445/3445/3369 3505/3505/3423 3506/3506/3424 3446/3446/3370
f 3446/3446/3370 3506/3506/3424 3507/3507/3425 3447/3447/3371
f 3447/3447/3371 3507/3507/3425 3508/3508/3426 3448/3448/3372
f 3448/3448/3372 3508/3508/3426 3509/3509/3427 3449/3449/3373
f 3449/3449/3373 3509/3509/3427 3510/3510/3428 3450/3450/3374
f 3450/3450/3374 3510/3510/3428 3511/3511/3429 3451/3451/3375
f 3451/3451/3375 3511/3511/3429 3512/3512/3430 3452/3452/3376
f 3452/3452/3376 3512/3512/3430 3513/3513/3431 3453/3453/3377
f 3453/3453/3377 3513/3513/3431 3514/3514/3432 3454/3454/3378
f 3454/3454/3378 3514/3514/3432 3515/3515/3433 3455/3455/3379
f 3455/3455/3379 3515/3515/3433 3516/3516/3434 3456/3456/3380
f 3456/3456/3380 3516/3516/3434 3517/3517/3435 3457/3457/3381
f 3457/3457/3381 3517/3517/3435 3518/3518/3436 3458/3458/3382
f 3458/3458/3382 3518/3518/3436 3519/3519/3437 3459/3459/3383
f 3459/3459/3383 3519/3519/3437 3520/3520/3438 3460/3460/3384
f 3460/3460/3384 3520/3520/3438 3521/3521/3439 3461/3461/3385
f 3461/3461/3385 3521/3521/3439 3522/3522/3440 3462/3462/3386
f 3462/3462/3386 3522/3522/3440 3523/3523/3441 3463/3463/3387
f 3463/3463/3387 3523/3523/3441 3524/3524/3442 3464/3464/3388
f 3464/3464/3388 3524/3524/3442 3525/3525/3443 3465/3465/3389
f 3465/3465/3389 3525/3525/3443 3526/3526/3444 3466/3466/3390
f 3466/3466/3390 3526/3526/3444 3527/3527/3445 3467/3467/3391
f 3467/3467/3391 3527/3527/3445 3528/3528/3446 3468/3468/3392
f 3468/3468/3392 3528/3528/3446 3529/3529/3447 3469/3469/3393
f 3469/3469/3393 3529/3529/3447 3530/3530/3448 3470/3470/3394
f 3470/3470/3394 3530/3530/3448 3531/3531/3449 3471/3471/3395
f 3471/3471/3395 3531/3531/3449 3532/3532/3450 3472/3472/3396
f 3472/3472/3396 3532/3532/3450 3533/3533/3451 3473/3473/3397
f 3473/3473/3397 3533/3533/3451 3534/3534/3452 3474/3474/3398
f 3474/3474/3398 3534/3534/3452 3535/3535/3453 3475/3475/3399
f 3475/3475/3399 3535/3535/3453 3536/3536/3181 3476/3476/3400
f 3476/3476/3400 3536/3536/3181 3537/3537/15 3477/3477/3401
f 3477/3477/3401 3537/3537/15 3538/3538/15 3478/3478/3402
f 3478/3478/3402 3538/3538/15 3539/3539/15 3479/3479/15
f 3479/3479/15 3539/3539/15 3540/3540/15 3480/3480/15
f 3480/3480/15 3540/3540/15 3541/3541/15 3481/3481/15
f 3481/3481/15 3541/3541/15 3542/3542/15 3482/3482/15
f 3482/3482/15 3542/3542/15 3543/3543/15 3483/3483/15
f 3483/3483/15 3543/3543/15 3544/3544/15 3484/3484/15
f 3485/3485/3403 3545/3545/3454 3546/3546/3455 3486/3486/3404
f 3486/3486/3404 3546/3546/3455 3547/3547/3456 3487/3487/3405
f 3487/3487/3405 3547/3547/3456 3548/3548/3457 3488/3488/3406
f 3488/3488/3406 3548/3548/3457 3549/3549/3458 3489/3489/3407
f 3489/3489/3407 3549/3549/3458 3550/3550/3459 3490/3490/3408
f 3490/3490/3408 3550/3550/3459 3551/3551/3460 3491/3491/3409
f 3491/3491/3409 3551/3551/3460 3552/3552/3461 3492/3492/3410
f 3492/3492/3410 3552/3552/3461 3553/3553/3462 3493/3493/3411
f 3493/3493/3411 3553/3553/3462 3554/3554/3463 3494/3494/3412
f 3494/3494/3412 3554/3554/3463 3555/3555/3464 3495/3495/3413
f 3495/3495/3413 3555/3555/3464 3556/3556/3465 3496/3496/3414
f 3496/3496/3414 3556/3556/3465 3557/3557/3466 3497/3497/3415
f 3497/3497/3415 3557/3557/3466 3558/3558/3467 3498/3498/3416
f 3498/3498/3416 3558/3558/3467 3559/3559/3468 3499/3499/3417
f 3499/3499/3417 3559/3559/3468 3560/3560/3469 3500/3500/3418
f 3500/3500/3418 3560/3560/3469 3561/3561/3470 3501/3501/3419
f 3501/3501/3419 3561/3561/3470 3562/3562/3471 3502/3502/3420
f 3502/3502/3420 3562/3562/3471 3563/3563/3472 3503/3503/3421
f 3503/3503/3421 3563/3563/3472 3564/3564/3473 3504/3504/3422
f 3504/3504/3422 3564/3564/3473 3565/3565/3474 3505/3505/3423
f 3505/3505/3423 3565/3565/3474 3566/3566/3475 3506/3506/3424
f 3506/3506/3424 3566/3566/3475 3567/3567/3476 3507/3507/3425
f 3507/3507/3425 3567/3567/3476 3568/3568/3477 3508/3508/3426
f 3508/3508/3426 3568/3568/3477 3569/3569/3478 3509/3509/3427
f 3509/3509/3427 3569/3569/3478 3570/3570/3479 3510/3510/3428
f 3510/3510/3428 3570/3570/3479 3571/3571/3480 3511/3511/3429
f 3511/3511/3429 3571/3571/3480 3572/3572/3481 3512/3512/3430
f 3512/3512/3430 3572/3572/3481 3573/3573/3482 3513/3513/3431
f 3513/3513/3431 3573/3573/3482 3574/3574/3483 3514/3514/3432
f 3514/3514/3432 3574/3574/3483 3575/3575/3484 3515/3515/3433
f 3515/3515/3433 3575/3575/3484 3576/3576/3485 3516/3516/3434
f 3516/3516/3434 3576/3576/3485 3577/3577/3486 3517/3517/3435
f 3517/3517/3435 3577/3577/3486 3578/3578/3487 3518/3518/3436
f 3518/3518/3436 3578/3578/3487 3579/3579/3488 3519/3519/3437
f 3519/3519/3437 3579/3579/3488 3580/3580/3489 3520/3520/3438
f 3520/3520/3438 3580/3580/3489 3581/3581/3490 3521/3521/3439
f 3521/3521/3439 3581/3581/3490 3582/3582/3491 3522/3522/3440
f 3522/3522/3440 3582/3582/3491 3583/3583/3492 3523/3523/3441
f 3523/3523/3441 3583/3583/3492 3584/3584/3493 3524/3524/3442
f 3524/3524/3442 3584/3584/3493 3585/3585/3494 3525/3525/3443
f 3525/3525/3443 3585/3585/3494 3586/3586/3495 3526/3526/3444
f 3526/3526/3444 3586/3586/3495 3587/3587/3496 3527/3527/3445
f 3527/3527/3445 3587/3587/3496 3588/3588/3497 3528/3528/3446
f 3528/3528/3446 3588/3588/3497 3589/3589/3498 3529/3529/3447
f 3529/3529/3447 3589/3589/3498 3590/3590/3499 3530/3530/3448
f 3530/3530/3448 3590/3590/3499 3591/3591/3500 3531/3531/3449
f 3531/3531/3449 3591/3591/3500 3592/3592/3501 3532/3532/3450
f 3532/3532/3450 3592/3592/3501 3593/3593/2888 3533/3533/3451
f 3533/3533/3451 3593/3593/2888 3594/3594/15 3534/3534/3452
f 3534/3534/3452 3594/3594/15 3595/3595/15 3535/3535/3453
f 3535/3535/3453 3595/3595/15 3596/3596/15 3536/3536/3181
f 3536/3536/3181 3596/3596/15 3597/3597/15 3537/3537/15
f 3537/3537/15 3597/3597/15 3598/3598/15 3538/3538/15
f 3538/3538/15 3598/3598/15 3599/3599/15 3539/3539/15
f 3539/3539/15 3599/3599/15 3600/3600/15 3540/3540/15
f 3540/3540/15 3600/3600/15 3601/3601/15 3541/3541/15
f 3541/3541/15 3601/3601/15 3602/3602/15 3542/3542/15
f 3542/3542/15 3602/3602/15 3603/3603/15 3543/3543/15
f 3543/3543/15 3603/3603/15 3604/3604/15 3544/3544/15
